{
  "trial_id": 214,
  "config": {
    "model_type": "coxnet",
    "model_params": {
      "l1_ratio": 0.9957739691720746,
      "alpha_min_ratio": 0.09951208566735434,
      "n_alphas": 281,
      "max_iter": 1607,
      "tol": 5.606299108678816e-06
    },
    "seed": 42,
    "cv_n_splits": 5,
    "cv_n_repeats": 10,
    "preprocessing_config": {
      "eps": 1e-06,
      "min_speed": 0.01,
      "max_hours": 9999.0
    }
  },
  "result": {
    "c_index": 0.9390775091089765,
    "mean_brier": 0.025766568750478492,
    "hybrid_score": 0.9636866546073579,
    "std_c_index": 0.0025016094412117496,
    "std_mean_brier": 0.0007736182988183444,
    "std_hybrid": 0.001112489612655302
  }
}