{
  "trial_id": 52,
  "config": {
    "model_type": "coxnet",
    "model_params": {
      "l1_ratio": 0.7662592110062213,
      "alpha_min_ratio": 0.01902682959220752,
      "n_alphas": 235,
      "max_iter": 174,
      "tol": 2.973617865459009e-05
    },
    "seed": 42,
    "cv_n_splits": 5,
    "cv_n_repeats": 10,
    "preprocessing_config": {
      "eps": 1e-06,
      "min_speed": 0.01,
      "max_hours": 9999.0
    }
  },
  "result": {
    "c_index": 0.9288009274594238,
    "mean_brier": 0.028142700521334708,
    "hybrid_score": 0.9589403878728928,
    "std_c_index": 0.00834019833031301,
    "std_mean_brier": 0.0030893775209976963,
    "std_hybrid": 0.004579299911794121
  }
}