{
  "trial_id": 98,
  "config": {
    "model_type": "coxnet",
    "model_params": {
      "l1_ratio": 0.1804428460518473,
      "alpha_min_ratio": 0.00100748935010803,
      "n_alphas": 273,
      "max_iter": 17486,
      "tol": 1.8558765677617932e-05
    },
    "seed": 42,
    "cv_n_splits": 5,
    "cv_n_repeats": 10,
    "preprocessing_config": {
      "eps": 1e-06,
      "min_speed": 0.01,
      "max_hours": 9999.0
    }
  },
  "result": {
    "c_index": 0.9281467373302419,
    "mean_brier": 0.03613108348719839,
    "hybrid_score": 0.9531522627580337,
    "std_c_index": 0.011077404497369879,
    "std_mean_brier": 0.005040031471796478,
    "std_hybrid": 0.005800466996278129
  }
}