{
  "trial_id": 178,
  "config": {
    "model_type": "gbsa",
    "model_params": {
      "loss": "coxph",
      "n_estimators": 404,
      "learning_rate": 0.10953753179948922,
      "subsample": 0.6980550628512346,
      "max_depth": 3,
      "max_features": "sqrt",
      "max_leaf_nodes": 8,
      "min_samples_split": 19,
      "min_samples_leaf": 5,
      "min_weight_fraction_leaf": 0.0,
      "min_impurity_decrease": 0.048825134310672695,
      "criterion": "friedman_mse",
      "ccp_alpha": 2.600131393715391e-05,
      "dropout_rate": 0.08160379812072058,
      "validation_fraction": 0.28214712634766587,
      "n_iter_no_change": null,
      "tol": 0.0006112721562030594,
      "random_state": 777,
      "warm_start": false,
      "verbose": 0
    },
    "seed": 777,
    "cv_n_splits": 5,
    "cv_n_repeats": 10,
    "preprocessing_config": {
      "eps": 1e-06,
      "min_speed": 0.01,
      "max_hours": 9999.0
    }
  },
  "result": {
    "c_index": 0.9398476316661146,
    "mean_brier": 0.10473186160779854,
    "hybrid_score": 0.9086419863743753,
    "std_c_index": 0.0024989079405625717,
    "std_mean_brier": 0.007116217742216433,
    "std_hybrid": 0.005033102148419846
  }
}