{
  "trial_id": 127,
  "config": {
    "model_type": "coxnet",
    "model_params": {
      "l1_ratio": 0.61709196348241,
      "alpha_min_ratio": 0.001933340499557225,
      "n_alphas": 239,
      "max_iter": 2000,
      "tol": 1.451172743317411e-05
    },
    "seed": 777,
    "cv_n_splits": 5,
    "cv_n_repeats": 10,
    "preprocessing_config": {
      "eps": 1e-06,
      "min_speed": 0.01,
      "max_hours": 9999.0
    }
  },
  "result": {
    "c_index": 0.9186734017886717,
    "mean_brier": 0.04102312828854336,
    "hybrid_score": 0.9468858307346212,
    "std_c_index": 0.012589806447751492,
    "std_mean_brier": 0.0073447059921615465,
    "std_hybrid": 0.0076702483366538725
  }
}