{
  "trial_id": 233,
  "config": {
    "model_type": "coxnet",
    "model_params": {
      "l1_ratio": 0.8741118817882423,
      "alpha_min_ratio": 0.04774167804616038,
      "n_alphas": 183,
      "max_iter": 1650,
      "tol": 2.5697042004899594e-05
    },
    "seed": 42,
    "cv_n_splits": 5,
    "cv_n_repeats": 10,
    "preprocessing_config": {
      "eps": 1e-06,
      "min_speed": 0.01,
      "max_hours": 9999.0
    }
  },
  "result": {
    "c_index": 0.9375621066578337,
    "mean_brier": 0.026104262567619628,
    "hybrid_score": 0.9629956482000164,
    "std_c_index": 0.004402909916548007,
    "std_mean_brier": 0.002371888830424298,
    "std_hybrid": 0.002845833632183537
  }
}