{
  "trial_id": 276,
  "config": {
    "model_type": "coxnet",
    "model_params": {
      "l1_ratio": 0.7147001332489804,
      "alpha_min_ratio": 0.016325942742601397,
      "n_alphas": 295,
      "max_iter": 18104,
      "tol": 7.478395578780942e-05
    },
    "seed": 1024,
    "cv_n_splits": 5,
    "cv_n_repeats": 10,
    "preprocessing_config": {
      "eps": 1e-06,
      "min_speed": 0.01,
      "max_hours": 9999.0
    }
  },
  "result": {
    "c_index": 0.928262669758198,
    "mean_brier": 0.029340158641485092,
    "hybrid_score": 0.9579406898784197,
    "std_c_index": 0.006723657585434756,
    "std_mean_brier": 0.003239056628833306,
    "std_hybrid": 0.004150040718430514
  }
}