{
  "trial_id": 211,
  "config": {
    "model_type": "coxnet",
    "model_params": {
      "l1_ratio": 0.8236292425067849,
      "alpha_min_ratio": 0.05464974008880573,
      "n_alphas": 287,
      "max_iter": 15382,
      "tol": 4.451124053060357e-05
    },
    "seed": 2023,
    "cv_n_splits": 5,
    "cv_n_repeats": 10,
    "preprocessing_config": {
      "eps": 1e-06,
      "min_speed": 0.01,
      "max_hours": 9999.0
    }
  },
  "result": {
    "c_index": 0.9355498509440212,
    "mean_brier": 0.0261240245869382,
    "hybrid_score": 0.9623781380723496,
    "std_c_index": 0.002664349079627608,
    "std_mean_brier": 0.0008997494045732545,
    "std_hybrid": 0.0012137390795501051
  }
}