{
  "trial_id": 214,
  "config": {
    "model_type": "gbsa",
    "model_params": {
      "loss": "coxph",
      "n_estimators": 307,
      "learning_rate": 0.15672211431716396,
      "subsample": 0.8228361885747839,
      "max_depth": 1,
      "max_features": 0.7,
      "max_leaf_nodes": 63,
      "min_samples_split": 20,
      "min_samples_leaf": 3,
      "min_weight_fraction_leaf": 0.0,
      "min_impurity_decrease": 0.015220885191360289,
      "criterion": "friedman_mse",
      "ccp_alpha": 0.002839315904824243,
      "dropout_rate": 0.09766894742057775,
      "validation_fraction": 0.26127414602740023,
      "n_iter_no_change": null,
      "tol": 0.0018853707016874305,
      "random_state": 1024,
      "warm_start": false,
      "verbose": 0
    },
    "seed": 1024,
    "cv_n_splits": 5,
    "cv_n_repeats": 10,
    "preprocessing_config": {
      "eps": 1e-06,
      "min_speed": 0.01,
      "max_hours": 9999.0
    }
  },
  "result": {
    "c_index": 0.9028279231533618,
    "mean_brier": 0.08917069811968484,
    "hybrid_score": 0.9084288882622291,
    "std_c_index": 0.006705562273105507,
    "std_mean_brier": 0.0048738008612078275,
    "std_hybrid": 0.0030183779101977237
  }
}