{
  "trial_id": 110,
  "config": {
    "model_type": "coxnet",
    "model_params": {
      "l1_ratio": 0.8349122341680529,
      "alpha_min_ratio": 0.08990770989621116,
      "n_alphas": 126,
      "max_iter": 18063,
      "tol": 2.5227157674359307e-08
    },
    "seed": 1024,
    "cv_n_splits": 5,
    "cv_n_repeats": 10,
    "preprocessing_config": {
      "eps": 1e-06,
      "min_speed": 0.01,
      "max_hours": 9999.0
    }
  },
  "result": {
    "c_index": 0.9371397813845646,
    "mean_brier": 0.026397900863615813,
    "hybrid_score": 0.9626634038108384,
    "std_c_index": 0.0037251939458128637,
    "std_mean_brier": 0.0008047182108670682,
    "std_hybrid": 0.0016109633538469372
  }
}