{
  "trial_id": 11,
  "config": {
    "model_type": "coxnet",
    "model_params": {
      "l1_ratio": 0.8081517130189408,
      "alpha_min_ratio": 0.0025677373169000206,
      "n_alphas": 253,
      "max_iter": 8401,
      "tol": 1.3827973550624999e-05
    },
    "seed": 777,
    "cv_n_splits": 5,
    "cv_n_repeats": 10,
    "preprocessing_config": {
      "eps": 1e-06,
      "min_speed": 0.01,
      "max_hours": 9999.0
    }
  },
  "result": {
    "c_index": 0.9195842994368997,
    "mean_brier": 0.04042343897657339,
    "hybrid_score": 0.9475788825474684,
    "std_c_index": 0.010289945159711777,
    "std_mean_brier": 0.006875413702487035,
    "std_hybrid": 0.006627780529965637
  }
}