{
  "trial_id": 199,
  "config": {
    "model_type": "coxnet",
    "model_params": {
      "l1_ratio": 0.9919202333611382,
      "alpha_min_ratio": 0.07084740622787544,
      "n_alphas": 283,
      "max_iter": 16718,
      "tol": 6.0070866674961255e-05
    },
    "seed": 1024,
    "cv_n_splits": 5,
    "cv_n_repeats": 10,
    "preprocessing_config": {
      "eps": 1e-06,
      "min_speed": 0.01,
      "max_hours": 9999.0
    }
  },
  "result": {
    "c_index": 0.9359804571050017,
    "mean_brier": 0.025663564797287337,
    "hybrid_score": 0.9628296417733992,
    "std_c_index": 0.003495172302019012,
    "std_mean_brier": 0.0007957565060124525,
    "std_hybrid": 0.0015065842602660748
  }
}