{
  "trial_id": 29,
  "config": {
    "model_type": "coxnet",
    "model_params": {
      "l1_ratio": 0.9863220750594053,
      "alpha_min_ratio": 0.07967761559646161,
      "n_alphas": 298,
      "max_iter": 17906,
      "tol": 2.138426174069894e-08
    },
    "seed": 2023,
    "cv_n_splits": 5,
    "cv_n_repeats": 10,
    "preprocessing_config": {
      "eps": 1e-06,
      "min_speed": 0.01,
      "max_hours": 9999.0
    }
  },
  "result": {
    "c_index": 0.935839682013912,
    "mean_brier": 0.025771292241563805,
    "hybrid_score": 0.962712000035079,
    "std_c_index": 0.002797371628194205,
    "std_mean_brier": 0.0008038024810304061,
    "std_hybrid": 0.0012491044419199126
  }
}