{
  "trial_id": 53,
  "config": {
    "model_type": "coxnet",
    "model_params": {
      "l1_ratio": 0.07159268521207918,
      "alpha_min_ratio": 0.0006267603475846038,
      "n_alphas": 193,
      "max_iter": 2615,
      "tol": 9.472828606574343e-05
    },
    "seed": 2023,
    "cv_n_splits": 5,
    "cv_n_repeats": 10,
    "preprocessing_config": {
      "eps": 1e-06,
      "min_speed": 0.01,
      "max_hours": 9999.0
    }
  },
  "result": {
    "c_index": 0.9204041073203049,
    "mean_brier": 0.03916646636746074,
    "hybrid_score": 0.948704705738869,
    "std_c_index": 0.018074194155775828,
    "std_mean_brier": 0.008030924955501397,
    "std_hybrid": 0.01071591923041333
  }
}