{
  "trial_id": 0,
  "config": {
    "model_type": "gbsa",
    "model_params": {
      "loss": "coxph",
      "n_estimators": 195,
      "learning_rate": 0.1119151214601732,
      "subsample": 0.794026127725237,
      "max_depth": 1,
      "max_features": 0.3,
      "max_leaf_nodes": null,
      "min_samples_split": 8,
      "min_samples_leaf": 4,
      "min_weight_fraction_leaf": 0.0,
      "min_impurity_decrease": 0.019549570056996063,
      "criterion": "friedman_mse",
      "ccp_alpha": 1.77638653608084e-08,
      "dropout_rate": 0.28243082445923673,
      "validation_fraction": 0.14069229837461217,
      "n_iter_no_change": 5,
      "tol": 0.00023162299536553073,
      "random_state": 2023,
      "warm_start": false,
      "verbose": 0
    },
    "seed": 2023,
    "cv_n_splits": 5,
    "cv_n_repeats": 10,
    "preprocessing_config": {
      "eps": 1e-06,
      "min_speed": 0.01,
      "max_hours": 9999.0
    }
  },
  "result": {
    "c_index": 0.912280556475654,
    "mean_brier": 0.18628420104681753,
    "hybrid_score": 0.8432852262099239,
    "std_c_index": 0.009461058263736598,
    "std_mean_brier": 0.010527874026434998,
    "std_hybrid": 0.007352524973300013
  }
}