{
  "trial_id": 180,
  "config": {
    "model_type": "coxnet",
    "model_params": {
      "l1_ratio": 0.8286455961495797,
      "alpha_min_ratio": 0.03328065779503203,
      "n_alphas": 68,
      "max_iter": 9211,
      "tol": 8.000680054515153e-08
    },
    "seed": 1024,
    "cv_n_splits": 5,
    "cv_n_repeats": 10,
    "preprocessing_config": {
      "eps": 1e-06,
      "min_speed": 0.01,
      "max_hours": 9999.0
    }
  },
  "result": {
    "c_index": 0.9340924147068564,
    "mean_brier": 0.02617994246573891,
    "hybrid_score": 0.9619017646860397,
    "std_c_index": 0.003300003885141845,
    "std_mean_brier": 0.0012753280783347003,
    "std_hybrid": 0.0015342726106882876
  }
}