{
  "trial_id": 62,
  "config": {
    "model_type": "coxnet",
    "model_params": {
      "l1_ratio": 0.8298807464424737,
      "alpha_min_ratio": 0.07323191925985612,
      "n_alphas": 257,
      "max_iter": 804,
      "tol": 1.341367582385181e-06
    },
    "seed": 42,
    "cv_n_splits": 5,
    "cv_n_repeats": 10,
    "preprocessing_config": {
      "eps": 1e-06,
      "min_speed": 0.01,
      "max_hours": 9999.0
    }
  },
  "result": {
    "c_index": 0.9393507784034447,
    "mean_brier": 0.02581609378637737,
    "hybrid_score": 0.9637339678705693,
    "std_c_index": 0.002519949100951342,
    "std_mean_brier": 0.0008510152968182689,
    "std_hybrid": 0.001172019939579318
  }
}