{
  "trial_id": 21,
  "config": {
    "model_type": "gbsa",
    "model_params": {
      "loss": "coxph",
      "n_estimators": 170,
      "learning_rate": 0.04330053469257645,
      "subsample": 0.5189607136284076,
      "max_depth": 4,
      "max_features": 1.0,
      "max_leaf_nodes": null,
      "min_samples_split": 12,
      "min_samples_leaf": 20,
      "min_weight_fraction_leaf": 0.0,
      "min_impurity_decrease": 0.04052869515267504,
      "criterion": "friedman_mse",
      "ccp_alpha": 2.843749652535225e-06,
      "dropout_rate": 0.049551627533956644,
      "validation_fraction": 0.15708417123167853,
      "n_iter_no_change": 10,
      "tol": 0.002211479701065594,
      "random_state": 1024,
      "warm_start": false,
      "verbose": 0
    },
    "seed": 1024,
    "cv_n_splits": 5,
    "cv_n_repeats": 10,
    "preprocessing_config": {
      "eps": 1e-06,
      "min_speed": 0.01,
      "max_hours": 9999.0
    }
  },
  "result": {
    "c_index": 0.9035980457105002,
    "mean_brier": 0.13301282853730187,
    "hybrid_score": 0.8779704337370386,
    "std_c_index": 0.006860905371762835,
    "std_mean_brier": 0.007837910229841412,
    "std_hybrid": 0.006126371730857745
  }
}