{
  "trial_id": 288,
  "config": {
    "model_type": "coxnet",
    "model_params": {
      "l1_ratio": 0.5954762138908047,
      "alpha_min_ratio": 0.03556242662800575,
      "n_alphas": 291,
      "max_iter": 19115,
      "tol": 2.569462394836967e-08
    },
    "seed": 42,
    "cv_n_splits": 5,
    "cv_n_repeats": 10,
    "preprocessing_config": {
      "eps": 1e-06,
      "min_speed": 0.01,
      "max_hours": 9999.0
    }
  },
  "result": {
    "c_index": 0.936046704206691,
    "mean_brier": 0.026849546950733133,
    "hybrid_score": 0.9620193283964941,
    "std_c_index": 0.004818743833219275,
    "std_mean_brier": 0.0025785526290241253,
    "std_hybrid": 0.003146393761268535
  }
}