{
  "trial_id": 157,
  "config": {
    "model_type": "coxnet",
    "model_params": {
      "l1_ratio": 0.9921452769427275,
      "alpha_min_ratio": 0.07237489143384315,
      "n_alphas": 171,
      "max_iter": 13028,
      "tol": 8.954981476706005e-08
    },
    "seed": 2023,
    "cv_n_splits": 5,
    "cv_n_repeats": 10,
    "preprocessing_config": {
      "eps": 1e-06,
      "min_speed": 0.01,
      "max_hours": 9999.0
    }
  },
  "result": {
    "c_index": 0.9358893673401789,
    "mean_brier": 0.02569223828771604,
    "hybrid_score": 0.9627822434006523,
    "std_c_index": 0.0026658285625224005,
    "std_mean_brier": 0.0008496842647897619,
    "std_hybrid": 0.001258019536925564
  }
}