{
  "trial_id": 242,
  "config": {
    "model_type": "gbsa",
    "model_params": {
      "loss": "coxph",
      "n_estimators": 272,
      "learning_rate": 0.18566805115366486,
      "subsample": 0.6082185878010923,
      "max_depth": 2,
      "max_features": null,
      "max_leaf_nodes": 31,
      "min_samples_split": 2,
      "min_samples_leaf": 10,
      "min_weight_fraction_leaf": 0.0,
      "min_impurity_decrease": 0.046267728741774386,
      "criterion": "friedman_mse",
      "ccp_alpha": 0.020340569143038088,
      "dropout_rate": 0.07185778686607579,
      "validation_fraction": 0.1431864290697521,
      "n_iter_no_change": null,
      "tol": 1.4561863044305162e-05,
      "random_state": 1024,
      "warm_start": false,
      "verbose": 0
    },
    "seed": 1024,
    "cv_n_splits": 5,
    "cv_n_repeats": 10,
    "preprocessing_config": {
      "eps": 1e-06,
      "min_speed": 0.01,
      "max_hours": 9999.0
    }
  },
  "result": {
    "c_index": 0.9357278900298113,
    "mean_brier": 0.06295008545082956,
    "hybrid_score": 0.9366533071933626,
    "std_c_index": 0.00366119435661889,
    "std_mean_brier": 0.0034301041532816498,
    "std_hybrid": 0.0029690225906764574
  }
}