{
  "trial_id": 135,
  "config": {
    "model_type": "coxnet",
    "model_params": {
      "l1_ratio": 0.7539065575346887,
      "alpha_min_ratio": 0.030464010286803074,
      "n_alphas": 134,
      "max_iter": 14062,
      "tol": 4.331308735185863e-06
    },
    "seed": 777,
    "cv_n_splits": 5,
    "cv_n_repeats": 10,
    "preprocessing_config": {
      "eps": 1e-06,
      "min_speed": 0.01,
      "max_hours": 9999.0
    }
  },
  "result": {
    "c_index": 0.9309953627028816,
    "mean_brier": 0.028535842601678206,
    "hybrid_score": 0.9593235189896898,
    "std_c_index": 0.006008872550124883,
    "std_mean_brier": 0.003188244296764081,
    "std_hybrid": 0.003531760621061548
  }
}