{
  "trial_id": 213,
  "config": {
    "model_type": "coxnet",
    "model_params": {
      "l1_ratio": 0.9982001156199724,
      "alpha_min_ratio": 0.06948640057759271,
      "n_alphas": 279,
      "max_iter": 1559,
      "tol": 2.376102625272196e-06
    },
    "seed": 42,
    "cv_n_splits": 5,
    "cv_n_repeats": 10,
    "preprocessing_config": {
      "eps": 1e-06,
      "min_speed": 0.01,
      "max_hours": 9999.0
    }
  },
  "result": {
    "c_index": 0.9390775091089765,
    "mean_brier": 0.025040496473638603,
    "hybrid_score": 0.9641949052011458,
    "std_c_index": 0.0023986145523829136,
    "std_mean_brier": 0.0008890181965756431,
    "std_hybrid": 0.0012113500144605627
  }
}