{
  "trial_id": 294,
  "config": {
    "model_type": "coxnet",
    "model_params": {
      "l1_ratio": 0.8480669255071059,
      "alpha_min_ratio": 0.030719544693630717,
      "n_alphas": 300,
      "max_iter": 17816,
      "tol": 1.879875221656996e-05
    },
    "seed": 42,
    "cv_n_splits": 5,
    "cv_n_repeats": 10,
    "preprocessing_config": {
      "eps": 1e-06,
      "min_speed": 0.01,
      "max_hours": 9999.0
    }
  },
  "result": {
    "c_index": 0.9343905266644585,
    "mean_brier": 0.026485420194144783,
    "hybrid_score": 0.9617773638634362,
    "std_c_index": 0.0062800638568480845,
    "std_mean_brier": 0.002987311521440496,
    "std_hybrid": 0.0039288594646553696
  }
}