{
  "trial_id": 66,
  "config": {
    "model_type": "gbsa",
    "model_params": {
      "loss": "coxph",
      "n_estimators": 287,
      "learning_rate": 0.06709241357231907,
      "subsample": 0.6798237870730961,
      "max_depth": 3,
      "max_features": 0.7,
      "max_leaf_nodes": 8,
      "min_samples_split": 6,
      "min_samples_leaf": 8,
      "min_weight_fraction_leaf": 0.0,
      "min_impurity_decrease": 0.016421154368541382,
      "criterion": "friedman_mse",
      "ccp_alpha": 0.02156759389988452,
      "dropout_rate": 0.036028194712241855,
      "validation_fraction": 0.1924631803266834,
      "n_iter_no_change": 5,
      "tol": 0.001773576683860373,
      "random_state": 777,
      "warm_start": false,
      "verbose": 0
    },
    "seed": 777,
    "cv_n_splits": 5,
    "cv_n_repeats": 10,
    "preprocessing_config": {
      "eps": 1e-06,
      "min_speed": 0.01,
      "max_hours": 9999.0
    }
  },
  "result": {
    "c_index": 0.9039831069890691,
    "mean_brier": 0.09368500693482915,
    "hybrid_score": 0.9056154272423402,
    "std_c_index": 0.006872538155805524,
    "std_mean_brier": 0.006743600388026092,
    "std_hybrid": 0.0049745558212556575
  }
}