{
  "trial_id": 171,
  "config": {
    "model_type": "coxnet",
    "model_params": {
      "l1_ratio": 0.8917117644201192,
      "alpha_min_ratio": 0.044693873357604844,
      "n_alphas": 222,
      "max_iter": 16648,
      "tol": 1.4266464872741337e-05
    },
    "seed": 42,
    "cv_n_splits": 5,
    "cv_n_repeats": 10,
    "preprocessing_config": {
      "eps": 1e-06,
      "min_speed": 0.01,
      "max_hours": 9999.0
    }
  },
  "result": {
    "c_index": 0.9377442861874792,
    "mean_brier": 0.025999710840547134,
    "hybrid_score": 0.9631234882678609,
    "std_c_index": 0.004477012755528686,
    "std_mean_brier": 0.0025999891144093817,
    "std_hybrid": 0.0030252494966824996
  }
}