{
  "trial_id": 66,
  "config": {
    "model_type": "coxnet",
    "model_params": {
      "l1_ratio": 0.9759617095532769,
      "alpha_min_ratio": 0.07998260783429358,
      "n_alphas": 217,
      "max_iter": 10603,
      "tol": 1.6049786097708258e-07
    },
    "seed": 2023,
    "cv_n_splits": 5,
    "cv_n_repeats": 10,
    "preprocessing_config": {
      "eps": 1e-06,
      "min_speed": 0.01,
      "max_hours": 9999.0
    }
  },
  "result": {
    "c_index": 0.93589764822789,
    "mean_brier": 0.02579047097778362,
    "hybrid_score": 0.9627159647839184,
    "std_c_index": 0.002752059313280557,
    "std_mean_brier": 0.0007959964202676329,
    "std_hybrid": 0.0012347555260730217
  }
}