{
  "trial_id": 260,
  "config": {
    "model_type": "gbsa",
    "model_params": {
      "loss": "coxph",
      "n_estimators": 286,
      "learning_rate": 0.08994912941521516,
      "subsample": 0.5943361362121646,
      "max_depth": 4,
      "max_features": "sqrt",
      "max_leaf_nodes": 31,
      "min_samples_split": 2,
      "min_samples_leaf": 5,
      "min_weight_fraction_leaf": 0.0,
      "min_impurity_decrease": 0.03078937016160949,
      "criterion": "friedman_mse",
      "ccp_alpha": 1.5610051419493372e-06,
      "dropout_rate": 0.05817258756026977,
      "validation_fraction": 0.19743232333413735,
      "n_iter_no_change": 20,
      "tol": 0.00022461917928018237,
      "random_state": 42,
      "warm_start": false,
      "verbose": 0
    },
    "seed": 42,
    "cv_n_splits": 5,
    "cv_n_repeats": 10,
    "preprocessing_config": {
      "eps": 1e-06,
      "min_speed": 0.01,
      "max_hours": 9999.0
    }
  },
  "result": {
    "c_index": 0.9427293805895992,
    "mean_brier": 0.09584851923466202,
    "hybrid_score": 0.9157248507126162,
    "std_c_index": 0.001993338852491296,
    "std_mean_brier": 0.00639297291857092,
    "std_hybrid": 0.004426668830155311
  }
}