{
  "trial_id": 58,
  "config": {
    "model_type": "coxnet",
    "model_params": {
      "l1_ratio": 0.9810414452004171,
      "alpha_min_ratio": 0.028358470849021992,
      "n_alphas": 159,
      "max_iter": 13840,
      "tol": 1.7096290440573e-05
    },
    "seed": 777,
    "cv_n_splits": 5,
    "cv_n_repeats": 10,
    "preprocessing_config": {
      "eps": 1e-06,
      "min_speed": 0.01,
      "max_hours": 9999.0
    }
  },
  "result": {
    "c_index": 0.9293474660483604,
    "mean_brier": 0.028719469182635966,
    "hybrid_score": 0.9587006113866628,
    "std_c_index": 0.006231806791715901,
    "std_mean_brier": 0.003937389764905937,
    "std_hybrid": 0.004271388388452844
  }
}