{
  "trial_id": 118,
  "config": {
    "seed": 42,
    "cv_n_splits": 5,
    "cv_n_repeats": 10,
    "gbsa_config": {
      "loss": "coxph",
      "n_estimators": 438,
      "learning_rate": 0.14563260512346013,
      "subsample": 0.5084390312836351,
      "max_depth": 6,
      "max_features": "sqrt",
      "max_leaf_nodes": 16,
      "min_samples_split": 4,
      "min_samples_leaf": 4,
      "min_weight_fraction_leaf": 0.0,
      "min_impurity_decrease": 0.03034185392676647,
      "criterion": "friedman_mse",
      "ccp_alpha": 0.0010333112538832027,
      "dropout_rate": 0.1639305337697873,
      "validation_fraction": 0.16324146787273927,
      "n_iter_no_change": 5,
      "tol": 0.0015580188352702499,
      "random_state": 42,
      "warm_start": false,
      "verbose": 0
    },
    "preprocessing_config": {
      "eps": 1e-06,
      "min_speed": 0.01,
      "max_hours": 9999.0
    }
  },
  "result": {
    "c_index": 0.9403072209340841,
    "mean_brier": 0.13562225369869393,
    "hybrid_score": 0.8871565886911394,
    "std_c_index": 0.0024090161280105864,
    "std_mean_brier": 0.0073748733757829765,
    "std_hybrid": 0.00525555252243276
  }
}