{
  "trial_id": 286,
  "config": {
    "model_type": "coxnet",
    "model_params": {
      "l1_ratio": 0.8546320503689963,
      "alpha_min_ratio": 0.05275789414246937,
      "n_alphas": 134,
      "max_iter": 444,
      "tol": 2.9607098282919387e-05
    },
    "seed": 42,
    "cv_n_splits": 5,
    "cv_n_repeats": 10,
    "preprocessing_config": {
      "eps": 1e-06,
      "min_speed": 0.01,
      "max_hours": 9999.0
    }
  },
  "result": {
    "c_index": 0.9376366346472343,
    "mean_brier": 0.026048962075515852,
    "hybrid_score": 0.9630567169413091,
    "std_c_index": 0.004572587422857305,
    "std_mean_brier": 0.001829565143358954,
    "std_hybrid": 0.0025288822337437506
  }
}