{
  "trial_id": 217,
  "config": {
    "model_type": "coxnet",
    "model_params": {
      "l1_ratio": 0.8667282019720483,
      "alpha_min_ratio": 0.04634675813123833,
      "n_alphas": 281,
      "max_iter": 10217,
      "tol": 1.7400224118834005e-06
    },
    "seed": 777,
    "cv_n_splits": 5,
    "cv_n_repeats": 10,
    "preprocessing_config": {
      "eps": 1e-06,
      "min_speed": 0.01,
      "max_hours": 9999.0
    }
  },
  "result": {
    "c_index": 0.9352848625372641,
    "mean_brier": 0.025811373952618788,
    "hybrid_score": 0.962517496994346,
    "std_c_index": 0.0030684572136370288,
    "std_mean_brier": 0.0007818093313364945,
    "std_hybrid": 0.0011757994044639683
  }
}