{
  "trial_id": 256,
  "config": {
    "model_type": "gbsa",
    "model_params": {
      "loss": "coxph",
      "n_estimators": 308,
      "learning_rate": 0.15112539013376736,
      "subsample": 0.5699599014633239,
      "max_depth": 3,
      "max_features": 0.7,
      "max_leaf_nodes": 31,
      "min_samples_split": 4,
      "min_samples_leaf": 15,
      "min_weight_fraction_leaf": 0.0,
      "min_impurity_decrease": 0.030842468357356205,
      "criterion": "friedman_mse",
      "ccp_alpha": 0.05370915228667058,
      "dropout_rate": 0.02522280906830566,
      "validation_fraction": 0.2777328573888396,
      "n_iter_no_change": null,
      "tol": 3.239073779939826e-05,
      "random_state": 42,
      "warm_start": false,
      "verbose": 0
    },
    "seed": 42,
    "cv_n_splits": 5,
    "cv_n_repeats": 10,
    "preprocessing_config": {
      "eps": 1e-06,
      "min_speed": 0.01,
      "max_hours": 9999.0
    }
  },
  "result": {
    "c_index": 0.9271695925803245,
    "mean_brier": 0.048896646572649666,
    "hybrid_score": 0.9439232251732426,
    "std_c_index": 0.0031613041266634126,
    "std_mean_brier": 0.00134273997182422,
    "std_hybrid": 0.001321524870074394
  }
}