{
  "trial_id": 290,
  "config": {
    "model_type": "gbsa",
    "model_params": {
      "loss": "coxph",
      "n_estimators": 416,
      "learning_rate": 0.16304207010808391,
      "subsample": 0.9261232941675059,
      "max_depth": 4,
      "max_features": 0.7,
      "max_leaf_nodes": null,
      "min_samples_split": 2,
      "min_samples_leaf": 15,
      "min_weight_fraction_leaf": 0.0,
      "min_impurity_decrease": 0.038972663854030413,
      "criterion": "friedman_mse",
      "ccp_alpha": 0.0005135647022778793,
      "dropout_rate": 0.10424625918793815,
      "validation_fraction": 0.13251312040267194,
      "n_iter_no_change": 10,
      "tol": 0.0004219718402166368,
      "random_state": 42,
      "warm_start": false,
      "verbose": 0
    },
    "seed": 42,
    "cv_n_splits": 5,
    "cv_n_repeats": 10,
    "preprocessing_config": {
      "eps": 1e-06,
      "min_speed": 0.01,
      "max_hours": 9999.0
    }
  },
  "result": {
    "c_index": 0.938617919841007,
    "mean_brier": 0.10506393798667162,
    "hybrid_score": 0.9080406193616319,
    "std_c_index": 0.0026536498426358644,
    "std_mean_brier": 0.00812671401745961,
    "std_hybrid": 0.006171906553797464
  }
}