{
  "trial_id": 131,
  "config": {
    "model_type": "coxnet",
    "model_params": {
      "l1_ratio": 0.5250957732978493,
      "alpha_min_ratio": 0.0001645316113598073,
      "n_alphas": 273,
      "max_iter": 869,
      "tol": 6.738938525081159e-05
    },
    "seed": 42,
    "cv_n_splits": 5,
    "cv_n_repeats": 10,
    "preprocessing_config": {
      "eps": 1e-06,
      "min_speed": 0.01,
      "max_hours": 9999.0
    }
  },
  "result": {
    "c_index": 0.9269128850612786,
    "mean_brier": 0.03923510523867581,
    "hybrid_score": 0.9506092918513105,
    "std_c_index": 0.012932678868367362,
    "std_mean_brier": 0.006781563892694594,
    "std_hybrid": 0.007355793022392186
  }
}