{
  "trial_id": 187,
  "config": {
    "model_type": "coxnet",
    "model_params": {
      "l1_ratio": 0.9499218226004026,
      "alpha_min_ratio": 0.05478072650071007,
      "n_alphas": 254,
      "max_iter": 19991,
      "tol": 7.968584396459832e-06
    },
    "seed": 42,
    "cv_n_splits": 5,
    "cv_n_repeats": 10,
    "preprocessing_config": {
      "eps": 1e-06,
      "min_speed": 0.01,
      "max_hours": 9999.0
    }
  },
  "result": {
    "c_index": 0.9377939715137463,
    "mean_brier": 0.02550844572873297,
    "hybrid_score": 0.9634822794440108,
    "std_c_index": 0.004515901463685792,
    "std_mean_brier": 0.001866543334466674,
    "std_hybrid": 0.002578615631806104
  }
}