{
  "trial_id": 138,
  "config": {
    "model_type": "coxnet",
    "model_params": {
      "l1_ratio": 0.9370592119458028,
      "alpha_min_ratio": 0.044899756615065366,
      "n_alphas": 249,
      "max_iter": 17719,
      "tol": 9.238071615896227e-05
    },
    "seed": 42,
    "cv_n_splits": 5,
    "cv_n_repeats": 10,
    "preprocessing_config": {
      "eps": 1e-06,
      "min_speed": 0.01,
      "max_hours": 9999.0
    }
  },
  "result": {
    "c_index": 0.937686319973501,
    "mean_brier": 0.025848431199369158,
    "hybrid_score": 0.9632119941524918,
    "std_c_index": 0.0044688031307824035,
    "std_mean_brier": 0.002591823336260139,
    "std_hybrid": 0.003026042772697657
  }
}