{
  "trial_id": 155,
  "config": {
    "model_type": "coxnet",
    "model_params": {
      "l1_ratio": 0.7230926784386065,
      "alpha_min_ratio": 0.0400542729209556,
      "n_alphas": 285,
      "max_iter": 1044,
      "tol": 4.503261091761117e-05
    },
    "seed": 42,
    "cv_n_splits": 5,
    "cv_n_repeats": 10,
    "preprocessing_config": {
      "eps": 1e-06,
      "min_speed": 0.01,
      "max_hours": 9999.0
    }
  },
  "result": {
    "c_index": 0.9367422987744286,
    "mean_brier": 0.026749567358180577,
    "hybrid_score": 0.9622979924816022,
    "std_c_index": 0.004270795082612259,
    "std_mean_brier": 0.0026886845812992637,
    "std_hybrid": 0.0030440954476934224
  }
}