{
  "trial_id": 278,
  "config": {
    "model_type": "coxnet",
    "model_params": {
      "l1_ratio": 0.6890682814789485,
      "alpha_min_ratio": 0.002923106787101449,
      "n_alphas": 111,
      "max_iter": 12358,
      "tol": 5.770779928933916e-07
    },
    "seed": 42,
    "cv_n_splits": 5,
    "cv_n_repeats": 10,
    "preprocessing_config": {
      "eps": 1e-06,
      "min_speed": 0.01,
      "max_hours": 9999.0
    }
  },
  "result": {
    "c_index": 0.9241387876780391,
    "mean_brier": 0.037388348082147874,
    "hybrid_score": 0.9510697926459081,
    "std_c_index": 0.011535871030633521,
    "std_mean_brier": 0.006897643598323621,
    "std_hybrid": 0.007418703831303543
  }
}