{
  "trial_id": 54,
  "config": {
    "model_type": "coxnet",
    "model_params": {
      "l1_ratio": 0.149111232454337,
      "alpha_min_ratio": 0.00013019156145245315,
      "n_alphas": 297,
      "max_iter": 14731,
      "tol": 1.3741043445045228e-05
    },
    "seed": 1024,
    "cv_n_splits": 5,
    "cv_n_repeats": 10,
    "preprocessing_config": {
      "eps": 1e-06,
      "min_speed": 0.01,
      "max_hours": 9999.0
    }
  },
  "result": {
    "c_index": 0.9203627028817488,
    "mean_brier": 0.04247371004590156,
    "hybrid_score": 0.9463772138323936,
    "std_c_index": 0.014176872506057907,
    "std_mean_brier": 0.005091802847053256,
    "std_hybrid": 0.006604204639547821
  }
}