{
  "trial_id": 257,
  "config": {
    "model_type": "coxnet",
    "model_params": {
      "l1_ratio": 0.8250773820298123,
      "alpha_min_ratio": 0.09038353168701808,
      "n_alphas": 274,
      "max_iter": 15201,
      "tol": 5.7219256262397847e-05
    },
    "seed": 1024,
    "cv_n_splits": 5,
    "cv_n_repeats": 10,
    "preprocessing_config": {
      "eps": 1e-06,
      "min_speed": 0.01,
      "max_hours": 9999.0
    }
  },
  "result": {
    "c_index": 0.9370818151705864,
    "mean_brier": 0.0266325461349891,
    "hybrid_score": 0.9624817622566836,
    "std_c_index": 0.0036589531293056542,
    "std_mean_brier": 0.0008030723921287738,
    "std_hybrid": 0.001585204293877621
  }
}