{
  "trial_id": 234,
  "config": {
    "model_type": "gbsa",
    "model_params": {
      "loss": "coxph",
      "n_estimators": 377,
      "learning_rate": 0.11244183214044239,
      "subsample": 0.5053773050633237,
      "max_depth": 6,
      "max_features": "log2",
      "max_leaf_nodes": 16,
      "min_samples_split": 2,
      "min_samples_leaf": 20,
      "min_weight_fraction_leaf": 0.0,
      "min_impurity_decrease": 0.03840820982571763,
      "criterion": "friedman_mse",
      "ccp_alpha": 7.036667304026038e-05,
      "dropout_rate": 0.010248230166550135,
      "validation_fraction": 0.12836109983076072,
      "n_iter_no_change": null,
      "tol": 0.0022166217410401704,
      "random_state": 2023,
      "warm_start": false,
      "verbose": 0
    },
    "seed": 2023,
    "cv_n_splits": 5,
    "cv_n_repeats": 10,
    "preprocessing_config": {
      "eps": 1e-06,
      "min_speed": 0.01,
      "max_hours": 9999.0
    }
  },
  "result": {
    "c_index": 0.9374461742298774,
    "mean_brier": 0.03566945983346993,
    "hybrid_score": 0.9562652303855342,
    "std_c_index": 0.002662843023022986,
    "std_mean_brier": 0.003178958563000224,
    "std_hybrid": 0.0028086826074220513
  }
}