{
  "trial_id": 191,
  "config": {
    "model_type": "coxnet",
    "model_params": {
      "l1_ratio": 0.6634755655892397,
      "alpha_min_ratio": 0.0006582986804900183,
      "n_alphas": 219,
      "max_iter": 1309,
      "tol": 1.883797803576176e-05
    },
    "seed": 2023,
    "cv_n_splits": 5,
    "cv_n_repeats": 10,
    "preprocessing_config": {
      "eps": 1e-06,
      "min_speed": 0.01,
      "max_hours": 9999.0
    }
  },
  "result": {
    "c_index": 0.9146571712487578,
    "mean_brier": 0.043019961584272154,
    "hybrid_score": 0.9442831782656367,
    "std_c_index": 0.018523670222224026,
    "std_mean_brier": 0.008711035201011698,
    "std_hybrid": 0.011160795353970125
  }
}