{
  "trial_id": 0,
  "config": {
    "model_type": "gbsa",
    "model_params": {
      "loss": "coxph",
      "n_estimators": 118,
      "learning_rate": 0.004962855477056064,
      "subsample": 0.531018207357281,
      "max_depth": 3,
      "max_features": "sqrt",
      "max_leaf_nodes": 31,
      "min_samples_split": 14,
      "min_samples_leaf": 12,
      "min_weight_fraction_leaf": 0.0,
      "min_impurity_decrease": 0.01344300289441296,
      "criterion": "friedman_mse",
      "ccp_alpha": 4.100300678410657e-06,
      "dropout_rate": 0.11146404949812805,
      "validation_fraction": 0.1372885200713454,
      "n_iter_no_change": 20,
      "tol": 0.0007362350226511969,
      "random_state": 777,
      "warm_start": false,
      "verbose": 0
    },
    "seed": 777,
    "cv_n_splits": 5,
    "cv_n_repeats": 10,
    "preprocessing_config": {
      "eps": 1e-06,
      "min_speed": 0.01,
      "max_hours": 9999.0
    }
  },
  "result": {
    "c_index": 0.9275960582974495,
    "mean_brier": 0.22832735157898867,
    "hybrid_score": 0.8184496713839426,
    "std_c_index": 0.004012773702439724,
    "std_mean_brier": 0.018283600446217536,
    "std_hybrid": 0.013079268941524056
  }
}