{
  "trial_id": 152,
  "config": {
    "model_type": "gbsa",
    "model_params": {
      "loss": "coxph",
      "n_estimators": 266,
      "learning_rate": 0.10570641182857951,
      "subsample": 0.8228805111450095,
      "max_depth": 3,
      "max_features": 0.7,
      "max_leaf_nodes": 16,
      "min_samples_split": 13,
      "min_samples_leaf": 2,
      "min_weight_fraction_leaf": 0.0,
      "min_impurity_decrease": 0.028878566842129562,
      "criterion": "friedman_mse",
      "ccp_alpha": 2.237352936612828e-05,
      "dropout_rate": 0.0789291573344538,
      "validation_fraction": 0.1122172701192925,
      "n_iter_no_change": null,
      "tol": 0.00014736868298124007,
      "random_state": 1024,
      "warm_start": false,
      "verbose": 0
    },
    "seed": 1024,
    "cv_n_splits": 5,
    "cv_n_repeats": 10,
    "preprocessing_config": {
      "eps": 1e-06,
      "min_speed": 0.01,
      "max_hours": 9999.0
    }
  },
  "result": {
    "c_index": 0.9396613116926135,
    "mean_brier": 0.10155679679943455,
    "hybrid_score": 0.9108086357481799,
    "std_c_index": 0.002955595458779281,
    "std_mean_brier": 0.008206645611911588,
    "std_hybrid": 0.005952815834938556
  }
}