{
  "trial_id": 239,
  "config": {
    "model_type": "coxnet",
    "model_params": {
      "l1_ratio": 0.999045189536155,
      "alpha_min_ratio": 0.0971649113703983,
      "n_alphas": 253,
      "max_iter": 15465,
      "tol": 4.962015356018571e-07
    },
    "seed": 2023,
    "cv_n_splits": 5,
    "cv_n_repeats": 10,
    "preprocessing_config": {
      "eps": 1e-06,
      "min_speed": 0.01,
      "max_hours": 9999.0
    }
  },
  "result": {
    "c_index": 0.9359721762172905,
    "mean_brier": 0.025921256910781242,
    "hybrid_score": 0.9626467730276401,
    "std_c_index": 0.002674560082262864,
    "std_mean_brier": 0.0006751146201470012,
    "std_hybrid": 0.0010846160609273715
  }
}