{
  "trial_id": 41,
  "config": {
    "model_type": "coxnet",
    "model_params": {
      "l1_ratio": 0.9724476100294114,
      "alpha_min_ratio": 0.03595755780564848,
      "n_alphas": 141,
      "max_iter": 15937,
      "tol": 9.037991812178649e-08
    },
    "seed": 777,
    "cv_n_splits": 5,
    "cv_n_repeats": 10,
    "preprocessing_config": {
      "eps": 1e-06,
      "min_speed": 0.01,
      "max_hours": 9999.0
    }
  },
  "result": {
    "c_index": 0.9327757535607818,
    "mean_brier": 0.02696538374852993,
    "hybrid_score": 0.9609569574442636,
    "std_c_index": 0.003787146098626408,
    "std_mean_brier": 0.002011115764399351,
    "std_hybrid": 0.0021789218465792753
  }
}