{
  "trial_id": 145,
  "config": {
    "model_type": "gbsa",
    "model_params": {
      "loss": "coxph",
      "n_estimators": 329,
      "learning_rate": 0.09307179099639046,
      "subsample": 0.5568776846294197,
      "max_depth": 5,
      "max_features": "log2",
      "max_leaf_nodes": 31,
      "min_samples_split": 2,
      "min_samples_leaf": 6,
      "min_weight_fraction_leaf": 0.0,
      "min_impurity_decrease": 0.019635122217738818,
      "criterion": "friedman_mse",
      "ccp_alpha": 0.00021589660987026628,
      "dropout_rate": 0.04400851557466792,
      "validation_fraction": 0.20921124525009374,
      "n_iter_no_change": 20,
      "tol": 0.00032573441046723566,
      "random_state": 42,
      "warm_start": false,
      "verbose": 0
    },
    "seed": 42,
    "cv_n_splits": 5,
    "cv_n_repeats": 10,
    "preprocessing_config": {
      "eps": 1e-06,
      "min_speed": 0.01,
      "max_hours": 9999.0
    }
  },
  "result": {
    "c_index": 0.9408744617422986,
    "mean_brier": 0.08371841683828485,
    "hybrid_score": 0.9236594467358901,
    "std_c_index": 0.00172671898230917,
    "std_mean_brier": 0.005476548319282743,
    "std_hybrid": 0.004152254778759213
  }
}