{
  "trial_id": 102,
  "config": {
    "model_type": "coxnet",
    "model_params": {
      "l1_ratio": 0.9718277817466159,
      "alpha_min_ratio": 0.04000238078104536,
      "n_alphas": 119,
      "max_iter": 14480,
      "tol": 1.7685237420694493e-08
    },
    "seed": 2023,
    "cv_n_splits": 5,
    "cv_n_repeats": 10,
    "preprocessing_config": {
      "eps": 1e-06,
      "min_speed": 0.01,
      "max_hours": 9999.0
    }
  },
  "result": {
    "c_index": 0.9340924147068564,
    "mean_brier": 0.025960034344459832,
    "hybrid_score": 0.9620557003709351,
    "std_c_index": 0.00330581708185296,
    "std_mean_brier": 0.0010618025041226982,
    "std_hybrid": 0.001453491091759818
  }
}