{
  "trial_id": 270,
  "config": {
    "model_type": "gbsa",
    "model_params": {
      "loss": "coxph",
      "n_estimators": 476,
      "learning_rate": 0.13514967827938223,
      "subsample": 0.5824544973550676,
      "max_depth": 6,
      "max_features": 1.0,
      "max_leaf_nodes": 63,
      "min_samples_split": 6,
      "min_samples_leaf": 17,
      "min_weight_fraction_leaf": 0.0,
      "min_impurity_decrease": 0.03284083845777369,
      "criterion": "friedman_mse",
      "ccp_alpha": 0.0014600110996734468,
      "dropout_rate": 0.10762445449399932,
      "validation_fraction": 0.258094216505806,
      "n_iter_no_change": 5,
      "tol": 0.0022534411115171732,
      "random_state": 2023,
      "warm_start": false,
      "verbose": 0
    },
    "seed": 2023,
    "cv_n_splits": 5,
    "cv_n_repeats": 10,
    "preprocessing_config": {
      "eps": 1e-06,
      "min_speed": 0.01,
      "max_hours": 9999.0
    }
  },
  "result": {
    "c_index": 0.9019998343822457,
    "mean_brier": 0.11004733275233862,
    "hybrid_score": 0.8935668173880366,
    "std_c_index": 0.005834279147484737,
    "std_mean_brier": 0.00710734100613491,
    "std_hybrid": 0.004444118333499574
  }
}