{
  "trial_id": 10,
  "config": {
    "model_type": "gbsa",
    "model_params": {
      "loss": "coxph",
      "n_estimators": 344,
      "learning_rate": 0.10189457740670758,
      "subsample": 0.8694315519996305,
      "max_depth": 6,
      "max_features": 0.3,
      "max_leaf_nodes": null,
      "min_samples_split": 9,
      "min_samples_leaf": 11,
      "min_weight_fraction_leaf": 0.0,
      "min_impurity_decrease": 0.02879157387568335,
      "criterion": "friedman_mse",
      "ccp_alpha": 8.705629941640653e-08,
      "dropout_rate": 0.22148942022985593,
      "validation_fraction": 0.21362302987157555,
      "n_iter_no_change": 20,
      "tol": 0.00014526783898668484,
      "random_state": 42,
      "warm_start": false,
      "verbose": 0
    },
    "seed": 42,
    "cv_n_splits": 5,
    "cv_n_repeats": 10,
    "preprocessing_config": {
      "eps": 1e-06,
      "min_speed": 0.01,
      "max_hours": 9999.0
    }
  },
  "result": {
    "c_index": 0.9403196422656508,
    "mean_brier": 0.1741706359133175,
    "hybrid_score": 0.860176447540373,
    "std_c_index": 0.0031312926181244014,
    "std_mean_brier": 0.010479554404298605,
    "std_hybrid": 0.0076400779622625035
  }
}