{
  "trial_id": 216,
  "config": {
    "model_type": "coxnet",
    "model_params": {
      "l1_ratio": 0.8900588994454632,
      "alpha_min_ratio": 0.05085110389903263,
      "n_alphas": 276,
      "max_iter": 15158,
      "tol": 3.8947279521602375e-05
    },
    "seed": 1024,
    "cv_n_splits": 5,
    "cv_n_repeats": 10,
    "preprocessing_config": {
      "eps": 1e-06,
      "min_speed": 0.01,
      "max_hours": 9999.0
    }
  },
  "result": {
    "c_index": 0.9359638953295795,
    "mean_brier": 0.025956653081034436,
    "hybrid_score": 0.9626195114421495,
    "std_c_index": 0.003307600512772309,
    "std_mean_brier": 0.0008984377030837503,
    "std_hybrid": 0.0014406903727252657
  }
}