{
  "trial_id": 208,
  "config": {
    "model_type": "coxnet",
    "model_params": {
      "l1_ratio": 0.685375170379707,
      "alpha_min_ratio": 0.06458250765378327,
      "n_alphas": 242,
      "max_iter": 13727,
      "tol": 3.456477937661748e-05
    },
    "seed": 1024,
    "cv_n_splits": 5,
    "cv_n_repeats": 10,
    "preprocessing_config": {
      "eps": 1e-06,
      "min_speed": 0.01,
      "max_hours": 9999.0
    }
  },
  "result": {
    "c_index": 0.9362123219609142,
    "mean_brier": 0.026996523361807873,
    "hybrid_score": 0.9619661302350087,
    "std_c_index": 0.003348807781469614,
    "std_mean_brier": 0.0007143150518642966,
    "std_hybrid": 0.0014235297915378036
  }
}