{
  "trial_id": 229,
  "config": {
    "model_type": "coxnet",
    "model_params": {
      "l1_ratio": 0.919421801862534,
      "alpha_min_ratio": 0.05236137681832343,
      "n_alphas": 291,
      "max_iter": 16942,
      "tol": 3.183023946897923e-05
    },
    "seed": 2023,
    "cv_n_splits": 5,
    "cv_n_repeats": 10,
    "preprocessing_config": {
      "eps": 1e-06,
      "min_speed": 0.01,
      "max_hours": 9999.0
    }
  },
  "result": {
    "c_index": 0.9356326598211329,
    "mean_brier": 0.02575149513082845,
    "hybrid_score": 0.96266375135476,
    "std_c_index": 0.002809662611954896,
    "std_mean_brier": 0.000932002211367437,
    "std_hybrid": 0.0012614077247568303
  }
}