{
  "trial_id": 289,
  "config": {
    "model_type": "coxnet",
    "model_params": {
      "l1_ratio": 0.9575408864094506,
      "alpha_min_ratio": 0.0018008747647638098,
      "n_alphas": 154,
      "max_iter": 1381,
      "tol": 3.794238751385747e-05
    },
    "seed": 42,
    "cv_n_splits": 5,
    "cv_n_repeats": 10,
    "preprocessing_config": {
      "eps": 1e-06,
      "min_speed": 0.01,
      "max_hours": 9999.0
    }
  },
  "result": {
    "c_index": 0.9256707519046042,
    "mean_brier": 0.036280793233176886,
    "hybrid_score": 0.9523046703081575,
    "std_c_index": 0.012816941746394642,
    "std_mean_brier": 0.005536395300222703,
    "std_hybrid": 0.006854383961396155
  }
}