{
  "trial_id": 47,
  "config": {
    "model_type": "coxnet",
    "model_params": {
      "l1_ratio": 0.016959500053532195,
      "alpha_min_ratio": 0.00012017924319721431,
      "n_alphas": 165,
      "max_iter": 11894,
      "tol": 5.851114017744641e-05
    },
    "seed": 2023,
    "cv_n_splits": 5,
    "cv_n_repeats": 10,
    "preprocessing_config": {
      "eps": 1e-06,
      "min_speed": 0.01,
      "max_hours": 9999.0
    }
  },
  "result": {
    "c_index": 0.9194021199072541,
    "mean_brier": 0.03983367385177006,
    "hybrid_score": 0.9479370642759373,
    "std_c_index": 0.018480004613531185,
    "std_mean_brier": 0.008036262493474156,
    "std_hybrid": 0.010813122052054558
  }
}