{
  "trial_id": 146,
  "config": {
    "model_type": "coxnet",
    "model_params": {
      "l1_ratio": 0.8185086300370942,
      "alpha_min_ratio": 0.0013927608591415522,
      "n_alphas": 163,
      "max_iter": 1570,
      "tol": 1.587685515507852e-08
    },
    "seed": 2023,
    "cv_n_splits": 5,
    "cv_n_repeats": 10,
    "preprocessing_config": {
      "eps": 1e-06,
      "min_speed": 0.01,
      "max_hours": 9999.0
    }
  },
  "result": {
    "c_index": 0.9155680688969856,
    "mean_brier": 0.04088709659277714,
    "hybrid_score": 0.9460494530541517,
    "std_c_index": 0.018492622132195723,
    "std_mean_brier": 0.007524139957619126,
    "std_hybrid": 0.010352454501993914
  }
}