{
  "trial_id": 126,
  "config": {
    "model_type": "gbsa",
    "model_params": {
      "loss": "coxph",
      "n_estimators": 169,
      "learning_rate": 0.032033202830531654,
      "subsample": 0.9732583599851645,
      "max_depth": 5,
      "max_features": 0.3,
      "max_leaf_nodes": 63,
      "min_samples_split": 16,
      "min_samples_leaf": 3,
      "min_weight_fraction_leaf": 0.0,
      "min_impurity_decrease": 0.010339129393890124,
      "criterion": "friedman_mse",
      "ccp_alpha": 0.0003449579555507004,
      "dropout_rate": 0.0544278138236455,
      "validation_fraction": 0.23728927849444598,
      "n_iter_no_change": 5,
      "tol": 0.005285399520176237,
      "random_state": 1024,
      "warm_start": false,
      "verbose": 0
    },
    "seed": 1024,
    "cv_n_splits": 5,
    "cv_n_repeats": 10,
    "preprocessing_config": {
      "eps": 1e-06,
      "min_speed": 0.01,
      "max_hours": 9999.0
    }
  },
  "result": {
    "c_index": 0.9393963232858562,
    "mean_brier": 0.1530913372746775,
    "hybrid_score": 0.8746549608934824,
    "std_c_index": 0.0028145304765991017,
    "std_mean_brier": 0.00991280393604917,
    "std_hybrid": 0.007220044269825329
  }
}