{
  "trial_id": 129,
  "config": {
    "model_type": "coxnet",
    "model_params": {
      "l1_ratio": 0.7895387660842013,
      "alpha_min_ratio": 0.05231013465433669,
      "n_alphas": 259,
      "max_iter": 19297,
      "tol": 8.663033638040327e-05
    },
    "seed": 42,
    "cv_n_splits": 5,
    "cv_n_repeats": 10,
    "preprocessing_config": {
      "eps": 1e-06,
      "min_speed": 0.01,
      "max_hours": 9999.0
    }
  },
  "result": {
    "c_index": 0.9377194435243459,
    "mean_brier": 0.02625179800143278,
    "hybrid_score": 0.9629395744563007,
    "std_c_index": 0.0038485108254259774,
    "std_mean_brier": 0.001766111394784415,
    "std_hybrid": 0.0022301160247814008
  }
}