{
  "trial_id": 96,
  "config": {
    "model_type": "coxnet",
    "model_params": {
      "l1_ratio": 0.942601307278681,
      "alpha_min_ratio": 0.08885641960906532,
      "n_alphas": 151,
      "max_iter": 14431,
      "tol": 2.1377902840473617e-08
    },
    "seed": 2023,
    "cv_n_splits": 5,
    "cv_n_repeats": 10,
    "preprocessing_config": {
      "eps": 1e-06,
      "min_speed": 0.01,
      "max_hours": 9999.0
    }
  },
  "result": {
    "c_index": 0.9365849619079165,
    "mean_brier": 0.025959565181189997,
    "hybrid_score": 0.962803792945542,
    "std_c_index": 0.002784349212807884,
    "std_mean_brier": 0.0007305772594154299,
    "std_hybrid": 0.0011664636300935936
  }
}