{
  "trial_id": 47,
  "config": {
    "model_type": "coxnet",
    "model_params": {
      "l1_ratio": 0.8666468221761706,
      "alpha_min_ratio": 0.09540672529203297,
      "n_alphas": 285,
      "max_iter": 18512,
      "tol": 3.447209730867072e-06
    },
    "seed": 42,
    "cv_n_splits": 5,
    "cv_n_repeats": 10,
    "preprocessing_config": {
      "eps": 1e-06,
      "min_speed": 0.01,
      "max_hours": 9999.0
    }
  },
  "result": {
    "c_index": 0.9399552832063598,
    "mean_brier": 0.026150694810179603,
    "hybrid_score": 0.9636810985947821,
    "std_c_index": 0.0023577855602374747,
    "std_mean_brier": 0.0007735203983346167,
    "std_hybrid": 0.0010956872958344896
  }
}