{
  "trial_id": 92,
  "config": {
    "model_type": "coxnet",
    "model_params": {
      "l1_ratio": 0.8021676599127855,
      "alpha_min_ratio": 0.037071724648776914,
      "n_alphas": 133,
      "max_iter": 10006,
      "tol": 5.384558112884678e-06
    },
    "seed": 777,
    "cv_n_splits": 5,
    "cv_n_repeats": 10,
    "preprocessing_config": {
      "eps": 1e-06,
      "min_speed": 0.01,
      "max_hours": 9999.0
    }
  },
  "result": {
    "c_index": 0.9334713481285194,
    "mean_brier": 0.027450418109508934,
    "hybrid_score": 0.9608261117618995,
    "std_c_index": 0.00321234409329926,
    "std_mean_brier": 0.0022687052190786755,
    "std_hybrid": 0.0020083213880474028
  }
}