{
  "trial_id": 100,
  "config": {
    "model_type": "coxnet",
    "model_params": {
      "l1_ratio": 0.9709126609620685,
      "alpha_min_ratio": 0.0798959694904659,
      "n_alphas": 240,
      "max_iter": 612,
      "tol": 9.16680623845513e-07
    },
    "seed": 42,
    "cv_n_splits": 5,
    "cv_n_repeats": 10,
    "preprocessing_config": {
      "eps": 1e-06,
      "min_speed": 0.01,
      "max_hours": 9999.0
    }
  },
  "result": {
    "c_index": 0.9393424975157337,
    "mean_brier": 0.02538123637457302,
    "hybrid_score": 0.9640358837925189,
    "std_c_index": 0.0022591044825610793,
    "std_mean_brier": 0.0008098793189740499,
    "std_hybrid": 0.0010956394966261049
  }
}