{
  "trial_id": 185,
  "config": {
    "model_type": "gbsa",
    "model_params": {
      "loss": "coxph",
      "n_estimators": 400,
      "learning_rate": 0.1819553751505194,
      "subsample": 0.8248699134221343,
      "max_depth": 6,
      "max_features": "sqrt",
      "max_leaf_nodes": 8,
      "min_samples_split": 4,
      "min_samples_leaf": 16,
      "min_weight_fraction_leaf": 0.0,
      "min_impurity_decrease": 0.04704741592539705,
      "criterion": "friedman_mse",
      "ccp_alpha": 0.005303517272659662,
      "dropout_rate": 0.0011763494286844787,
      "validation_fraction": 0.2631088462280038,
      "n_iter_no_change": null,
      "tol": 2.9924237758209e-05,
      "random_state": 777,
      "warm_start": false,
      "verbose": 0
    },
    "seed": 777,
    "cv_n_splits": 5,
    "cv_n_repeats": 10,
    "preprocessing_config": {
      "eps": 1e-06,
      "min_speed": 0.01,
      "max_hours": 9999.0
    }
  },
  "result": {
    "c_index": 0.941474826101358,
    "mean_brier": 0.026551684321581386,
    "hybrid_score": 0.9638562688053003,
    "std_c_index": 0.0027691646335237545,
    "std_mean_brier": 0.0005394418979865096,
    "std_hybrid": 0.0007993773718614163
  }
}