{
  "trial_id": 255,
  "config": {
    "model_type": "coxnet",
    "model_params": {
      "l1_ratio": 0.9503760246840142,
      "alpha_min_ratio": 0.0959059261721616,
      "n_alphas": 246,
      "max_iter": 10560,
      "tol": 6.225356328391057e-05
    },
    "seed": 777,
    "cv_n_splits": 5,
    "cv_n_repeats": 10,
    "preprocessing_config": {
      "eps": 1e-06,
      "min_speed": 0.01,
      "max_hours": 9999.0
    }
  },
  "result": {
    "c_index": 0.936303411725737,
    "mean_brier": 0.026046323065087945,
    "hybrid_score": 0.9626585973721596,
    "std_c_index": 0.0026988072413707477,
    "std_mean_brier": 0.0005405187152389696,
    "std_hybrid": 0.0010583603938217566
  }
}