{
  "trial_id": 52,
  "config": {
    "model_type": "coxnet",
    "model_params": {
      "l1_ratio": 0.9338329873486902,
      "alpha_min_ratio": 0.05726488340846343,
      "n_alphas": 155,
      "max_iter": 19770,
      "tol": 6.443318524389458e-07
    },
    "seed": 777,
    "cv_n_splits": 5,
    "cv_n_repeats": 10,
    "preprocessing_config": {
      "eps": 1e-06,
      "min_speed": 0.01,
      "max_hours": 9999.0
    }
  },
  "result": {
    "c_index": 0.9360881086452466,
    "mean_brier": 0.02532802085622174,
    "hybrid_score": 0.9630968179942186,
    "std_c_index": 0.003753133647172143,
    "std_mean_brier": 0.0005688417997627933,
    "std_hybrid": 0.0013761907182664407
  }
}