{
  "trial_id": 69,
  "config": {
    "model_type": "coxnet",
    "model_params": {
      "l1_ratio": 0.2705277263693613,
      "alpha_min_ratio": 0.0017690984985797911,
      "n_alphas": 161,
      "max_iter": 7761,
      "tol": 7.307635266317049e-08
    },
    "seed": 777,
    "cv_n_splits": 5,
    "cv_n_repeats": 10,
    "preprocessing_config": {
      "eps": 1e-06,
      "min_speed": 0.01,
      "max_hours": 9999.0
    }
  },
  "result": {
    "c_index": 0.9210997018880424,
    "mean_brier": 0.04107305455760436,
    "hybrid_score": 0.9475787723760896,
    "std_c_index": 0.012459904775582075,
    "std_mean_brier": 0.00764742313050695,
    "std_hybrid": 0.007383840850435798
  }
}