{
  "trial_id": 230,
  "config": {
    "model_type": "coxnet",
    "model_params": {
      "l1_ratio": 0.08761640408742505,
      "alpha_min_ratio": 0.007184035337549096,
      "n_alphas": 121,
      "max_iter": 18222,
      "tol": 3.816202099887625e-05
    },
    "seed": 2023,
    "cv_n_splits": 5,
    "cv_n_repeats": 10,
    "preprocessing_config": {
      "eps": 1e-06,
      "min_speed": 0.01,
      "max_hours": 9999.0
    }
  },
  "result": {
    "c_index": 0.9292894998343822,
    "mean_brier": 0.03217036490491028,
    "hybrid_score": 0.9562675945168776,
    "std_c_index": 0.008687945741325122,
    "std_mean_brier": 0.003959892001212777,
    "std_hybrid": 0.005171874733671229
  }
}