{
  "trial_id": 71,
  "config": {
    "model_type": "gbsa",
    "model_params": {
      "loss": "coxph",
      "n_estimators": 244,
      "learning_rate": 0.1596579368894966,
      "subsample": 0.6024270871322367,
      "max_depth": 5,
      "max_features": null,
      "max_leaf_nodes": 16,
      "min_samples_split": 16,
      "min_samples_leaf": 16,
      "min_weight_fraction_leaf": 0.0,
      "min_impurity_decrease": 0.021939437672064813,
      "criterion": "friedman_mse",
      "ccp_alpha": 1.4756303786745812e-05,
      "dropout_rate": 0.011060132407611613,
      "validation_fraction": 0.18075788051293426,
      "n_iter_no_change": 5,
      "tol": 0.004143847207403682,
      "random_state": 2023,
      "warm_start": false,
      "verbose": 0
    },
    "seed": 2023,
    "cv_n_splits": 5,
    "cv_n_repeats": 10,
    "preprocessing_config": {
      "eps": 1e-06,
      "min_speed": 0.01,
      "max_hours": 9999.0
    }
  },
  "result": {
    "c_index": 0.9139408744617421,
    "mean_brier": 0.0548982879460707,
    "hybrid_score": 0.9357534607762732,
    "std_c_index": 0.007431427761014078,
    "std_mean_brier": 0.00511191097996839,
    "std_hybrid": 0.004270829963222103
  }
}