{
  "trial_id": 136,
  "config": {
    "model_type": "gbsa",
    "model_params": {
      "loss": "coxph",
      "n_estimators": 260,
      "learning_rate": 0.1107700567000105,
      "subsample": 0.6407241978584753,
      "max_depth": 6,
      "max_features": 0.7,
      "max_leaf_nodes": 16,
      "min_samples_split": 10,
      "min_samples_leaf": 16,
      "min_weight_fraction_leaf": 0.0,
      "min_impurity_decrease": 0.027841925593233265,
      "criterion": "friedman_mse",
      "ccp_alpha": 9.574561180105146e-06,
      "dropout_rate": 0.016964590546553703,
      "validation_fraction": 0.13608241436482676,
      "n_iter_no_change": 10,
      "tol": 0.0011458857107724963,
      "random_state": 2023,
      "warm_start": false,
      "verbose": 0
    },
    "seed": 2023,
    "cv_n_splits": 5,
    "cv_n_repeats": 10,
    "preprocessing_config": {
      "eps": 1e-06,
      "min_speed": 0.01,
      "max_hours": 9999.0
    }
  },
  "result": {
    "c_index": 0.923596389532958,
    "mean_brier": 0.05089676326417775,
    "hybrid_score": 0.9414511825749627,
    "std_c_index": 0.00751779764899698,
    "std_mean_brier": 0.004884482799926082,
    "std_hybrid": 0.005021226550632575
  }
}