{
  "trial_id": 42,
  "config": {
    "model_type": "coxnet",
    "model_params": {
      "l1_ratio": 0.9614142460714873,
      "alpha_min_ratio": 0.09210890081674354,
      "n_alphas": 65,
      "max_iter": 910,
      "tol": 9.129135104033196e-07
    },
    "seed": 42,
    "cv_n_splits": 5,
    "cv_n_repeats": 10,
    "preprocessing_config": {
      "eps": 1e-06,
      "min_speed": 0.01,
      "max_hours": 9999.0
    }
  },
  "result": {
    "c_index": 0.9392762504140443,
    "mean_brier": 0.025623471288711404,
    "hybrid_score": 0.9638464452221154,
    "std_c_index": 0.002283498893103289,
    "std_mean_brier": 0.000766268029638255,
    "std_hybrid": 0.0010654811846601507
  }
}