{
  "trial_id": 114,
  "config": {
    "model_type": "gbsa",
    "model_params": {
      "loss": "coxph",
      "n_estimators": 265,
      "learning_rate": 0.08304492850586033,
      "subsample": 0.814328542694366,
      "max_depth": 2,
      "max_features": 0.5,
      "max_leaf_nodes": 16,
      "min_samples_split": 18,
      "min_samples_leaf": 14,
      "min_weight_fraction_leaf": 0.0,
      "min_impurity_decrease": 0.013656746006765082,
      "criterion": "friedman_mse",
      "ccp_alpha": 0.0203199477258661,
      "dropout_rate": 0.09788443858200145,
      "validation_fraction": 0.10147654656016168,
      "n_iter_no_change": null,
      "tol": 6.354327670574253e-05,
      "random_state": 777,
      "warm_start": false,
      "verbose": 0
    },
    "seed": 777,
    "cv_n_splits": 5,
    "cv_n_repeats": 10,
    "preprocessing_config": {
      "eps": 1e-06,
      "min_speed": 0.01,
      "max_hours": 9999.0
    }
  },
  "result": {
    "c_index": 0.8979877442861873,
    "mean_brier": 0.13322569738641038,
    "hybrid_score": 0.876138335115369,
    "std_c_index": 0.009382592939050163,
    "std_mean_brier": 0.007746545718427214,
    "std_hybrid": 0.005650941554646048
  }
}