{
  "trial_id": 29,
  "config": {
    "model_type": "coxnet",
    "model_params": {
      "l1_ratio": 0.9910369158368042,
      "alpha_min_ratio": 0.06893076116860782,
      "n_alphas": 272,
      "max_iter": 19323,
      "tol": 2.8364106126476884e-06
    },
    "seed": 1024,
    "cv_n_splits": 5,
    "cv_n_repeats": 10,
    "preprocessing_config": {
      "eps": 1e-06,
      "min_speed": 0.01,
      "max_hours": 9999.0
    }
  },
  "result": {
    "c_index": 0.9360549850944022,
    "mean_brier": 0.025656593835546034,
    "hybrid_score": 0.9628568798434385,
    "std_c_index": 0.003504254084065821,
    "std_mean_brier": 0.0008177542399636081,
    "std_hybrid": 0.001527354146227296
  }
}