{
  "trial_id": 117,
  "config": {
    "model_type": "coxnet",
    "model_params": {
      "l1_ratio": 0.6140492053946497,
      "alpha_min_ratio": 0.0762254050945009,
      "n_alphas": 54,
      "max_iter": 5110,
      "tol": 3.358242085779957e-08
    },
    "seed": 1024,
    "cv_n_splits": 5,
    "cv_n_repeats": 10,
    "preprocessing_config": {
      "eps": 1e-06,
      "min_speed": 0.01,
      "max_hours": 9999.0
    }
  },
  "result": {
    "c_index": 0.9365518383570718,
    "mean_brier": 0.027585666968148397,
    "hybrid_score": 0.9616555846294178,
    "std_c_index": 0.003808452191031608,
    "std_mean_brier": 0.0007113568141876165,
    "std_hybrid": 0.0015735853574796277
  }
}