{
  "trial_id": 59,
  "config": {
    "seed": 42,
    "cv_n_splits": 5,
    "cv_n_repeats": 10,
    "gbsa_config": {
      "loss": "coxph",
      "n_estimators": 189,
      "learning_rate": 0.06717157979198303,
      "subsample": 0.8543927428806224,
      "max_depth": 5,
      "max_features": "log2",
      "max_leaf_nodes": 8,
      "min_samples_split": 7,
      "min_samples_leaf": 7,
      "min_weight_fraction_leaf": 0.0,
      "min_impurity_decrease": 0.02250489363762153,
      "criterion": "friedman_mse",
      "ccp_alpha": 2.2635910549513935e-06,
      "dropout_rate": 0.03949074326471261,
      "validation_fraction": 0.24564047368698982,
      "n_iter_no_change": 5,
      "tol": 0.00035042328326215553,
      "random_state": 42,
      "warm_start": false,
      "verbose": 0
    },
    "preprocessing_config": {
      "eps": 1e-06,
      "min_speed": 0.01,
      "max_hours": 9999.0
    }
  },
  "result": {
    "c_index": 0.9379761510433919,
    "mean_brier": 0.10473096634099166,
    "hybrid_score": 0.9080811688743232,
    "std_c_index": 0.004374315738779504,
    "std_mean_brier": 0.007674683164365767,
    "std_hybrid": 0.005104036189816396
  }
}