{
  "trial_id": 85,
  "config": {
    "model_type": "gbsa",
    "model_params": {
      "loss": "coxph",
      "n_estimators": 187,
      "learning_rate": 0.15089458103911707,
      "subsample": 0.7241415478479702,
      "max_depth": 5,
      "max_features": 0.5,
      "max_leaf_nodes": 8,
      "min_samples_split": 19,
      "min_samples_leaf": 7,
      "min_weight_fraction_leaf": 0.0,
      "min_impurity_decrease": 0.041408406169547204,
      "criterion": "friedman_mse",
      "ccp_alpha": 0.0008984959219095911,
      "dropout_rate": 0.16669868351256267,
      "validation_fraction": 0.1580131449604339,
      "n_iter_no_change": null,
      "tol": 0.00021277858680417041,
      "random_state": 777,
      "warm_start": false,
      "verbose": 0
    },
    "seed": 777,
    "cv_n_splits": 5,
    "cv_n_repeats": 10,
    "preprocessing_config": {
      "eps": 1e-06,
      "min_speed": 0.01,
      "max_hours": 9999.0
    }
  },
  "result": {
    "c_index": 0.9411146074859225,
    "mean_brier": 0.1292963850732362,
    "hybrid_score": 0.8918269126945114,
    "std_c_index": 0.003166386673443663,
    "std_mean_brier": 0.008785963077531237,
    "std_hybrid": 0.006148116407321532
  }
}