{
  "trial_id": 108,
  "config": {
    "model_type": "coxnet",
    "model_params": {
      "l1_ratio": 0.9177730564736413,
      "alpha_min_ratio": 0.04228498350400235,
      "n_alphas": 166,
      "max_iter": 12655,
      "tol": 1.1214119054029283e-07
    },
    "seed": 2023,
    "cv_n_splits": 5,
    "cv_n_repeats": 10,
    "preprocessing_config": {
      "eps": 1e-06,
      "min_speed": 0.01,
      "max_hours": 9999.0
    }
  },
  "result": {
    "c_index": 0.9346389532957933,
    "mean_brier": 0.02587168985695427,
    "hybrid_score": 0.9622815030888701,
    "std_c_index": 0.003079343601934516,
    "std_mean_brier": 0.000990107227087482,
    "std_hybrid": 0.0013173599642270657
  }
}