{
  "trial_id": 11,
  "config": {
    "model_type": "gbsa",
    "model_params": {
      "loss": "coxph",
      "n_estimators": 126,
      "learning_rate": 0.08231304468480988,
      "subsample": 0.7026170544834667,
      "max_depth": 2,
      "max_features": "sqrt",
      "max_leaf_nodes": 31,
      "min_samples_split": 2,
      "min_samples_leaf": 11,
      "min_weight_fraction_leaf": 0.0,
      "min_impurity_decrease": 0.03479037600666369,
      "criterion": "friedman_mse",
      "ccp_alpha": 3.835218433751135e-08,
      "dropout_rate": 0.3370122107432222,
      "validation_fraction": 0.14591446524343987,
      "n_iter_no_change": 10,
      "tol": 0.001463310815220931,
      "random_state": 2023,
      "warm_start": false,
      "verbose": 0
    },
    "seed": 2023,
    "cv_n_splits": 5,
    "cv_n_repeats": 10,
    "preprocessing_config": {
      "eps": 1e-06,
      "min_speed": 0.01,
      "max_hours": 9999.0
    }
  },
  "result": {
    "c_index": 0.9364069228221265,
    "mean_brier": 0.2079686140340545,
    "hybrid_score": 0.8353440470227996,
    "std_c_index": 0.003135026958597635,
    "std_mean_brier": 0.013791375560828318,
    "std_hybrid": 0.010264011616459717
  }
}