{
  "trial_id": 105,
  "config": {
    "model_type": "coxnet",
    "model_params": {
      "l1_ratio": 0.9882221693954766,
      "alpha_min_ratio": 0.09596414786232954,
      "n_alphas": 300,
      "max_iter": 13340,
      "tol": 7.120936118541897e-06
    },
    "seed": 42,
    "cv_n_splits": 5,
    "cv_n_repeats": 10,
    "preprocessing_config": {
      "eps": 1e-06,
      "min_speed": 0.01,
      "max_hours": 9999.0
    }
  },
  "result": {
    "c_index": 0.9391106326598211,
    "mean_brier": 0.02568620525415612,
    "hybrid_score": 0.9637528461200372,
    "std_c_index": 0.0023339913751281387,
    "std_mean_brier": 0.0007736403623483706,
    "std_hybrid": 0.0010733337711313802
  }
}