{
  "trial_id": 50,
  "config": {
    "model_type": "coxnet",
    "model_params": {
      "l1_ratio": 0.8071111096383594,
      "alpha_min_ratio": 0.0009106086466154807,
      "n_alphas": 181,
      "max_iter": 4705,
      "tol": 2.519953331644825e-07
    },
    "seed": 777,
    "cv_n_splits": 5,
    "cv_n_repeats": 10,
    "preprocessing_config": {
      "eps": 1e-06,
      "min_speed": 0.01,
      "max_hours": 9999.0
    }
  },
  "result": {
    "c_index": 0.9210831401126202,
    "mean_brier": 0.040436710628940664,
    "hybrid_score": 0.9480192445935275,
    "std_c_index": 0.009680425029609878,
    "std_mean_brier": 0.00690126748264236,
    "std_hybrid": 0.006153513138226003
  }
}