{
  "trial_id": 205,
  "config": {
    "model_type": "coxnet",
    "model_params": {
      "l1_ratio": 0.9797227603266685,
      "alpha_min_ratio": 0.07913453798225273,
      "n_alphas": 53,
      "max_iter": 19704,
      "tol": 5.922353097712495e-07
    },
    "seed": 777,
    "cv_n_splits": 5,
    "cv_n_repeats": 10,
    "preprocessing_config": {
      "eps": 1e-06,
      "min_speed": 0.01,
      "max_hours": 9999.0
    }
  },
  "result": {
    "c_index": 0.9361046704206691,
    "mean_brier": 0.025525965662106114,
    "hybrid_score": 0.9629632251627264,
    "std_c_index": 0.003597795559914422,
    "std_mean_brier": 0.000521750438771191,
    "std_hybrid": 0.001341578976546541
  }
}