{
  "trial_id": 35,
  "config": {
    "seed": 42,
    "cv_n_splits": 5,
    "cv_n_repeats": 10,
    "gbsa_config": {
      "loss": "coxph",
      "n_estimators": 151,
      "learning_rate": 0.06179620052593743,
      "subsample": 0.8435598913837348,
      "max_depth": 4,
      "max_features": "log2",
      "max_leaf_nodes": 31,
      "min_samples_split": 5,
      "min_samples_leaf": 14,
      "min_weight_fraction_leaf": 0.0,
      "min_impurity_decrease": 0.041887888275378427,
      "criterion": "friedman_mse",
      "ccp_alpha": 0.04524852382602079,
      "dropout_rate": 0.09999320039190884,
      "validation_fraction": 0.25069357800143394,
      "n_iter_no_change": 20,
      "tol": 5.0081890970377484e-05,
      "random_state": 42,
      "warm_start": false,
      "verbose": 0
    },
    "preprocessing_config": {
      "eps": 1e-06,
      "min_speed": 0.01,
      "max_hours": 9999.0
    }
  },
  "result": {
    "c_index": 0.9210168930109308,
    "mean_brier": 0.16069126064722675,
    "hybrid_score": 0.8638211854502205,
    "std_c_index": 0.004755068586231575,
    "std_mean_brier": 0.007433677578284362,
    "std_hybrid": 0.005133675081162914
  }
}