{
  "trial_id": 127,
  "config": {
    "model_type": "gbsa",
    "model_params": {
      "loss": "coxph",
      "n_estimators": 402,
      "learning_rate": 0.019620238639587895,
      "subsample": 0.5175103624431517,
      "max_depth": 5,
      "max_features": null,
      "max_leaf_nodes": null,
      "min_samples_split": 6,
      "min_samples_leaf": 14,
      "min_weight_fraction_leaf": 0.0,
      "min_impurity_decrease": 0.0065317111475758334,
      "criterion": "friedman_mse",
      "ccp_alpha": 5.972580427829545e-06,
      "dropout_rate": 0.06147070829289455,
      "validation_fraction": 0.11500445806070089,
      "n_iter_no_change": null,
      "tol": 0.0003370629770936584,
      "random_state": 2023,
      "warm_start": false,
      "verbose": 0
    },
    "seed": 2023,
    "cv_n_splits": 5,
    "cv_n_repeats": 10,
    "preprocessing_config": {
      "eps": 1e-06,
      "min_speed": 0.01,
      "max_hours": 9999.0
    }
  },
  "result": {
    "c_index": 0.9364731699238156,
    "mean_brier": 0.1952024172331653,
    "hybrid_score": 0.844300258913929,
    "std_c_index": 0.003790894614671906,
    "std_mean_brier": 0.009666447194263128,
    "std_hybrid": 0.006621015167107024
  }
}