{
  "trial_id": 176,
  "config": {
    "seed": 42,
    "cv_n_splits": 5,
    "cv_n_repeats": 10,
    "gbsa_config": {
      "loss": "coxph",
      "n_estimators": 481,
      "learning_rate": 0.19350773122010737,
      "subsample": 0.5454644700886573,
      "max_depth": 3,
      "max_features": "sqrt",
      "max_leaf_nodes": null,
      "min_samples_split": 8,
      "min_samples_leaf": 8,
      "min_weight_fraction_leaf": 0.0,
      "min_impurity_decrease": 0.024978789825104288,
      "criterion": "friedman_mse",
      "ccp_alpha": 0.00024012461903821729,
      "dropout_rate": 0.023343990136203766,
      "validation_fraction": 0.2026740025652561,
      "n_iter_no_change": 20,
      "tol": 5.366230885536415e-05,
      "random_state": 42,
      "warm_start": false,
      "verbose": 0
    },
    "preprocessing_config": {
      "eps": 1e-06,
      "min_speed": 0.01,
      "max_hours": 9999.0
    }
  },
  "result": {
    "c_index": 0.9386593242795627,
    "mean_brier": 0.04931102464397043,
    "hybrid_score": 0.9470800800330895,
    "std_c_index": 0.003314023780567022,
    "std_mean_brier": 0.0060915853594410785,
    "std_hybrid": 0.004897180527906067
  }
}