{
  "trial_id": 159,
  "config": {
    "model_type": "coxnet",
    "model_params": {
      "l1_ratio": 0.911321867056716,
      "alpha_min_ratio": 0.04182546397156938,
      "n_alphas": 201,
      "max_iter": 10341,
      "tol": 8.866211006827819e-07
    },
    "seed": 2023,
    "cv_n_splits": 5,
    "cv_n_repeats": 10,
    "preprocessing_config": {
      "eps": 1e-06,
      "min_speed": 0.01,
      "max_hours": 9999.0
    }
  },
  "result": {
    "c_index": 0.9347217621729049,
    "mean_brier": 0.025905472146423747,
    "hybrid_score": 0.9622826981493748,
    "std_c_index": 0.003046657769265061,
    "std_mean_brier": 0.0009760779698364615,
    "std_hybrid": 0.0013013521831844116
  }
}