{
  "trial_id": 81,
  "config": {
    "model_type": "gbsa",
    "model_params": {
      "loss": "coxph",
      "n_estimators": 364,
      "learning_rate": 0.023841341384465215,
      "subsample": 0.8786260674812174,
      "max_depth": 3,
      "max_features": 0.3,
      "max_leaf_nodes": 16,
      "min_samples_split": 12,
      "min_samples_leaf": 12,
      "min_weight_fraction_leaf": 0.0,
      "min_impurity_decrease": 0.04027455071486612,
      "criterion": "friedman_mse",
      "ccp_alpha": 0.010187522442083182,
      "dropout_rate": 0.09323804894859415,
      "validation_fraction": 0.26241221631371997,
      "n_iter_no_change": 20,
      "tol": 0.002319848903767738,
      "random_state": 2023,
      "warm_start": false,
      "verbose": 0
    },
    "seed": 2023,
    "cv_n_splits": 5,
    "cv_n_repeats": 10,
    "preprocessing_config": {
      "eps": 1e-06,
      "min_speed": 0.01,
      "max_hours": 9999.0
    }
  },
  "result": {
    "c_index": 0.9081442530639283,
    "mean_brier": 0.20431218135166557,
    "hybrid_score": 0.8294247489730125,
    "std_c_index": 0.006288276529129305,
    "std_mean_brier": 0.016083183550629643,
    "std_hybrid": 0.011034981661275554
  }
}