{
  "trial_id": 131,
  "config": {
    "model_type": "coxnet",
    "model_params": {
      "l1_ratio": 0.8396429605998506,
      "alpha_min_ratio": 0.037167908754153885,
      "n_alphas": 189,
      "max_iter": 11681,
      "tol": 8.493657565674544e-06
    },
    "seed": 777,
    "cv_n_splits": 5,
    "cv_n_repeats": 10,
    "preprocessing_config": {
      "eps": 1e-06,
      "min_speed": 0.01,
      "max_hours": 9999.0
    }
  },
  "result": {
    "c_index": 0.933653527658165,
    "mean_brier": 0.027217373488886375,
    "hybrid_score": 0.9610438968552291,
    "std_c_index": 0.0032152459404070502,
    "std_mean_brier": 0.002168205350164645,
    "std_hybrid": 0.0019950205188190174
  }
}