{
  "trial_id": 150,
  "config": {
    "model_type": "gbsa",
    "model_params": {
      "loss": "coxph",
      "n_estimators": 128,
      "learning_rate": 0.0671224773014913,
      "subsample": 0.9742716233124536,
      "max_depth": 1,
      "max_features": "log2",
      "max_leaf_nodes": 63,
      "min_samples_split": 16,
      "min_samples_leaf": 4,
      "min_weight_fraction_leaf": 0.0,
      "min_impurity_decrease": 0.010405943746735766,
      "criterion": "friedman_mse",
      "ccp_alpha": 2.2951028752578315e-06,
      "dropout_rate": 0.15608607710024544,
      "validation_fraction": 0.24053592294374065,
      "n_iter_no_change": null,
      "tol": 0.002218666348068027,
      "random_state": 1024,
      "warm_start": false,
      "verbose": 0
    },
    "seed": 1024,
    "cv_n_splits": 5,
    "cv_n_repeats": 10,
    "preprocessing_config": {
      "eps": 1e-06,
      "min_speed": 0.01,
      "max_hours": 9999.0
    }
  },
  "result": {
    "c_index": 0.9391603179860881,
    "mean_brier": 0.18428100449234044,
    "hybrid_score": 0.8527513922511881,
    "std_c_index": 0.004249927127143876,
    "std_mean_brier": 0.011339216274253962,
    "std_hybrid": 0.007816727981831988
  }
}