{
  "trial_id": 37,
  "config": {
    "model_type": "coxnet",
    "model_params": {
      "l1_ratio": 0.6624482473278073,
      "alpha_min_ratio": 0.0004248547995926458,
      "n_alphas": 73,
      "max_iter": 3681,
      "tol": 1.757789319041138e-05
    },
    "seed": 2023,
    "cv_n_splits": 5,
    "cv_n_repeats": 10,
    "preprocessing_config": {
      "eps": 1e-06,
      "min_speed": 0.01,
      "max_hours": 9999.0
    }
  },
  "result": {
    "c_index": 0.9136303411725736,
    "mean_brier": 0.044867518887164615,
    "hybrid_score": 0.9426818391307569,
    "std_c_index": 0.018007151625389177,
    "std_mean_brier": 0.008998706999108522,
    "std_hybrid": 0.011257944866471416
  }
}