{
  "trial_id": 245,
  "config": {
    "model_type": "coxnet",
    "model_params": {
      "l1_ratio": 0.6640023778109523,
      "alpha_min_ratio": 0.07867606316258881,
      "n_alphas": 208,
      "max_iter": 5959,
      "tol": 3.2826951070527736e-08
    },
    "seed": 2023,
    "cv_n_splits": 5,
    "cv_n_repeats": 10,
    "preprocessing_config": {
      "eps": 1e-06,
      "min_speed": 0.01,
      "max_hours": 9999.0
    }
  },
  "result": {
    "c_index": 0.9369990062934747,
    "mean_brier": 0.027166583730304228,
    "hybrid_score": 0.9620830932768294,
    "std_c_index": 0.002537467225058393,
    "std_mean_brier": 0.0007300814224194179,
    "std_hybrid": 0.0010357535088925604
  }
}