{
  "trial_id": 146,
  "config": {
    "model_type": "coxnet",
    "model_params": {
      "l1_ratio": 0.9614825843498584,
      "alpha_min_ratio": 0.07848289087771665,
      "n_alphas": 293,
      "max_iter": 19053,
      "tol": 6.79769855449664e-05
    },
    "seed": 1024,
    "cv_n_splits": 5,
    "cv_n_repeats": 10,
    "preprocessing_config": {
      "eps": 1e-06,
      "min_speed": 0.01,
      "max_hours": 9999.0
    }
  },
  "result": {
    "c_index": 0.9362620072871813,
    "mean_brier": 0.025768962918251304,
    "hybrid_score": 0.9628403281433784,
    "std_c_index": 0.0036726553875687682,
    "std_mean_brier": 0.000782902518029639,
    "std_hybrid": 0.0015598969971652719
  }
}