{
  "trial_id": 271,
  "config": {
    "model_type": "coxnet",
    "model_params": {
      "l1_ratio": 0.8776894655685027,
      "alpha_min_ratio": 0.03517502600778915,
      "n_alphas": 259,
      "max_iter": 15195,
      "tol": 9.171067833150733e-05
    },
    "seed": 1024,
    "cv_n_splits": 5,
    "cv_n_repeats": 10,
    "preprocessing_config": {
      "eps": 1e-06,
      "min_speed": 0.01,
      "max_hours": 9999.0
    }
  },
  "result": {
    "c_index": 0.9342580324610796,
    "mean_brier": 0.02634990149158013,
    "hybrid_score": 0.9618324786942178,
    "std_c_index": 0.0030259705288500933,
    "std_mean_brier": 0.0012899753823538472,
    "std_hybrid": 0.0014406924838445193
  }
}