{
  "trial_id": 204,
  "config": {
    "model_type": "coxnet",
    "model_params": {
      "l1_ratio": 0.8741458058050637,
      "alpha_min_ratio": 0.07382431781146125,
      "n_alphas": 230,
      "max_iter": 1420,
      "tol": 1.0068495839641194e-05
    },
    "seed": 42,
    "cv_n_splits": 5,
    "cv_n_repeats": 10,
    "preprocessing_config": {
      "eps": 1e-06,
      "min_speed": 0.01,
      "max_hours": 9999.0
    }
  },
  "result": {
    "c_index": 0.9396074859224909,
    "mean_brier": 0.02557173561074791,
    "hybrid_score": 0.9639820308492236,
    "std_c_index": 0.002460705877701896,
    "std_mean_brier": 0.0008485603000037747,
    "std_hybrid": 0.0011560103861955363
  }
}