{
  "trial_id": 153,
  "config": {
    "model_type": "gbsa",
    "model_params": {
      "loss": "coxph",
      "n_estimators": 488,
      "learning_rate": 0.06373744699520845,
      "subsample": 0.6015758517870115,
      "max_depth": 6,
      "max_features": "sqrt",
      "max_leaf_nodes": null,
      "min_samples_split": 3,
      "min_samples_leaf": 16,
      "min_weight_fraction_leaf": 0.0,
      "min_impurity_decrease": 0.03276211206598568,
      "criterion": "friedman_mse",
      "ccp_alpha": 0.06885929676056786,
      "dropout_rate": 0.014901357463313935,
      "validation_fraction": 0.24583080622309733,
      "n_iter_no_change": null,
      "tol": 9.175550313331736e-05,
      "random_state": 42,
      "warm_start": false,
      "verbose": 0
    },
    "seed": 42,
    "cv_n_splits": 5,
    "cv_n_repeats": 10,
    "preprocessing_config": {
      "eps": 1e-06,
      "min_speed": 0.01,
      "max_hours": 9999.0
    }
  },
  "result": {
    "c_index": 0.910206194104008,
    "mean_brier": 0.06093976268693284,
    "hybrid_score": 0.9304040243503493,
    "std_c_index": 0.007657852490456386,
    "std_mean_brier": 0.0017405358672558913,
    "std_hybrid": 0.0023288681786332983
  }
}