{
  "trial_id": 38,
  "config": {
    "model_type": "gbsa",
    "model_params": {
      "loss": "coxph",
      "n_estimators": 141,
      "learning_rate": 0.18122661014464758,
      "subsample": 0.7207520115788311,
      "max_depth": 4,
      "max_features": "sqrt",
      "max_leaf_nodes": 16,
      "min_samples_split": 20,
      "min_samples_leaf": 10,
      "min_weight_fraction_leaf": 0.0,
      "min_impurity_decrease": 0.024565820258199065,
      "criterion": "friedman_mse",
      "ccp_alpha": 0.08702013266027064,
      "dropout_rate": 0.090338753860463,
      "validation_fraction": 0.11877787636619394,
      "n_iter_no_change": 20,
      "tol": 0.007165397899134522,
      "random_state": 2023,
      "warm_start": false,
      "verbose": 0
    },
    "seed": 2023,
    "cv_n_splits": 5,
    "cv_n_repeats": 10,
    "preprocessing_config": {
      "eps": 1e-06,
      "min_speed": 0.01,
      "max_hours": 9999.0
    }
  },
  "result": {
    "c_index": 0.9108603842331897,
    "mean_brier": 0.10226971411474395,
    "hybrid_score": 0.9016693153896362,
    "std_c_index": 0.008095503783889792,
    "std_mean_brier": 0.00413423961652647,
    "std_hybrid": 0.004751788098773755
  }
}