{
  "trial_id": 158,
  "config": {
    "model_type": "gbsa",
    "model_params": {
      "loss": "coxph",
      "n_estimators": 377,
      "learning_rate": 0.07245430186314653,
      "subsample": 0.5886671625011104,
      "max_depth": 2,
      "max_features": "log2",
      "max_leaf_nodes": 31,
      "min_samples_split": 13,
      "min_samples_leaf": 5,
      "min_weight_fraction_leaf": 0.0,
      "min_impurity_decrease": 0.03638193272084474,
      "criterion": "friedman_mse",
      "ccp_alpha": 5.824726069984119e-07,
      "dropout_rate": 0.006199494714608853,
      "validation_fraction": 0.19300205499068201,
      "n_iter_no_change": 5,
      "tol": 0.0023154206130716957,
      "random_state": 2023,
      "warm_start": false,
      "verbose": 0
    },
    "seed": 2023,
    "cv_n_splits": 5,
    "cv_n_repeats": 10,
    "preprocessing_config": {
      "eps": 1e-06,
      "min_speed": 0.01,
      "max_hours": 9999.0
    }
  },
  "result": {
    "c_index": 0.928995528320636,
    "mean_brier": 0.0670044359712179,
    "hybrid_score": 0.9317955533163383,
    "std_c_index": 0.006089337419847885,
    "std_mean_brier": 0.007614096138116265,
    "std_hybrid": 0.006122613311796012
  }
}