{
  "trial_id": 149,
  "config": {
    "model_type": "coxnet",
    "model_params": {
      "l1_ratio": 0.7402884814626044,
      "alpha_min_ratio": 0.06136492629160999,
      "n_alphas": 244,
      "max_iter": 12109,
      "tol": 2.0310929969315977e-06
    },
    "seed": 2023,
    "cv_n_splits": 5,
    "cv_n_repeats": 10,
    "preprocessing_config": {
      "eps": 1e-06,
      "min_speed": 0.01,
      "max_hours": 9999.0
    }
  },
  "result": {
    "c_index": 0.9358893673401789,
    "mean_brier": 0.02643947434950178,
    "hybrid_score": 0.9622591781574024,
    "std_c_index": 0.002532598191933121,
    "std_mean_brier": 0.0008659748600719012,
    "std_hybrid": 0.0011876481183359302
  }
}