{
  "trial_id": 116,
  "config": {
    "model_type": "coxnet",
    "model_params": {
      "l1_ratio": 0.9502851287231862,
      "alpha_min_ratio": 0.07968306989399125,
      "n_alphas": 151,
      "max_iter": 10750,
      "tol": 1.0544762372970486e-06
    },
    "seed": 2023,
    "cv_n_splits": 5,
    "cv_n_repeats": 10,
    "preprocessing_config": {
      "eps": 1e-06,
      "min_speed": 0.01,
      "max_hours": 9999.0
    }
  },
  "result": {
    "c_index": 0.9361709175223583,
    "mean_brier": 0.025844092877583658,
    "hybrid_score": 0.9627604102423989,
    "std_c_index": 0.002650608546210507,
    "std_mean_brier": 0.0007848473240913587,
    "std_hybrid": 0.001202110788429616
  }
}