{
  "trial_id": 278,
  "config": {
    "model_type": "coxnet",
    "model_params": {
      "l1_ratio": 0.9311230665230968,
      "alpha_min_ratio": 0.045921922522247166,
      "n_alphas": 55,
      "max_iter": 17389,
      "tol": 1.785819697134331e-05
    },
    "seed": 2023,
    "cv_n_splits": 5,
    "cv_n_repeats": 10,
    "preprocessing_config": {
      "eps": 1e-06,
      "min_speed": 0.01,
      "max_hours": 9999.0
    }
  },
  "result": {
    "c_index": 0.9352600198741305,
    "mean_brier": 0.025944926019477142,
    "hybrid_score": 0.9624165577486051,
    "std_c_index": 0.0032088413168203113,
    "std_mean_brier": 0.0009322083674308864,
    "std_hybrid": 0.0013966319455305614
  }
}