{
  "trial_id": 124,
  "config": {
    "model_type": "coxnet",
    "model_params": {
      "l1_ratio": 0.3589232544757036,
      "alpha_min_ratio": 0.002757420175501715,
      "n_alphas": 283,
      "max_iter": 7709,
      "tol": 4.189383622758702e-07
    },
    "seed": 777,
    "cv_n_splits": 5,
    "cv_n_repeats": 10,
    "preprocessing_config": {
      "eps": 1e-06,
      "min_speed": 0.01,
      "max_hours": 9999.0
    }
  },
  "result": {
    "c_index": 0.9213232858562437,
    "mean_brier": 0.039780492756577066,
    "hybrid_score": 0.9485506408272693,
    "std_c_index": 0.012323922460309665,
    "std_mean_brier": 0.006781758748930463,
    "std_hybrid": 0.0070353528328386825
  }
}