{
  "trial_id": 144,
  "config": {
    "model_type": "coxnet",
    "model_params": {
      "l1_ratio": 0.9771393900931389,
      "alpha_min_ratio": 0.091463632100817,
      "n_alphas": 264,
      "max_iter": 19572,
      "tol": 1.9916656762055446e-05
    },
    "seed": 1024,
    "cv_n_splits": 5,
    "cv_n_repeats": 10,
    "preprocessing_config": {
      "eps": 1e-06,
      "min_speed": 0.01,
      "max_hours": 9999.0
    }
  },
  "result": {
    "c_index": 0.9363903610467041,
    "mean_brier": 0.02596222416549271,
    "hybrid_score": 0.9627435513981663,
    "std_c_index": 0.0038046173386428158,
    "std_mean_brier": 0.0007468322048532252,
    "std_hybrid": 0.0015768879307019306
  }
}