{
  "trial_id": 133,
  "config": {
    "model_type": "coxnet",
    "model_params": {
      "l1_ratio": 0.7879055956494111,
      "alpha_min_ratio": 0.03602319260005568,
      "n_alphas": 198,
      "max_iter": 389,
      "tol": 5.486006896245743e-07
    },
    "seed": 42,
    "cv_n_splits": 5,
    "cv_n_repeats": 10,
    "preprocessing_config": {
      "eps": 1e-06,
      "min_speed": 0.01,
      "max_hours": 9999.0
    }
  },
  "result": {
    "c_index": 0.9362206028486255,
    "mean_brier": 0.026509561156856893,
    "hybrid_score": 0.9623094880447878,
    "std_c_index": 0.005029683313451695,
    "std_mean_brier": 0.002902917997439088,
    "std_hybrid": 0.0034740980556422284
  }
}