{
  "trial_id": 169,
  "config": {
    "model_type": "coxnet",
    "model_params": {
      "l1_ratio": 0.9666865796916565,
      "alpha_min_ratio": 0.03899500332764294,
      "n_alphas": 282,
      "max_iter": 616,
      "tol": 6.290522706030901e-06
    },
    "seed": 42,
    "cv_n_splits": 5,
    "cv_n_repeats": 10,
    "preprocessing_config": {
      "eps": 1e-06,
      "min_speed": 0.01,
      "max_hours": 9999.0
    }
  },
  "result": {
    "c_index": 0.9365435574693608,
    "mean_brier": 0.025885868797155438,
    "hybrid_score": 0.9628429590827994,
    "std_c_index": 0.004954995636440187,
    "std_mean_brier": 0.002858425454152482,
    "std_hybrid": 0.0033465308185333252
  }
}