{
  "trial_id": 267,
  "config": {
    "model_type": "coxnet",
    "model_params": {
      "l1_ratio": 0.7666730467504749,
      "alpha_min_ratio": 0.011150717876814311,
      "n_alphas": 224,
      "max_iter": 16707,
      "tol": 5.98265267612059e-07
    },
    "seed": 2023,
    "cv_n_splits": 5,
    "cv_n_repeats": 10,
    "preprocessing_config": {
      "eps": 1e-06,
      "min_speed": 0.01,
      "max_hours": 9999.0
    }
  },
  "result": {
    "c_index": 0.9248757866843326,
    "mean_brier": 0.033048361362206846,
    "hybrid_score": 0.9543288830517549,
    "std_c_index": 0.011250054545960229,
    "std_mean_brier": 0.00523962787990843,
    "std_hybrid": 0.006776431689866885
  }
}