{
  "trial_id": 4,
  "config": {
    "model_type": "coxnet",
    "model_params": {
      "l1_ratio": 0.5648616489184735,
      "alpha_min_ratio": 0.0004077410862920868,
      "n_alphas": 130,
      "max_iter": 8155,
      "tol": 5.4477424478382664e-08
    },
    "seed": 2023,
    "cv_n_splits": 5,
    "cv_n_repeats": 10,
    "preprocessing_config": {
      "eps": 1e-06,
      "min_speed": 0.01,
      "max_hours": 9999.0
    }
  },
  "result": {
    "c_index": 0.9150215303080491,
    "mean_brier": 0.042726474303151865,
    "hybrid_score": 0.9445979270802084,
    "std_c_index": 0.017802591291385058,
    "std_mean_brier": 0.008245625650265076,
    "std_hybrid": 0.01068443243921435
  }
}