{
  "trial_id": 298,
  "config": {
    "model_type": "coxnet",
    "model_params": {
      "l1_ratio": 0.9141118873803445,
      "alpha_min_ratio": 0.06775129410053891,
      "n_alphas": 59,
      "max_iter": 7672,
      "tol": 5.0872772903114954e-08
    },
    "seed": 777,
    "cv_n_splits": 5,
    "cv_n_repeats": 10,
    "preprocessing_config": {
      "eps": 1e-06,
      "min_speed": 0.01,
      "max_hours": 9999.0
    }
  },
  "result": {
    "c_index": 0.9365187148062273,
    "mean_brier": 0.025426682572583004,
    "hybrid_score": 0.9631569366410601,
    "std_c_index": 0.00364720228115291,
    "std_mean_brier": 0.0005088019674582017,
    "std_hybrid": 0.0013351913204512455
  }
}