{
  "trial_id": 73,
  "config": {
    "model_type": "coxnet",
    "model_params": {
      "l1_ratio": 0.9535226908456135,
      "alpha_min_ratio": 0.09145543217703564,
      "n_alphas": 187,
      "max_iter": 722,
      "tol": 1.1431120300592705e-05
    },
    "seed": 42,
    "cv_n_splits": 5,
    "cv_n_repeats": 10,
    "preprocessing_config": {
      "eps": 1e-06,
      "min_speed": 0.01,
      "max_hours": 9999.0
    }
  },
  "result": {
    "c_index": 0.9395495197085127,
    "mean_brier": 0.025687322258173006,
    "hybrid_score": 0.9638837303318327,
    "std_c_index": 0.00245901933121744,
    "std_mean_brier": 0.0007672396402225867,
    "std_hybrid": 0.0011053797916951496
  }
}