{
  "trial_id": 282,
  "config": {
    "model_type": "coxnet",
    "model_params": {
      "l1_ratio": 0.6055440698210521,
      "alpha_min_ratio": 0.025868061186929688,
      "n_alphas": 194,
      "max_iter": 607,
      "tol": 7.997961057497232e-05
    },
    "seed": 42,
    "cv_n_splits": 5,
    "cv_n_repeats": 10,
    "preprocessing_config": {
      "eps": 1e-06,
      "min_speed": 0.01,
      "max_hours": 9999.0
    }
  },
  "result": {
    "c_index": 0.9337611791984102,
    "mean_brier": 0.027663533270426928,
    "hybrid_score": 0.9607638804702242,
    "std_c_index": 0.005893810935615633,
    "std_mean_brier": 0.002979110566171446,
    "std_hybrid": 0.0037919553000370365
  }
}