{
  "trial_id": 160,
  "config": {
    "seed": 42,
    "cv_n_splits": 5,
    "cv_n_repeats": 10,
    "gbsa_config": {
      "loss": "coxph",
      "n_estimators": 267,
      "learning_rate": 0.10861169261114255,
      "subsample": 0.7421416228202381,
      "max_depth": 5,
      "max_features": 0.7,
      "max_leaf_nodes": 16,
      "min_samples_split": 3,
      "min_samples_leaf": 5,
      "min_weight_fraction_leaf": 0.0,
      "min_impurity_decrease": 0.012449380631670004,
      "criterion": "friedman_mse",
      "ccp_alpha": 0.07948369793067778,
      "dropout_rate": 0.024220926971409738,
      "validation_fraction": 0.1832725668195766,
      "n_iter_no_change": 20,
      "tol": 2.311635453392937e-05,
      "random_state": 42,
      "warm_start": false,
      "verbose": 0
    },
    "preprocessing_config": {
      "eps": 1e-06,
      "min_speed": 0.01,
      "max_hours": 9999.0
    }
  },
  "result": {
    "c_index": 0.9031094733355417,
    "mean_brier": 0.061496012883861154,
    "hybrid_score": 0.9278856329819597,
    "std_c_index": 0.008597728123060422,
    "std_mean_brier": 0.0027476153408769236,
    "std_hybrid": 0.0034859798716295977
  }
}