{
  "trial_id": 6,
  "config": {
    "model_type": "coxnet",
    "model_params": {
      "l1_ratio": 0.760159713202054,
      "alpha_min_ratio": 0.020525451210255233,
      "n_alphas": 199,
      "max_iter": 16041,
      "tol": 1.743224072870939e-05
    },
    "seed": 2023,
    "cv_n_splits": 5,
    "cv_n_repeats": 10,
    "preprocessing_config": {
      "eps": 1e-06,
      "min_speed": 0.01,
      "max_hours": 9999.0
    }
  },
  "result": {
    "c_index": 0.9282957933090428,
    "mean_brier": 0.029786662932962248,
    "hybrid_score": 0.9576380739396392,
    "std_c_index": 0.008471671910707542,
    "std_mean_brier": 0.003455043228391829,
    "std_hybrid": 0.004829333433219166
  }
}