{
  "trial_id": 232,
  "config": {
    "model_type": "gbsa",
    "model_params": {
      "loss": "coxph",
      "n_estimators": 482,
      "learning_rate": 0.17155758136364543,
      "subsample": 0.6059140648747274,
      "max_depth": 4,
      "max_features": 0.7,
      "max_leaf_nodes": 8,
      "min_samples_split": 10,
      "min_samples_leaf": 4,
      "min_weight_fraction_leaf": 0.0,
      "min_impurity_decrease": 0.04761792092339119,
      "criterion": "friedman_mse",
      "ccp_alpha": 0.000491820117284227,
      "dropout_rate": 0.11884399794876344,
      "validation_fraction": 0.25805621722162375,
      "n_iter_no_change": null,
      "tol": 4.9586322210187184e-05,
      "random_state": 777,
      "warm_start": false,
      "verbose": 0
    },
    "seed": 777,
    "cv_n_splits": 5,
    "cv_n_repeats": 10,
    "preprocessing_config": {
      "eps": 1e-06,
      "min_speed": 0.01,
      "max_hours": 9999.0
    }
  },
  "result": {
    "c_index": 0.9395329579330903,
    "mean_brier": 0.09895011624670083,
    "hybrid_score": 0.9125948060072366,
    "std_c_index": 0.0027031232640248037,
    "std_mean_brier": 0.007865522084627513,
    "std_hybrid": 0.005617612805115113
  }
}