{
  "trial_id": 218,
  "config": {
    "model_type": "coxnet",
    "model_params": {
      "l1_ratio": 0.8546181985051827,
      "alpha_min_ratio": 0.04009014585790053,
      "n_alphas": 232,
      "max_iter": 14391,
      "tol": 5.439663557002635e-07
    },
    "seed": 2023,
    "cv_n_splits": 5,
    "cv_n_repeats": 10,
    "preprocessing_config": {
      "eps": 1e-06,
      "min_speed": 0.01,
      "max_hours": 9999.0
    }
  },
  "result": {
    "c_index": 0.9346058297449487,
    "mean_brier": 0.026102782816000463,
    "hybrid_score": 0.9621098009522843,
    "std_c_index": 0.003265873351333802,
    "std_mean_brier": 0.0009675791449662295,
    "std_hybrid": 0.001385191044437913
  }
}