{
  "trial_id": 96,
  "config": {
    "model_type": "coxnet",
    "model_params": {
      "l1_ratio": 0.9372234193859439,
      "alpha_min_ratio": 0.060533878292821315,
      "n_alphas": 136,
      "max_iter": 1356,
      "tol": 3.640579358030385e-08
    },
    "seed": 42,
    "cv_n_splits": 5,
    "cv_n_repeats": 10,
    "preprocessing_config": {
      "eps": 1e-06,
      "min_speed": 0.01,
      "max_hours": 9999.0
    }
  },
  "result": {
    "c_index": 0.9393839019542893,
    "mean_brier": 0.02552879454263881,
    "hybrid_score": 0.9639450144064398,
    "std_c_index": 0.0020840873866957983,
    "std_mean_brier": 0.0012632668702326222,
    "std_hybrid": 0.0012325529343728454
  }
}