{
  "trial_id": 297,
  "config": {
    "model_type": "coxnet",
    "model_params": {
      "l1_ratio": 0.974363219052061,
      "alpha_min_ratio": 0.08854146417983398,
      "n_alphas": 78,
      "max_iter": 13752,
      "tol": 2.6490284497833856e-07
    },
    "seed": 777,
    "cv_n_splits": 5,
    "cv_n_repeats": 10,
    "preprocessing_config": {
      "eps": 1e-06,
      "min_speed": 0.01,
      "max_hours": 9999.0
    }
  },
  "result": {
    "c_index": 0.935847962901623,
    "mean_brier": 0.025753829016648015,
    "hybrid_score": 0.9627267085588332,
    "std_c_index": 0.0032557792569089627,
    "std_mean_brier": 0.0005139908908558314,
    "std_hybrid": 0.001216478367056851
  }
}