{
  "trial_id": 264,
  "config": {
    "model_type": "coxnet",
    "model_params": {
      "l1_ratio": 0.9322647638944538,
      "alpha_min_ratio": 0.05647586616457502,
      "n_alphas": 265,
      "max_iter": 1895,
      "tol": 1.3126900501127952e-05
    },
    "seed": 42,
    "cv_n_splits": 5,
    "cv_n_repeats": 10,
    "preprocessing_config": {
      "eps": 1e-06,
      "min_speed": 0.01,
      "max_hours": 9999.0
    }
  },
  "result": {
    "c_index": 0.9383487909903941,
    "mean_brier": 0.025479911669128986,
    "hybrid_score": 0.9636686991287278,
    "std_c_index": 0.002762206747233577,
    "std_mean_brier": 0.0016176001067663172,
    "std_hybrid": 0.001868363047075664
  }
}