{
  "trial_id": 176,
  "config": {
    "model_type": "coxnet",
    "model_params": {
      "l1_ratio": 0.8384176124605288,
      "alpha_min_ratio": 0.0939020297750478,
      "n_alphas": 257,
      "max_iter": 18798,
      "tol": 1.0555012320158104e-08
    },
    "seed": 2023,
    "cv_n_splits": 5,
    "cv_n_repeats": 10,
    "preprocessing_config": {
      "eps": 1e-06,
      "min_speed": 0.01,
      "max_hours": 9999.0
    }
  },
  "result": {
    "c_index": 0.9370569725074528,
    "mean_brier": 0.026429533909623236,
    "hybrid_score": 0.9626164180154995,
    "std_c_index": 0.002586090871414537,
    "std_mean_brier": 0.0006662582807259972,
    "std_hybrid": 0.001062374747848712
  }
}