{
  "trial_id": 142,
  "config": {
    "model_type": "coxnet",
    "model_params": {
      "l1_ratio": 0.15033405504688463,
      "alpha_min_ratio": 0.06113470211302015,
      "n_alphas": 139,
      "max_iter": 7109,
      "tol": 9.788003319267505e-08
    },
    "seed": 777,
    "cv_n_splits": 5,
    "cv_n_repeats": 10,
    "preprocessing_config": {
      "eps": 1e-06,
      "min_speed": 0.01,
      "max_hours": 9999.0
    }
  },
  "result": {
    "c_index": 0.937313680026499,
    "mean_brier": 0.0339911775128247,
    "hybrid_score": 0.9574002797489725,
    "std_c_index": 0.0017910470898630422,
    "std_mean_brier": 0.0005884632952081222,
    "std_hybrid": 0.0006616761735027105
  }
}