{
  "trial_id": 208,
  "config": {
    "model_type": "coxnet",
    "model_params": {
      "l1_ratio": 0.9493307309628088,
      "alpha_min_ratio": 0.08975378856919321,
      "n_alphas": 266,
      "max_iter": 12893,
      "tol": 1.0339287160654092e-05
    },
    "seed": 777,
    "cv_n_splits": 5,
    "cv_n_repeats": 10,
    "preprocessing_config": {
      "eps": 1e-06,
      "min_speed": 0.01,
      "max_hours": 9999.0
    }
  },
  "result": {
    "c_index": 0.9363779397151374,
    "mean_brier": 0.0258696734395815,
    "hybrid_score": 0.9628046105068341,
    "std_c_index": 0.0029958164278318018,
    "std_mean_brier": 0.000523813491544708,
    "std_hybrid": 0.0011413017388559642
  }
}