{
  "trial_id": 121,
  "config": {
    "model_type": "coxnet",
    "model_params": {
      "l1_ratio": 0.038220500877943486,
      "alpha_min_ratio": 0.09514745498470657,
      "n_alphas": 122,
      "max_iter": 250,
      "tol": 1.8639607107898722e-05
    },
    "seed": 42,
    "cv_n_splits": 5,
    "cv_n_repeats": 10,
    "preprocessing_config": {
      "eps": 1e-06,
      "min_speed": 0.01,
      "max_hours": 9999.0
    }
  },
  "result": {
    "c_index": 0.9362620072871811,
    "mean_brier": 0.07569991584503691,
    "hybrid_score": 0.9278886610946285,
    "std_c_index": 0.0013265196387809185,
    "std_mean_brier": 0.002126608063560787,
    "std_hybrid": 0.0016463359569356831
  }
}