{
  "trial_id": 156,
  "config": {
    "model_type": "coxnet",
    "model_params": {
      "l1_ratio": 0.8061254525671259,
      "alpha_min_ratio": 0.050662743000842114,
      "n_alphas": 180,
      "max_iter": 9785,
      "tol": 1.5707839878103716e-07
    },
    "seed": 2023,
    "cv_n_splits": 5,
    "cv_n_repeats": 10,
    "preprocessing_config": {
      "eps": 1e-06,
      "min_speed": 0.01,
      "max_hours": 9999.0
    }
  },
  "result": {
    "c_index": 0.9353428287512422,
    "mean_brier": 0.026054981580508237,
    "hybrid_score": 0.9623643615190168,
    "std_c_index": 0.002858238092720053,
    "std_mean_brier": 0.0008957521967079142,
    "std_hybrid": 0.0012304781062383273
  }
}