{
  "trial_id": 219,
  "config": {
    "model_type": "coxnet",
    "model_params": {
      "l1_ratio": 0.9486625567177311,
      "alpha_min_ratio": 0.0954774240429254,
      "n_alphas": 261,
      "max_iter": 16754,
      "tol": 3.7091476635733426e-05
    },
    "seed": 1024,
    "cv_n_splits": 5,
    "cv_n_repeats": 10,
    "preprocessing_config": {
      "eps": 1e-06,
      "min_speed": 0.01,
      "max_hours": 9999.0
    }
  },
  "result": {
    "c_index": 0.9366594898973171,
    "mean_brier": 0.026132606442159027,
    "hybrid_score": 0.9627050224596836,
    "std_c_index": 0.003357274502493829,
    "std_mean_brier": 0.0007313032840017697,
    "std_hybrid": 0.0014373558384809457
  }
}