{
  "trial_id": 228,
  "config": {
    "model_type": "coxnet",
    "model_params": {
      "l1_ratio": 0.8096496263448956,
      "alpha_min_ratio": 0.04952449071432784,
      "n_alphas": 120,
      "max_iter": 16299,
      "tol": 3.53129380036824e-07
    },
    "seed": 2023,
    "cv_n_splits": 5,
    "cv_n_repeats": 10,
    "preprocessing_config": {
      "eps": 1e-06,
      "min_speed": 0.01,
      "max_hours": 9999.0
    }
  },
  "result": {
    "c_index": 0.9352683007618416,
    "mean_brier": 0.02606310223643594,
    "hybrid_score": 0.9623363186630474,
    "std_c_index": 0.0029958164278318035,
    "std_mean_brier": 0.0009004490084891056,
    "std_hybrid": 0.0012925286149927172
  }
}