{
  "trial_id": 248,
  "config": {
    "model_type": "coxnet",
    "model_params": {
      "l1_ratio": 0.9510568002818821,
      "alpha_min_ratio": 0.08117602810987738,
      "n_alphas": 244,
      "max_iter": 1514,
      "tol": 8.696502935616252e-06
    },
    "seed": 42,
    "cv_n_splits": 5,
    "cv_n_repeats": 10,
    "preprocessing_config": {
      "eps": 1e-06,
      "min_speed": 0.01,
      "max_hours": 9999.0
    }
  },
  "result": {
    "c_index": 0.939466710831401,
    "mean_brier": 0.02541161208167279,
    "hybrid_score": 0.9640518847922493,
    "std_c_index": 0.0022541665433614346,
    "std_mean_brier": 0.0008096578770274447,
    "std_hybrid": 0.0010887204688333188
  }
}