{
  "trial_id": 229,
  "config": {
    "model_type": "gbsa",
    "model_params": {
      "loss": "coxph",
      "n_estimators": 243,
      "learning_rate": 0.1612240656303604,
      "subsample": 0.9998033796925222,
      "max_depth": 2,
      "max_features": 0.5,
      "max_leaf_nodes": 63,
      "min_samples_split": 17,
      "min_samples_leaf": 2,
      "min_weight_fraction_leaf": 0.0,
      "min_impurity_decrease": 0.006026583993788567,
      "criterion": "friedman_mse",
      "ccp_alpha": 3.3178780498837645e-05,
      "dropout_rate": 0.076911345633604,
      "validation_fraction": 0.26580326926124603,
      "n_iter_no_change": null,
      "tol": 0.001525562061010392,
      "random_state": 1024,
      "warm_start": false,
      "verbose": 0
    },
    "seed": 1024,
    "cv_n_splits": 5,
    "cv_n_repeats": 10,
    "preprocessing_config": {
      "eps": 1e-06,
      "min_speed": 0.01,
      "max_hours": 9999.0
    }
  },
  "result": {
    "c_index": 0.9395039748261015,
    "mean_brier": 0.07220903591278166,
    "hybrid_score": 0.9313048673088833,
    "std_c_index": 0.0020123962795276533,
    "std_mean_brier": 0.004675120322635353,
    "std_hybrid": 0.003510436512676642
  }
}