{
  "trial_id": 264,
  "config": {
    "model_type": "gbsa",
    "model_params": {
      "loss": "coxph",
      "n_estimators": 290,
      "learning_rate": 0.014505482922183198,
      "subsample": 0.7487473840687663,
      "max_depth": 6,
      "max_features": 1.0,
      "max_leaf_nodes": 63,
      "min_samples_split": 18,
      "min_samples_leaf": 16,
      "min_weight_fraction_leaf": 0.0,
      "min_impurity_decrease": 0.01267415339424317,
      "criterion": "friedman_mse",
      "ccp_alpha": 4.712367941774452e-05,
      "dropout_rate": 0.07698908018791514,
      "validation_fraction": 0.22034870890502145,
      "n_iter_no_change": null,
      "tol": 2.779724674432893e-05,
      "random_state": 2023,
      "warm_start": false,
      "verbose": 0
    },
    "seed": 2023,
    "cv_n_splits": 5,
    "cv_n_repeats": 10,
    "preprocessing_config": {
      "eps": 1e-06,
      "min_speed": 0.01,
      "max_hours": 9999.0
    }
  },
  "result": {
    "c_index": 0.9359638953295795,
    "mean_brier": 0.2109215557785789,
    "hybrid_score": 0.8331440795538685,
    "std_c_index": 0.004648492377587337,
    "std_mean_brier": 0.010486174693859738,
    "std_hybrid": 0.007464904921878353
  }
}