{
  "trial_id": 51,
  "config": {
    "model_type": "coxnet",
    "model_params": {
      "l1_ratio": 0.9954755097952427,
      "alpha_min_ratio": 0.009361652717785942,
      "n_alphas": 258,
      "max_iter": 17316,
      "tol": 4.575072026272829e-06
    },
    "seed": 1024,
    "cv_n_splits": 5,
    "cv_n_repeats": 10,
    "preprocessing_config": {
      "eps": 1e-06,
      "min_speed": 0.01,
      "max_hours": 9999.0
    }
  },
  "result": {
    "c_index": 0.9278072209340842,
    "mean_brier": 0.03142419006166351,
    "hybrid_score": 0.9563452332370608,
    "std_c_index": 0.007078081202298494,
    "std_mean_brier": 0.003038129214371922,
    "std_hybrid": 0.004018579737814914
  }
}