{
  "trial_id": 296,
  "config": {
    "model_type": "gbsa",
    "model_params": {
      "loss": "coxph",
      "n_estimators": 202,
      "learning_rate": 0.16329731116773102,
      "subsample": 0.5804499398890323,
      "max_depth": 1,
      "max_features": "log2",
      "max_leaf_nodes": 16,
      "min_samples_split": 9,
      "min_samples_leaf": 18,
      "min_weight_fraction_leaf": 0.0,
      "min_impurity_decrease": 0.023308350526883553,
      "criterion": "friedman_mse",
      "ccp_alpha": 0.02686253637126875,
      "dropout_rate": 0.20287707732225702,
      "validation_fraction": 0.11923363843951981,
      "n_iter_no_change": null,
      "tol": 3.7747531626741696e-05,
      "random_state": 777,
      "warm_start": false,
      "verbose": 0
    },
    "seed": 777,
    "cv_n_splits": 5,
    "cv_n_repeats": 10,
    "preprocessing_config": {
      "eps": 1e-06,
      "min_speed": 0.01,
      "max_hours": 9999.0
    }
  },
  "result": {
    "c_index": 0.9413257701225571,
    "mean_brier": 0.16048395817145783,
    "hybrid_score": 0.8700589603167466,
    "std_c_index": 0.0035239750377470233,
    "std_mean_brier": 0.010506057076875063,
    "std_hybrid": 0.007186561133114648
  }
}