{
  "trial_id": 254,
  "config": {
    "model_type": "gbsa",
    "model_params": {
      "loss": "coxph",
      "n_estimators": 497,
      "learning_rate": 0.015445868951867548,
      "subsample": 0.8558488906403724,
      "max_depth": 1,
      "max_features": "sqrt",
      "max_leaf_nodes": 31,
      "min_samples_split": 16,
      "min_samples_leaf": 3,
      "min_weight_fraction_leaf": 0.0,
      "min_impurity_decrease": 0.03539293215849197,
      "criterion": "friedman_mse",
      "ccp_alpha": 2.8092871001823113e-08,
      "dropout_rate": 0.04499675618738872,
      "validation_fraction": 0.19763439763180324,
      "n_iter_no_change": null,
      "tol": 3.424474299653322e-05,
      "random_state": 2023,
      "warm_start": false,
      "verbose": 0
    },
    "seed": 2023,
    "cv_n_splits": 5,
    "cv_n_repeats": 10,
    "preprocessing_config": {
      "eps": 1e-06,
      "min_speed": 0.01,
      "max_hours": 9999.0
    }
  },
  "result": {
    "c_index": 0.937756707519046,
    "mean_brier": 0.1982357354205581,
    "hybrid_score": 0.842561997461323,
    "std_c_index": 0.003290548561586432,
    "std_mean_brier": 0.009661956374189148,
    "std_hybrid": 0.007348620864829933
  }
}