{
  "trial_id": 32,
  "config": {
    "seed": 42,
    "cv_n_splits": 5,
    "cv_n_repeats": 10,
    "gbsa_config": {
      "loss": "coxph",
      "n_estimators": 429,
      "learning_rate": 0.08024620131587533,
      "subsample": 0.9218255746689586,
      "max_depth": 6,
      "max_features": 1.0,
      "max_leaf_nodes": 16,
      "min_samples_split": 2,
      "min_samples_leaf": 6,
      "min_weight_fraction_leaf": 0.0,
      "min_impurity_decrease": 0.03794485571755479,
      "criterion": "friedman_mse",
      "ccp_alpha": 2.1594868421473875e-05,
      "dropout_rate": 0.08487001183180029,
      "validation_fraction": 0.21799652691248342,
      "n_iter_no_change": 20,
      "tol": 1.0588398018347031e-05,
      "random_state": 42,
      "warm_start": false,
      "verbose": 0
    },
    "preprocessing_config": {
      "eps": 1e-06,
      "min_speed": 0.01,
      "max_hours": 9999.0
    }
  },
  "result": {
    "c_index": 0.9402451142762503,
    "mean_brier": 0.1251742377494876,
    "hybrid_score": 0.8944515678582338,
    "std_c_index": 0.00351112568500405,
    "std_mean_brier": 0.008075537370384857,
    "std_hybrid": 0.00616243956391982
  }
}