{
  "trial_id": 148,
  "config": {
    "model_type": "coxnet",
    "model_params": {
      "l1_ratio": 0.003678180259102215,
      "alpha_min_ratio": 0.013705125998219502,
      "n_alphas": 125,
      "max_iter": 16967,
      "tol": 3.276730099764327e-06
    },
    "seed": 777,
    "cv_n_splits": 5,
    "cv_n_repeats": 10,
    "preprocessing_config": {
      "eps": 1e-06,
      "min_speed": 0.01,
      "max_hours": 9999.0
    }
  },
  "result": {
    "c_index": 0.9326763829082478,
    "mean_brier": 0.08221692359300384,
    "hybrid_score": 0.9222510683573717,
    "std_c_index": 0.001602731535264641,
    "std_mean_brier": 0.004247419581637936,
    "std_hybrid": 0.0028061166382316164
  }
}