{
  "trial_id": 66,
  "config": {
    "model_type": "coxnet",
    "model_params": {
      "l1_ratio": 0.06292299232685106,
      "alpha_min_ratio": 0.0005496734464237147,
      "n_alphas": 78,
      "max_iter": 15983,
      "tol": 9.542359338328736e-07
    },
    "seed": 777,
    "cv_n_splits": 5,
    "cv_n_repeats": 10,
    "preprocessing_config": {
      "eps": 1e-06,
      "min_speed": 0.01,
      "max_hours": 9999.0
    }
  },
  "result": {
    "c_index": 0.9225985425637628,
    "mean_brier": 0.04073930677999039,
    "hybrid_score": 0.9482620480231356,
    "std_c_index": 0.012435845004536258,
    "std_mean_brier": 0.007498333162625724,
    "std_hybrid": 0.007722203617027637
  }
}