{
  "trial_id": 253,
  "config": {
    "model_type": "coxnet",
    "model_params": {
      "l1_ratio": 0.8689710620845735,
      "alpha_min_ratio": 0.013927204034738148,
      "n_alphas": 221,
      "max_iter": 16558,
      "tol": 1.2146097638458515e-05
    },
    "seed": 42,
    "cv_n_splits": 5,
    "cv_n_repeats": 10,
    "preprocessing_config": {
      "eps": 1e-06,
      "min_speed": 0.01,
      "max_hours": 9999.0
    }
  },
  "result": {
    "c_index": 0.9278403444849287,
    "mean_brier": 0.029787102095760264,
    "hybrid_score": 0.9575011318784465,
    "std_c_index": 0.00887479391119577,
    "std_mean_brier": 0.00276703759291826,
    "std_hybrid": 0.004464247898296844
  }
}