{
  "trial_id": 142,
  "config": {
    "model_type": "gbsa",
    "model_params": {
      "loss": "coxph",
      "n_estimators": 190,
      "learning_rate": 0.10992499714017794,
      "subsample": 0.9066545931385105,
      "max_depth": 1,
      "max_features": "log2",
      "max_leaf_nodes": null,
      "min_samples_split": 19,
      "min_samples_leaf": 3,
      "min_weight_fraction_leaf": 0.0,
      "min_impurity_decrease": 0.011380784307184293,
      "criterion": "friedman_mse",
      "ccp_alpha": 4.912823843757858e-05,
      "dropout_rate": 0.03129454317988809,
      "validation_fraction": 0.258247644780711,
      "n_iter_no_change": null,
      "tol": 0.006911791891142273,
      "random_state": 1024,
      "warm_start": false,
      "verbose": 0
    },
    "seed": 1024,
    "cv_n_splits": 5,
    "cv_n_repeats": 10,
    "preprocessing_config": {
      "eps": 1e-06,
      "min_speed": 0.01,
      "max_hours": 9999.0
    }
  },
  "result": {
    "c_index": 0.9427086783703214,
    "mean_brier": 0.06199178830186808,
    "hybrid_score": 0.9394183516997888,
    "std_c_index": 0.0026067078374061355,
    "std_mean_brier": 0.0035541061589746954,
    "std_hybrid": 0.0026627353972413425
  }
}