{
  "trial_id": 232,
  "config": {
    "model_type": "gbsa",
    "model_params": {
      "loss": "coxph",
      "n_estimators": 378,
      "learning_rate": 0.08022935473753788,
      "subsample": 0.8053434423398935,
      "max_depth": 1,
      "max_features": "log2",
      "max_leaf_nodes": 31,
      "min_samples_split": 13,
      "min_samples_leaf": 9,
      "min_weight_fraction_leaf": 0.0,
      "min_impurity_decrease": 0.018815823440157673,
      "criterion": "friedman_mse",
      "ccp_alpha": 2.1546802158241217e-08,
      "dropout_rate": 0.058913374723114434,
      "validation_fraction": 0.12436638047848553,
      "n_iter_no_change": null,
      "tol": 0.0002617529533132499,
      "random_state": 2023,
      "warm_start": false,
      "verbose": 0
    },
    "seed": 2023,
    "cv_n_splits": 5,
    "cv_n_repeats": 10,
    "preprocessing_config": {
      "eps": 1e-06,
      "min_speed": 0.01,
      "max_hours": 9999.0
    }
  },
  "result": {
    "c_index": 0.9398683338853925,
    "mean_brier": 0.12821758156654442,
    "hybrid_score": 0.8922081930690366,
    "std_c_index": 0.0030199166790920843,
    "std_mean_brier": 0.005878112561685076,
    "std_hybrid": 0.004549348728712186
  }
}