{
  "trial_id": 1,
  "config": {
    "model_type": "coxnet",
    "model_params": {
      "l1_ratio": 0.15599452033620265,
      "alpha_min_ratio": 0.00014936568554617635,
      "n_alphas": 267,
      "max_iter": 1242,
      "tol": 6.7965780907581515e-06
    },
    "seed": 42,
    "cv_n_splits": 5,
    "cv_n_repeats": 10,
    "preprocessing_config": {
      "eps": 1e-06,
      "min_speed": 0.01,
      "max_hours": 9999.0
    }
  },
  "result": {
    "c_index": 0.9263166611460749,
    "mean_brier": 0.03893277834560903,
    "hybrid_score": 0.9506420535018961,
    "std_c_index": 0.011581335862447091,
    "std_mean_brier": 0.007023746862855986,
    "std_hybrid": 0.007637827312093682
  }
}