{
  "trial_id": 30,
  "config": {
    "model_type": "coxnet",
    "model_params": {
      "l1_ratio": 0.9075212349813796,
      "alpha_min_ratio": 0.0965141177639807,
      "n_alphas": 292,
      "max_iter": 7935,
      "tol": 2.0959606855543055e-06
    },
    "seed": 42,
    "cv_n_splits": 5,
    "cv_n_repeats": 10,
    "preprocessing_config": {
      "eps": 1e-06,
      "min_speed": 0.01,
      "max_hours": 9999.0
    }
  },
  "result": {
    "c_index": 0.93981450811527,
    "mean_brier": 0.025937626073348395,
    "hybrid_score": 0.9637880141832371,
    "std_c_index": 0.002373250986966037,
    "std_mean_brier": 0.0007556373095285223,
    "std_hybrid": 0.0010849112733071272
  }
}