{
  "trial_id": 227,
  "config": {
    "model_type": "coxnet",
    "model_params": {
      "l1_ratio": 0.99008020745646,
      "alpha_min_ratio": 0.04584649708117797,
      "n_alphas": 245,
      "max_iter": 1754,
      "tol": 9.595458212645257e-05
    },
    "seed": 42,
    "cv_n_splits": 5,
    "cv_n_repeats": 10,
    "preprocessing_config": {
      "eps": 1e-06,
      "min_speed": 0.01,
      "max_hours": 9999.0
    }
  },
  "result": {
    "c_index": 0.93732196091421,
    "mean_brier": 0.02571688531358235,
    "hybrid_score": 0.9631947685547553,
    "std_c_index": 0.004492097276551527,
    "std_mean_brier": 0.0025616966967374924,
    "std_hybrid": 0.0030089453981133824
  }
}