{
  "trial_id": 290,
  "config": {
    "model_type": "gbsa",
    "model_params": {
      "loss": "coxph",
      "n_estimators": 308,
      "learning_rate": 0.17587779171721765,
      "subsample": 0.6965093447030056,
      "max_depth": 2,
      "max_features": 0.5,
      "max_leaf_nodes": 8,
      "min_samples_split": 16,
      "min_samples_leaf": 1,
      "min_weight_fraction_leaf": 0.0,
      "min_impurity_decrease": 0.04961478817609094,
      "criterion": "friedman_mse",
      "ccp_alpha": 0.0005571364544634991,
      "dropout_rate": 0.08629681953778873,
      "validation_fraction": 0.2021172415170856,
      "n_iter_no_change": null,
      "tol": 0.0001452178646128404,
      "random_state": 777,
      "warm_start": false,
      "verbose": 0
    },
    "seed": 777,
    "cv_n_splits": 5,
    "cv_n_repeats": 10,
    "preprocessing_config": {
      "eps": 1e-06,
      "min_speed": 0.01,
      "max_hours": 9999.0
    }
  },
  "result": {
    "c_index": 0.9396447499171909,
    "mean_brier": 0.07702987005688196,
    "hybrid_score": 0.9279725159353399,
    "std_c_index": 0.0026688396680460847,
    "std_mean_brier": 0.006565608498859416,
    "std_hybrid": 0.004833968754105735
  }
}