{
  "trial_id": 76,
  "config": {
    "model_type": "coxnet",
    "model_params": {
      "l1_ratio": 0.38470714916476395,
      "alpha_min_ratio": 0.00023278033114575804,
      "n_alphas": 148,
      "max_iter": 574,
      "tol": 1.2527385284568849e-05
    },
    "seed": 42,
    "cv_n_splits": 5,
    "cv_n_repeats": 10,
    "preprocessing_config": {
      "eps": 1e-06,
      "min_speed": 0.01,
      "max_hours": 9999.0
    }
  },
  "result": {
    "c_index": 0.9261676051672738,
    "mean_brier": 0.0366030430737425,
    "hybrid_score": 0.9522281513985623,
    "std_c_index": 0.011138714374162402,
    "std_mean_brier": 0.00536407707370413,
    "std_hybrid": 0.006649934427865878
  }
}