{
  "trial_id": 272,
  "config": {
    "model_type": "coxnet",
    "model_params": {
      "l1_ratio": 0.8246010319767488,
      "alpha_min_ratio": 0.019534490289131946,
      "n_alphas": 237,
      "max_iter": 10763,
      "tol": 5.777550837112061e-07
    },
    "seed": 42,
    "cv_n_splits": 5,
    "cv_n_repeats": 10,
    "preprocessing_config": {
      "eps": 1e-06,
      "min_speed": 0.01,
      "max_hours": 9999.0
    }
  },
  "result": {
    "c_index": 0.9290245114276251,
    "mean_brier": 0.02817100257670776,
    "hybrid_score": 0.9589876516245921,
    "std_c_index": 0.008529511312794943,
    "std_mean_brier": 0.0029293017267864796,
    "std_hybrid": 0.0045384271362588005
  }
}