{
  "trial_id": 161,
  "config": {
    "model_type": "coxnet",
    "model_params": {
      "l1_ratio": 0.9060239404166375,
      "alpha_min_ratio": 0.0856544094294444,
      "n_alphas": 84,
      "max_iter": 18477,
      "tol": 1.024868636024186e-06
    },
    "seed": 777,
    "cv_n_splits": 5,
    "cv_n_repeats": 10,
    "preprocessing_config": {
      "eps": 1e-06,
      "min_speed": 0.01,
      "max_hours": 9999.0
    }
  },
  "result": {
    "c_index": 0.9366263663464723,
    "mean_brier": 0.025837382141398392,
    "hybrid_score": 0.9629017424049628,
    "std_c_index": 0.0032033338023645676,
    "std_mean_brier": 0.0005258128169878142,
    "std_hybrid": 0.001224468915498085
  }
}