{
  "trial_id": 134,
  "config": {
    "model_type": "coxnet",
    "model_params": {
      "l1_ratio": 0.9831421326615692,
      "alpha_min_ratio": 0.06496356058973964,
      "n_alphas": 69,
      "max_iter": 19457,
      "tol": 6.566522633432939e-07
    },
    "seed": 2023,
    "cv_n_splits": 5,
    "cv_n_repeats": 10,
    "preprocessing_config": {
      "eps": 1e-06,
      "min_speed": 0.01,
      "max_hours": 9999.0
    }
  },
  "result": {
    "c_index": 0.9356657833719775,
    "mean_brier": 0.025650369380160916,
    "hybrid_score": 0.9627444764454806,
    "std_c_index": 0.002680616852618381,
    "std_mean_brier": 0.0009080429017990009,
    "std_hybrid": 0.001282748261004083
  }
}