{
  "trial_id": 120,
  "config": {
    "model_type": "coxnet",
    "model_params": {
      "l1_ratio": 0.9234653668090812,
      "alpha_min_ratio": 0.042896332269155034,
      "n_alphas": 78,
      "max_iter": 12672,
      "tol": 5.196320430232494e-06
    },
    "seed": 777,
    "cv_n_splits": 5,
    "cv_n_repeats": 10,
    "preprocessing_config": {
      "eps": 1e-06,
      "min_speed": 0.01,
      "max_hours": 9999.0
    }
  },
  "result": {
    "c_index": 0.9349784696919509,
    "mean_brier": 0.026119110260569428,
    "hybrid_score": 0.9622101637251866,
    "std_c_index": 0.0031136137793971483,
    "std_mean_brier": 0.0013424511566944215,
    "std_hybrid": 0.0014967014200996612
  }
}