{
  "trial_id": 93,
  "config": {
    "model_type": "gbsa",
    "model_params": {
      "loss": "coxph",
      "n_estimators": 219,
      "learning_rate": 0.06341876254555197,
      "subsample": 0.6098247874490892,
      "max_depth": 3,
      "max_features": 0.5,
      "max_leaf_nodes": 8,
      "min_samples_split": 18,
      "min_samples_leaf": 9,
      "min_weight_fraction_leaf": 0.0,
      "min_impurity_decrease": 0.022744976657347944,
      "criterion": "friedman_mse",
      "ccp_alpha": 0.028935515162622067,
      "dropout_rate": 0.0028774949316581616,
      "validation_fraction": 0.19249389496167296,
      "n_iter_no_change": null,
      "tol": 1.9925286582249725e-05,
      "random_state": 777,
      "warm_start": false,
      "verbose": 0
    },
    "seed": 777,
    "cv_n_splits": 5,
    "cv_n_repeats": 10,
    "preprocessing_config": {
      "eps": 1e-06,
      "min_speed": 0.01,
      "max_hours": 9999.0
    }
  },
  "result": {
    "c_index": 0.9343367008943358,
    "mean_brier": 0.0403295075184872,
    "hybrid_score": 0.9520703550053599,
    "std_c_index": 0.004001067955488165,
    "std_mean_brier": 0.0015295388106550513,
    "std_hybrid": 0.0016840016979063088
  }
}