{
  "trial_id": 60,
  "config": {
    "model_type": "gbsa",
    "model_params": {
      "loss": "coxph",
      "n_estimators": 445,
      "learning_rate": 0.17135568655388744,
      "subsample": 0.5006748697631537,
      "max_depth": 4,
      "max_features": null,
      "max_leaf_nodes": 31,
      "min_samples_split": 2,
      "min_samples_leaf": 11,
      "min_weight_fraction_leaf": 0.0,
      "min_impurity_decrease": 0.035070680450225426,
      "criterion": "friedman_mse",
      "ccp_alpha": 1.5615140902035717e-06,
      "dropout_rate": 0.11409955529085822,
      "validation_fraction": 0.25140575498996254,
      "n_iter_no_change": 5,
      "tol": 0.00017591526799014842,
      "random_state": 777,
      "warm_start": false,
      "verbose": 0
    },
    "seed": 777,
    "cv_n_splits": 5,
    "cv_n_repeats": 10,
    "preprocessing_config": {
      "eps": 1e-06,
      "min_speed": 0.01,
      "max_hours": 9999.0
    }
  },
  "result": {
    "c_index": 0.9252898310698907,
    "mean_brier": 0.1056591738210684,
    "hybrid_score": 0.9036255276462193,
    "std_c_index": 0.007731378426038641,
    "std_mean_brier": 0.007989865027808175,
    "std_hybrid": 0.006740102731955755
  }
}