{
  "trial_id": 260,
  "config": {
    "model_type": "coxnet",
    "model_params": {
      "l1_ratio": 0.9923699512536328,
      "alpha_min_ratio": 0.04701847532116226,
      "n_alphas": 235,
      "max_iter": 19826,
      "tol": 2.1503618152143653e-05
    },
    "seed": 42,
    "cv_n_splits": 5,
    "cv_n_repeats": 10,
    "preprocessing_config": {
      "eps": 1e-06,
      "min_speed": 0.01,
      "max_hours": 9999.0
    }
  },
  "result": {
    "c_index": 0.9374296124544552,
    "mean_brier": 0.025686330281861396,
    "hybrid_score": 0.9632484525390336,
    "std_c_index": 0.004383273412691022,
    "std_mean_brier": 0.00248375902069219,
    "std_hybrid": 0.002930796233871133
  }
}