{
  "trial_id": 110,
  "config": {
    "model_type": "coxnet",
    "model_params": {
      "l1_ratio": 0.9967965003759127,
      "alpha_min_ratio": 0.031194531872830125,
      "n_alphas": 183,
      "max_iter": 12399,
      "tol": 2.91165388718075e-05
    },
    "seed": 42,
    "cv_n_splits": 5,
    "cv_n_repeats": 10,
    "preprocessing_config": {
      "eps": 1e-06,
      "min_speed": 0.01,
      "max_hours": 9999.0
    }
  },
  "result": {
    "c_index": 0.9343988075521696,
    "mean_brier": 0.026124350670384416,
    "hybrid_score": 0.9620325967963819,
    "std_c_index": 0.006573355938120652,
    "std_mean_brier": 0.0030015945537247876,
    "std_hybrid": 0.004032543089504514
  }
}