{
  "trial_id": 78,
  "config": {
    "model_type": "coxnet",
    "model_params": {
      "l1_ratio": 0.1769501890730681,
      "alpha_min_ratio": 0.00032676448063292376,
      "n_alphas": 238,
      "max_iter": 6680,
      "tol": 1.3689669925088268e-08
    },
    "seed": 2023,
    "cv_n_splits": 5,
    "cv_n_repeats": 10,
    "preprocessing_config": {
      "eps": 1e-06,
      "min_speed": 0.01,
      "max_hours": 9999.0
    }
  },
  "result": {
    "c_index": 0.9147648227890031,
    "mean_brier": 0.042784745074888074,
    "hybrid_score": 0.9444801252842792,
    "std_c_index": 0.02077067350850286,
    "std_mean_brier": 0.00864060759804389,
    "std_hybrid": 0.01197368624501434
  }
}