{
  "trial_id": 96,
  "config": {
    "model_type": "gbsa",
    "model_params": {
      "loss": "coxph",
      "n_estimators": 269,
      "learning_rate": 0.1867879867780112,
      "subsample": 0.6760178136824524,
      "max_depth": 2,
      "max_features": 0.5,
      "max_leaf_nodes": 16,
      "min_samples_split": 12,
      "min_samples_leaf": 3,
      "min_weight_fraction_leaf": 0.0,
      "min_impurity_decrease": 0.04775232374621415,
      "criterion": "friedman_mse",
      "ccp_alpha": 0.022875666203538755,
      "dropout_rate": 0.017004332503139114,
      "validation_fraction": 0.26828611775881295,
      "n_iter_no_change": null,
      "tol": 0.0012019304036435963,
      "random_state": 777,
      "warm_start": false,
      "verbose": 0
    },
    "seed": 777,
    "cv_n_splits": 5,
    "cv_n_repeats": 10,
    "preprocessing_config": {
      "eps": 1e-06,
      "min_speed": 0.01,
      "max_hours": 9999.0
    }
  },
  "result": {
    "c_index": 0.9364607485922491,
    "mean_brier": 0.033736056479834145,
    "hybrid_score": 0.9573229850417906,
    "std_c_index": 0.0022428215305400423,
    "std_mean_brier": 0.001450536081885383,
    "std_hybrid": 0.0013136154798843414
  }
}