{
  "trial_id": 52,
  "config": {
    "model_type": "gbsa",
    "model_params": {
      "loss": "coxph",
      "n_estimators": 464,
      "learning_rate": 0.1751469449066869,
      "subsample": 0.9973092796976247,
      "max_depth": 5,
      "max_features": 0.3,
      "max_leaf_nodes": 63,
      "min_samples_split": 13,
      "min_samples_leaf": 8,
      "min_weight_fraction_leaf": 0.0,
      "min_impurity_decrease": 0.04001595348264593,
      "criterion": "friedman_mse",
      "ccp_alpha": 0.008823901360596203,
      "dropout_rate": 0.09770328410218401,
      "validation_fraction": 0.2236793701524886,
      "n_iter_no_change": null,
      "tol": 0.0012248509801409478,
      "random_state": 1024,
      "warm_start": false,
      "verbose": 0
    },
    "seed": 1024,
    "cv_n_splits": 5,
    "cv_n_repeats": 10,
    "preprocessing_config": {
      "eps": 1e-06,
      "min_speed": 0.01,
      "max_hours": 9999.0
    }
  },
  "result": {
    "c_index": 0.9369244783040742,
    "mean_brier": 0.08213470626848393,
    "hybrid_score": 0.9235830491032834,
    "std_c_index": 0.0037643079340842745,
    "std_mean_brier": 0.004919327195297986,
    "std_hybrid": 0.004047838841217753
  }
}