{
  "trial_id": 164,
  "config": {
    "model_type": "gbsa",
    "model_params": {
      "loss": "coxph",
      "n_estimators": 313,
      "learning_rate": 0.18347352964275881,
      "subsample": 0.8066398809851797,
      "max_depth": 2,
      "max_features": 0.3,
      "max_leaf_nodes": 31,
      "min_samples_split": 12,
      "min_samples_leaf": 5,
      "min_weight_fraction_leaf": 0.0,
      "min_impurity_decrease": 0.04564275475675765,
      "criterion": "friedman_mse",
      "ccp_alpha": 7.710091368187865e-05,
      "dropout_rate": 0.14716410737403846,
      "validation_fraction": 0.14389041795938193,
      "n_iter_no_change": null,
      "tol": 5.703969543819971e-05,
      "random_state": 1024,
      "warm_start": false,
      "verbose": 0
    },
    "seed": 1024,
    "cv_n_splits": 5,
    "cv_n_repeats": 10,
    "preprocessing_config": {
      "eps": 1e-06,
      "min_speed": 0.01,
      "max_hours": 9999.0
    }
  },
  "result": {
    "c_index": 0.9400877774097383,
    "mean_brier": 0.10499007061444958,
    "hybrid_score": 0.9085332837928067,
    "std_c_index": 0.00245133858648584,
    "std_mean_brier": 0.006788415666541299,
    "std_hybrid": 0.005039387956024403
  }
}