{
  "trial_id": 63,
  "config": {
    "model_type": "coxnet",
    "model_params": {
      "l1_ratio": 0.7731984080331235,
      "alpha_min_ratio": 0.08148604582606817,
      "n_alphas": 206,
      "max_iter": 15295,
      "tol": 1.0254785508590995e-05
    },
    "seed": 1024,
    "cv_n_splits": 5,
    "cv_n_repeats": 10,
    "preprocessing_config": {
      "eps": 1e-06,
      "min_speed": 0.01,
      "max_hours": 9999.0
    }
  },
  "result": {
    "c_index": 0.9366346472341835,
    "mean_brier": 0.026779849959026648,
    "hybrid_score": 0.9622444991989363,
    "std_c_index": 0.0037397721114607956,
    "std_mean_brier": 0.0008073731112345109,
    "std_hybrid": 0.0015936252720217617
  }
}