{
  "trial_id": 213,
  "config": {
    "model_type": "coxnet",
    "model_params": {
      "l1_ratio": 0.9473189757420356,
      "alpha_min_ratio": 0.07501720557870911,
      "n_alphas": 100,
      "max_iter": 15453,
      "tol": 1.2600919185286655e-07
    },
    "seed": 1024,
    "cv_n_splits": 5,
    "cv_n_repeats": 10,
    "preprocessing_config": {
      "eps": 1e-06,
      "min_speed": 0.01,
      "max_hours": 9999.0
    }
  },
  "result": {
    "c_index": 0.9361957601854918,
    "mean_brier": 0.025727068634863588,
    "hybrid_score": 0.9628497800112431,
    "std_c_index": 0.0035671792133182114,
    "std_mean_brier": 0.0008044270961889208,
    "std_hybrid": 0.0015301819378274217
  }
}