{
  "trial_id": 292,
  "config": {
    "model_type": "coxnet",
    "model_params": {
      "l1_ratio": 0.91445265929817,
      "alpha_min_ratio": 0.005692976996128485,
      "n_alphas": 289,
      "max_iter": 18283,
      "tol": 2.4838344138617433e-07
    },
    "seed": 2023,
    "cv_n_splits": 5,
    "cv_n_repeats": 10,
    "preprocessing_config": {
      "eps": 1e-06,
      "min_speed": 0.01,
      "max_hours": 9999.0
    }
  },
  "result": {
    "c_index": 0.9201059953627029,
    "mean_brier": 0.03771002567996222,
    "hybrid_score": 0.9496347806328373,
    "std_c_index": 0.013163475807869637,
    "std_mean_brier": 0.007081767109707512,
    "std_hybrid": 0.008556357899316986
  }
}