{
  "trial_id": 160,
  "config": {
    "model_type": "coxnet",
    "model_params": {
      "l1_ratio": 0.9100024432959125,
      "alpha_min_ratio": 0.0075630141603034735,
      "n_alphas": 236,
      "max_iter": 19880,
      "tol": 2.201629060335416e-05
    },
    "seed": 42,
    "cv_n_splits": 5,
    "cv_n_repeats": 10,
    "preprocessing_config": {
      "eps": 1e-06,
      "min_speed": 0.01,
      "max_hours": 9999.0
    }
  },
  "result": {
    "c_index": 0.9271861543557469,
    "mean_brier": 0.03263974522953562,
    "hybrid_score": 0.955308024646049,
    "std_c_index": 0.00967086086930884,
    "std_mean_brier": 0.0034707267940768285,
    "std_hybrid": 0.004920921197497628
  }
}