{
  "trial_id": 101,
  "config": {
    "model_type": "gbsa",
    "model_params": {
      "loss": "coxph",
      "n_estimators": 313,
      "learning_rate": 0.09651543996267886,
      "subsample": 0.6205216380415179,
      "max_depth": 1,
      "max_features": 0.3,
      "max_leaf_nodes": null,
      "min_samples_split": 12,
      "min_samples_leaf": 17,
      "min_weight_fraction_leaf": 0.0,
      "min_impurity_decrease": 0.007222277356292297,
      "criterion": "friedman_mse",
      "ccp_alpha": 0.05407608396663574,
      "dropout_rate": 0.07826213197295763,
      "validation_fraction": 0.2631973546553647,
      "n_iter_no_change": null,
      "tol": 1.410291255144793e-05,
      "random_state": 2023,
      "warm_start": false,
      "verbose": 0
    },
    "seed": 2023,
    "cv_n_splits": 5,
    "cv_n_repeats": 10,
    "preprocessing_config": {
      "eps": 1e-06,
      "min_speed": 0.01,
      "max_hours": 9999.0
    }
  },
  "result": {
    "c_index": 0.9164789665452137,
    "mean_brier": 0.11490399542890424,
    "hybrid_score": 0.894510893163331,
    "std_c_index": 0.005950663425148507,
    "std_mean_brier": 0.005178565997929397,
    "std_hybrid": 0.004669901304243539
  }
}