{
  "trial_id": 277,
  "config": {
    "model_type": "coxnet",
    "model_params": {
      "l1_ratio": 0.825739044462422,
      "alpha_min_ratio": 0.038318807228429036,
      "n_alphas": 76,
      "max_iter": 14377,
      "tol": 1.2700502624230374e-08
    },
    "seed": 777,
    "cv_n_splits": 5,
    "cv_n_repeats": 10,
    "preprocessing_config": {
      "eps": 1e-06,
      "min_speed": 0.01,
      "max_hours": 9999.0
    }
  },
  "result": {
    "c_index": 0.9335707187810535,
    "mean_brier": 0.02704093431015343,
    "hybrid_score": 0.9611425616172085,
    "std_c_index": 0.0033937094453420726,
    "std_mean_brier": 0.0019263047226066319,
    "std_hybrid": 0.0018886040592432601
  }
}