{
  "trial_id": 34,
  "config": {
    "model_type": "gbsa",
    "model_params": {
      "loss": "coxph",
      "n_estimators": 222,
      "learning_rate": 0.08204062509640427,
      "subsample": 0.5592236992656833,
      "max_depth": 4,
      "max_features": 1.0,
      "max_leaf_nodes": 31,
      "min_samples_split": 18,
      "min_samples_leaf": 20,
      "min_weight_fraction_leaf": 0.0,
      "min_impurity_decrease": 0.027092885120461156,
      "criterion": "friedman_mse",
      "ccp_alpha": 0.004197571096349815,
      "dropout_rate": 0.02547459229374498,
      "validation_fraction": 0.14702070157098082,
      "n_iter_no_change": 5,
      "tol": 0.0004085537586714526,
      "random_state": 2023,
      "warm_start": false,
      "verbose": 0
    },
    "seed": 2023,
    "cv_n_splits": 5,
    "cv_n_repeats": 10,
    "preprocessing_config": {
      "eps": 1e-06,
      "min_speed": 0.01,
      "max_hours": 9999.0
    }
  },
  "result": {
    "c_index": 0.9013953295793311,
    "mean_brier": 0.07345199368043889,
    "hybrid_score": 0.9190022032974919,
    "std_c_index": 0.00820803181443332,
    "std_mean_brier": 0.0037026772746468436,
    "std_hybrid": 0.0038888392949754137
  }
}