{
  "trial_id": 141,
  "config": {
    "model_type": "coxnet",
    "model_params": {
      "l1_ratio": 0.8864265546835136,
      "alpha_min_ratio": 0.04466638625726352,
      "n_alphas": 282,
      "max_iter": 506,
      "tol": 4.87219383113042e-05
    },
    "seed": 42,
    "cv_n_splits": 5,
    "cv_n_repeats": 10,
    "preprocessing_config": {
      "eps": 1e-06,
      "min_speed": 0.01,
      "max_hours": 9999.0
    }
  },
  "result": {
    "c_index": 0.9375455448824113,
    "mean_brier": 0.026021726685697643,
    "hybrid_score": 0.9630484547847349,
    "std_c_index": 0.00454028318674693,
    "std_mean_brier": 0.0026008935865654927,
    "std_hybrid": 0.0030256986679671896
  }
}