{
  "trial_id": 114,
  "config": {
    "model_type": "coxnet",
    "model_params": {
      "l1_ratio": 0.9875508725788118,
      "alpha_min_ratio": 0.0499962928370274,
      "n_alphas": 209,
      "max_iter": 781,
      "tol": 5.764289472404608e-06
    },
    "seed": 42,
    "cv_n_splits": 5,
    "cv_n_repeats": 10,
    "preprocessing_config": {
      "eps": 1e-06,
      "min_speed": 0.01,
      "max_hours": 9999.0
    }
  },
  "result": {
    "c_index": 0.9375289831069891,
    "mean_brier": 0.025623409244294054,
    "hybrid_score": 0.9633223084610908,
    "std_c_index": 0.0045768969043350205,
    "std_mean_brier": 0.002400595927783734,
    "std_hybrid": 0.0029474071553104494
  }
}