{
  "trial_id": 193,
  "config": {
    "model_type": "coxnet",
    "model_params": {
      "l1_ratio": 0.9787167487870505,
      "alpha_min_ratio": 0.0842138333044161,
      "n_alphas": 106,
      "max_iter": 7470,
      "tol": 1.6507255115196668e-07
    },
    "seed": 1024,
    "cv_n_splits": 5,
    "cv_n_repeats": 10,
    "preprocessing_config": {
      "eps": 1e-06,
      "min_speed": 0.01,
      "max_hours": 9999.0
    }
  },
  "result": {
    "c_index": 0.936125372639947,
    "mean_brier": 0.0257895979226416,
    "hybrid_score": 0.9627848932461351,
    "std_c_index": 0.0035659799558528512,
    "std_mean_brier": 0.0007863041350659095,
    "std_hybrid": 0.001534757514691586
  }
}