{
  "trial_id": 238,
  "config": {
    "model_type": "coxnet",
    "model_params": {
      "l1_ratio": 0.8606754093781169,
      "alpha_min_ratio": 0.017135834639121626,
      "n_alphas": 236,
      "max_iter": 1849,
      "tol": 6.61445440038964e-06
    },
    "seed": 42,
    "cv_n_splits": 5,
    "cv_n_repeats": 10,
    "preprocessing_config": {
      "eps": 1e-06,
      "min_speed": 0.01,
      "max_hours": 9999.0
    }
  },
  "result": {
    "c_index": 0.9282626697581982,
    "mean_brier": 0.028707342605053192,
    "hybrid_score": 0.958383661103922,
    "std_c_index": 0.008826979618025529,
    "std_mean_brier": 0.002823016982719861,
    "std_hybrid": 0.004538860492879327
  }
}