{
  "trial_id": 298,
  "config": {
    "seed": 42,
    "cv_n_splits": 5,
    "cv_n_repeats": 10,
    "gbsa_config": {
      "loss": "coxph",
      "n_estimators": 112,
      "learning_rate": 0.054395813472045446,
      "subsample": 0.6130762661629952,
      "max_depth": 6,
      "max_features": "sqrt",
      "max_leaf_nodes": null,
      "min_samples_split": 2,
      "min_samples_leaf": 11,
      "min_weight_fraction_leaf": 0.0,
      "min_impurity_decrease": 0.044411539973875626,
      "criterion": "friedman_mse",
      "ccp_alpha": 1.4326204272327786e-07,
      "dropout_rate": 0.047325302338257144,
      "validation_fraction": 0.13507899112864924,
      "n_iter_no_change": null,
      "tol": 3.197595064915438e-05,
      "random_state": 42,
      "warm_start": false,
      "verbose": 0
    },
    "preprocessing_config": {
      "eps": 1e-06,
      "min_speed": 0.01,
      "max_hours": 9999.0
    }
  },
  "result": {
    "c_index": 0.9418143424975156,
    "mean_brier": 0.12989219959739512,
    "hybrid_score": 0.8916197630310781,
    "std_c_index": 0.0031101348540732324,
    "std_mean_brier": 0.005160827260238037,
    "std_hybrid": 0.003640396516641288
  }
}