{
  "trial_id": 250,
  "config": {
    "model_type": "coxnet",
    "model_params": {
      "l1_ratio": 0.727853693576861,
      "alpha_min_ratio": 0.08979958232473796,
      "n_alphas": 237,
      "max_iter": 9769,
      "tol": 2.0542027271484904e-08
    },
    "seed": 2023,
    "cv_n_splits": 5,
    "cv_n_repeats": 10,
    "preprocessing_config": {
      "eps": 1e-06,
      "min_speed": 0.01,
      "max_hours": 9999.0
    }
  },
  "result": {
    "c_index": 0.9371149387214308,
    "mean_brier": 0.027029074826522986,
    "hybrid_score": 0.9622141292378631,
    "std_c_index": 0.0025413557349209352,
    "std_mean_brier": 0.0006819608041590693,
    "std_hybrid": 0.0009874890604843675
  }
}