{
  "trial_id": 222,
  "config": {
    "model_type": "gbsa",
    "model_params": {
      "loss": "coxph",
      "n_estimators": 204,
      "learning_rate": 0.0336683754485011,
      "subsample": 0.9317811097677843,
      "max_depth": 4,
      "max_features": 0.3,
      "max_leaf_nodes": 63,
      "min_samples_split": 20,
      "min_samples_leaf": 3,
      "min_weight_fraction_leaf": 0.0,
      "min_impurity_decrease": 0.04596197471826388,
      "criterion": "friedman_mse",
      "ccp_alpha": 2.7261780854791613e-06,
      "dropout_rate": 0.12924857989185287,
      "validation_fraction": 0.2531974135122803,
      "n_iter_no_change": null,
      "tol": 0.0010130067712007266,
      "random_state": 1024,
      "warm_start": false,
      "verbose": 0
    },
    "seed": 1024,
    "cv_n_splits": 5,
    "cv_n_repeats": 10,
    "preprocessing_config": {
      "eps": 1e-06,
      "min_speed": 0.01,
      "max_hours": 9999.0
    }
  },
  "result": {
    "c_index": 0.9404107320304738,
    "mean_brier": 0.19223974585838505,
    "hybrid_score": 0.8475553975082726,
    "std_c_index": 0.0032867301285339876,
    "std_mean_brier": 0.012030665730274483,
    "std_hybrid": 0.008768406360070775
  }
}