{
  "trial_id": 180,
  "config": {
    "model_type": "coxnet",
    "model_params": {
      "l1_ratio": 0.9491179799947094,
      "alpha_min_ratio": 0.06426464914813318,
      "n_alphas": 250,
      "max_iter": 13991,
      "tol": 1.656219167105522e-05
    },
    "seed": 777,
    "cv_n_splits": 5,
    "cv_n_repeats": 10,
    "preprocessing_config": {
      "eps": 1e-06,
      "min_speed": 0.01,
      "max_hours": 9999.0
    }
  },
  "result": {
    "c_index": 0.9365187148062273,
    "mean_brier": 0.02538208465118974,
    "hybrid_score": 0.9631881551860353,
    "std_c_index": 0.003600843829347657,
    "std_mean_brier": 0.0005138960404824793,
    "std_hybrid": 0.0013320633623182206
  }
}