{
  "trial_id": 81,
  "config": {
    "model_type": "coxnet",
    "model_params": {
      "l1_ratio": 0.49402715976786055,
      "alpha_min_ratio": 0.006104957301317939,
      "n_alphas": 289,
      "max_iter": 2452,
      "tol": 2.7792114830867057e-08
    },
    "seed": 2023,
    "cv_n_splits": 5,
    "cv_n_repeats": 10,
    "preprocessing_config": {
      "eps": 1e-06,
      "min_speed": 0.01,
      "max_hours": 9999.0
    }
  },
  "result": {
    "c_index": 0.921787015568069,
    "mean_brier": 0.035191137605465356,
    "hybrid_score": 0.9519023083465947,
    "std_c_index": 0.015714989064422372,
    "std_mean_brier": 0.0058510460837763335,
    "std_hybrid": 0.008474137099780234
  }
}