{
  "trial_id": 271,
  "config": {
    "model_type": "coxnet",
    "model_params": {
      "l1_ratio": 0.08830846984875446,
      "alpha_min_ratio": 0.0014275798259079735,
      "n_alphas": 295,
      "max_iter": 1713,
      "tol": 5.935031328363791e-05
    },
    "seed": 42,
    "cv_n_splits": 5,
    "cv_n_repeats": 10,
    "preprocessing_config": {
      "eps": 1e-06,
      "min_speed": 0.01,
      "max_hours": 9999.0
    }
  },
  "result": {
    "c_index": 0.9288340510102684,
    "mean_brier": 0.03390537514487599,
    "hybrid_score": 0.9549164527016674,
    "std_c_index": 0.00968043919697359,
    "std_mean_brier": 0.0036228169959458835,
    "std_hybrid": 0.004814392556581721
  }
}