{
  "trial_id": 100,
  "config": {
    "model_type": "coxnet",
    "model_params": {
      "l1_ratio": 0.9909212365393706,
      "alpha_min_ratio": 0.08515335500427688,
      "n_alphas": 241,
      "max_iter": 17151,
      "tol": 8.60453271315697e-07
    },
    "seed": 42,
    "cv_n_splits": 5,
    "cv_n_repeats": 10,
    "preprocessing_config": {
      "eps": 1e-06,
      "min_speed": 0.01,
      "max_hours": 9999.0
    }
  },
  "result": {
    "c_index": 0.9390278237827095,
    "mean_brier": 0.025378012432879998,
    "hybrid_score": 0.9639437384317968,
    "std_c_index": 0.002273567449616534,
    "std_mean_brier": 0.0008082276541506753,
    "std_hybrid": 0.001086937215582685
  }
}