{
  "trial_id": 256,
  "config": {
    "model_type": "gbsa",
    "model_params": {
      "loss": "coxph",
      "n_estimators": 162,
      "learning_rate": 0.06278542821523696,
      "subsample": 0.7161122101133499,
      "max_depth": 2,
      "max_features": 1.0,
      "max_leaf_nodes": 8,
      "min_samples_split": 18,
      "min_samples_leaf": 8,
      "min_weight_fraction_leaf": 0.0,
      "min_impurity_decrease": 0.047009088426087094,
      "criterion": "friedman_mse",
      "ccp_alpha": 5.370965239170195e-07,
      "dropout_rate": 0.04080695087244021,
      "validation_fraction": 0.2618550689347136,
      "n_iter_no_change": null,
      "tol": 0.00015992299777460182,
      "random_state": 777,
      "warm_start": false,
      "verbose": 0
    },
    "seed": 777,
    "cv_n_splits": 5,
    "cv_n_repeats": 10,
    "preprocessing_config": {
      "eps": 1e-06,
      "min_speed": 0.01,
      "max_hours": 9999.0
    }
  },
  "result": {
    "c_index": 0.9385806558463067,
    "mean_brier": 0.09624824175514138,
    "hybrid_score": 0.914200427525293,
    "std_c_index": 0.0027001408670123306,
    "std_mean_brier": 0.006083427696208778,
    "std_hybrid": 0.004300377662793075
  }
}