{
  "trial_id": 46,
  "config": {
    "model_type": "coxnet",
    "model_params": {
      "l1_ratio": 0.9314199007008,
      "alpha_min_ratio": 0.07638238504889135,
      "n_alphas": 199,
      "max_iter": 413,
      "tol": 9.597485005954134e-07
    },
    "seed": 42,
    "cv_n_splits": 5,
    "cv_n_repeats": 10,
    "preprocessing_config": {
      "eps": 1e-06,
      "min_speed": 0.01,
      "max_hours": 9999.0
    }
  },
  "result": {
    "c_index": 0.9396157668102021,
    "mean_brier": 0.025428193224289027,
    "hybrid_score": 0.9640849947860582,
    "std_c_index": 0.0022073808653920103,
    "std_mean_brier": 0.0008043148863003005,
    "std_hybrid": 0.0010907861583907064
  }
}