{
  "trial_id": 17,
  "config": {
    "model_type": "coxnet",
    "model_params": {
      "l1_ratio": 0.9915031073449047,
      "alpha_min_ratio": 0.05266745417710493,
      "n_alphas": 203,
      "max_iter": 16097,
      "tol": 2.179484576015632e-07
    },
    "seed": 42,
    "cv_n_splits": 5,
    "cv_n_repeats": 10,
    "preprocessing_config": {
      "eps": 1e-06,
      "min_speed": 0.01,
      "max_hours": 9999.0
    }
  },
  "result": {
    "c_index": 0.9374875786684334,
    "mean_brier": 0.025519002578964757,
    "hybrid_score": 0.9633829717952546,
    "std_c_index": 0.004423490237192845,
    "std_mean_brier": 0.0022681324973074144,
    "std_hybrid": 0.0028257817244215586
  }
}