{
  "trial_id": 221,
  "config": {
    "model_type": "gbsa",
    "model_params": {
      "loss": "coxph",
      "n_estimators": 268,
      "learning_rate": 0.0387061224247842,
      "subsample": 0.7409799816495196,
      "max_depth": 2,
      "max_features": 0.3,
      "max_leaf_nodes": 16,
      "min_samples_split": 19,
      "min_samples_leaf": 2,
      "min_weight_fraction_leaf": 0.0,
      "min_impurity_decrease": 0.010683011216774991,
      "criterion": "friedman_mse",
      "ccp_alpha": 3.5940368347866766e-07,
      "dropout_rate": 0.013597952938699278,
      "validation_fraction": 0.29534315508200154,
      "n_iter_no_change": 10,
      "tol": 0.005719851158583898,
      "random_state": 1024,
      "warm_start": false,
      "verbose": 0
    },
    "seed": 1024,
    "cv_n_splits": 5,
    "cv_n_repeats": 10,
    "preprocessing_config": {
      "eps": 1e-06,
      "min_speed": 0.01,
      "max_hours": 9999.0
    }
  },
  "result": {
    "c_index": 0.9394211659489897,
    "mean_brier": 0.06766911882000538,
    "hybrid_score": 0.9344579666106931,
    "std_c_index": 0.004083176754057057,
    "std_mean_brier": 0.004366187412272957,
    "std_hybrid": 0.0037613070145194514
  }
}