{
  "trial_id": 102,
  "config": {
    "seed": 42,
    "cv_n_splits": 5,
    "cv_n_repeats": 10,
    "gbsa_config": {
      "loss": "coxph",
      "n_estimators": 159,
      "learning_rate": 0.07439109792826312,
      "subsample": 0.99389187971751,
      "max_depth": 4,
      "max_features": "sqrt",
      "max_leaf_nodes": null,
      "min_samples_split": 5,
      "min_samples_leaf": 16,
      "min_weight_fraction_leaf": 0.0,
      "min_impurity_decrease": 0.03386316404756472,
      "criterion": "friedman_mse",
      "ccp_alpha": 0.0093254821128136,
      "dropout_rate": 0.03737907771044116,
      "validation_fraction": 0.2412979307642243,
      "n_iter_no_change": null,
      "tol": 2.3733166152580638e-05,
      "random_state": 42,
      "warm_start": false,
      "verbose": 0
    },
    "preprocessing_config": {
      "eps": 1e-06,
      "min_speed": 0.01,
      "max_hours": 9999.0
    }
  },
  "result": {
    "c_index": 0.9374089102351771,
    "mean_brier": 0.08805599774774737,
    "hybrid_score": 0.9195834746471301,
    "std_c_index": 0.004378978913065696,
    "std_mean_brier": 0.003568414363674778,
    "std_hybrid": 0.0029443373426994916
  }
}