{
  "trial_id": 32,
  "config": {
    "model_type": "coxnet",
    "model_params": {
      "l1_ratio": 0.893758205534357,
      "alpha_min_ratio": 0.06024340653316955,
      "n_alphas": 289,
      "max_iter": 11913,
      "tol": 2.342900860262511e-06
    },
    "seed": 42,
    "cv_n_splits": 5,
    "cv_n_repeats": 10,
    "preprocessing_config": {
      "eps": 1e-06,
      "min_speed": 0.01,
      "max_hours": 9999.0
    }
  },
  "result": {
    "c_index": 0.9391603179860881,
    "mean_brier": 0.025537656415596643,
    "hybrid_score": 0.9638717359049087,
    "std_c_index": 0.002131922542275731,
    "std_mean_brier": 0.0015052436262665205,
    "std_hybrid": 0.0014569620385146437
  }
}