{
  "trial_id": 137,
  "config": {
    "model_type": "gbsa",
    "model_params": {
      "loss": "coxph",
      "n_estimators": 227,
      "learning_rate": 0.09605627017525667,
      "subsample": 0.6742740999969832,
      "max_depth": 6,
      "max_features": null,
      "max_leaf_nodes": 16,
      "min_samples_split": 8,
      "min_samples_leaf": 15,
      "min_weight_fraction_leaf": 0.0,
      "min_impurity_decrease": 0.01690681706508966,
      "criterion": "friedman_mse",
      "ccp_alpha": 3.810487614213744e-05,
      "dropout_rate": 0.06372261088056838,
      "validation_fraction": 0.18989209655708136,
      "n_iter_no_change": null,
      "tol": 0.004076745376717439,
      "random_state": 2023,
      "warm_start": false,
      "verbose": 0
    },
    "seed": 2023,
    "cv_n_splits": 5,
    "cv_n_repeats": 10,
    "preprocessing_config": {
      "eps": 1e-06,
      "min_speed": 0.01,
      "max_hours": 9999.0
    }
  },
  "result": {
    "c_index": 0.9377732692944682,
    "mean_brier": 0.10214687031863408,
    "hybrid_score": 0.9098291715652966,
    "std_c_index": 0.003393166367157655,
    "std_mean_brier": 0.0056387005545072665,
    "std_hybrid": 0.004048263863030441
  }
}