{
  "trial_id": 82,
  "config": {
    "model_type": "gbsa",
    "model_params": {
      "loss": "coxph",
      "n_estimators": 413,
      "learning_rate": 0.1671632759083421,
      "subsample": 0.8752306893421987,
      "max_depth": 2,
      "max_features": "log2",
      "max_leaf_nodes": 16,
      "min_samples_split": 17,
      "min_samples_leaf": 3,
      "min_weight_fraction_leaf": 0.0,
      "min_impurity_decrease": 0.03744644605135996,
      "criterion": "friedman_mse",
      "ccp_alpha": 0.00018458608678045233,
      "dropout_rate": 0.0023269654188291557,
      "validation_fraction": 0.23091037655764868,
      "n_iter_no_change": 5,
      "tol": 0.0004029857867418849,
      "random_state": 1024,
      "warm_start": false,
      "verbose": 0
    },
    "seed": 1024,
    "cv_n_splits": 5,
    "cv_n_repeats": 10,
    "preprocessing_config": {
      "eps": 1e-06,
      "min_speed": 0.01,
      "max_hours": 9999.0
    }
  },
  "result": {
    "c_index": 0.9365311361377939,
    "mean_brier": 0.04892446937833635,
    "hybrid_score": 0.9467122122765026,
    "std_c_index": 0.003933397691738474,
    "std_mean_brier": 0.0043887063170336485,
    "std_hybrid": 0.0036187150094755286
  }
}