{
  "trial_id": 212,
  "config": {
    "model_type": "coxnet",
    "model_params": {
      "l1_ratio": 0.9764696966625291,
      "alpha_min_ratio": 0.05404334934780532,
      "n_alphas": 277,
      "max_iter": 18465,
      "tol": 3.8361827727325865e-06
    },
    "seed": 2023,
    "cv_n_splits": 5,
    "cv_n_repeats": 10,
    "preprocessing_config": {
      "eps": 1e-06,
      "min_speed": 0.01,
      "max_hours": 9999.0
    }
  },
  "result": {
    "c_index": 0.9356326598211329,
    "mean_brier": 0.02562900311458429,
    "hybrid_score": 0.9627494957661307,
    "std_c_index": 0.0028995052665287736,
    "std_mean_brier": 0.000966768348688931,
    "std_hybrid": 0.0012957274606531237
  }
}