{
  "trial_id": 17,
  "config": {
    "model_type": "coxnet",
    "model_params": {
      "l1_ratio": 0.6711585661231159,
      "alpha_min_ratio": 0.0011660231932719388,
      "n_alphas": 112,
      "max_iter": 17731,
      "tol": 2.358896829575685e-06
    },
    "seed": 2023,
    "cv_n_splits": 5,
    "cv_n_repeats": 10,
    "preprocessing_config": {
      "eps": 1e-06,
      "min_speed": 0.01,
      "max_hours": 9999.0
    }
  },
  "result": {
    "c_index": 0.911303411725737,
    "mean_brier": 0.04761838482458515,
    "hybrid_score": 0.9400581541405113,
    "std_c_index": 0.02009075281976885,
    "std_mean_brier": 0.010909710302162345,
    "std_hybrid": 0.013180863230934928
  }
}