{
  "trial_id": 205,
  "config": {
    "model_type": "gbsa",
    "model_params": {
      "loss": "coxph",
      "n_estimators": 288,
      "learning_rate": 0.15737572551206433,
      "subsample": 0.7996705676471196,
      "max_depth": 3,
      "max_features": 0.3,
      "max_leaf_nodes": 16,
      "min_samples_split": 15,
      "min_samples_leaf": 3,
      "min_weight_fraction_leaf": 0.0,
      "min_impurity_decrease": 0.04312858092486852,
      "criterion": "friedman_mse",
      "ccp_alpha": 1.935120532059811e-05,
      "dropout_rate": 0.0446026077497199,
      "validation_fraction": 0.1555487658794359,
      "n_iter_no_change": null,
      "tol": 0.00011232863298333466,
      "random_state": 1024,
      "warm_start": false,
      "verbose": 0
    },
    "seed": 1024,
    "cv_n_splits": 5,
    "cv_n_repeats": 10,
    "preprocessing_config": {
      "eps": 1e-06,
      "min_speed": 0.01,
      "max_hours": 9999.0
    }
  },
  "result": {
    "c_index": 0.9394998343822459,
    "mean_brier": 0.050819203142139814,
    "hybrid_score": 0.9462765081151756,
    "std_c_index": 0.0030177445456893263,
    "std_mean_brier": 0.004260369355075703,
    "std_hybrid": 0.003141199593035883
  }
}