{
  "trial_id": 225,
  "config": {
    "model_type": "coxnet",
    "model_params": {
      "l1_ratio": 0.31870674354488093,
      "alpha_min_ratio": 0.010195443709522346,
      "n_alphas": 157,
      "max_iter": 8853,
      "tol": 1.4574908658030838e-06
    },
    "seed": 1024,
    "cv_n_splits": 5,
    "cv_n_repeats": 10,
    "preprocessing_config": {
      "eps": 1e-06,
      "min_speed": 0.01,
      "max_hours": 9999.0
    }
  },
  "result": {
    "c_index": 0.9290659158661807,
    "mean_brier": 0.03047327820796849,
    "hybrid_score": 0.9573884800142762,
    "std_c_index": 0.007757401952713811,
    "std_mean_brier": 0.0033382726908152503,
    "std_hybrid": 0.004401278494803417
  }
}