{
  "trial_id": 263,
  "config": {
    "model_type": "gbsa",
    "model_params": {
      "loss": "coxph",
      "n_estimators": 397,
      "learning_rate": 0.08042405999552615,
      "subsample": 0.7645635525497203,
      "max_depth": 6,
      "max_features": 1.0,
      "max_leaf_nodes": 63,
      "min_samples_split": 11,
      "min_samples_leaf": 15,
      "min_weight_fraction_leaf": 0.0,
      "min_impurity_decrease": 0.011346783240049257,
      "criterion": "friedman_mse",
      "ccp_alpha": 9.828319959402795e-06,
      "dropout_rate": 0.008444629239404965,
      "validation_fraction": 0.2279196468728275,
      "n_iter_no_change": null,
      "tol": 0.0001741705285265258,
      "random_state": 2023,
      "warm_start": false,
      "verbose": 0
    },
    "seed": 2023,
    "cv_n_splits": 5,
    "cv_n_repeats": 10,
    "preprocessing_config": {
      "eps": 1e-06,
      "min_speed": 0.01,
      "max_hours": 9999.0
    }
  },
  "result": {
    "c_index": 0.94017058628685,
    "mean_brier": 0.035659950102824856,
    "hybrid_score": 0.9570892108140775,
    "std_c_index": 0.0021746594975103725,
    "std_mean_brier": 0.003348088587263156,
    "std_hybrid": 0.0026465883985210916
  }
}