{
  "trial_id": 30,
  "config": {
    "model_type": "gbsa",
    "model_params": {
      "loss": "coxph",
      "n_estimators": 94,
      "learning_rate": 0.08498830567939751,
      "subsample": 0.5934784236242534,
      "max_depth": 5,
      "max_features": 0.3,
      "max_leaf_nodes": 16,
      "min_samples_split": 12,
      "min_samples_leaf": 17,
      "min_weight_fraction_leaf": 0.0,
      "min_impurity_decrease": 0.025122211319711138,
      "criterion": "friedman_mse",
      "ccp_alpha": 0.0002545945554120022,
      "dropout_rate": 0.04312309432223743,
      "validation_fraction": 0.10843134206489555,
      "n_iter_no_change": null,
      "tol": 0.0066343456997616,
      "random_state": 2023,
      "warm_start": false,
      "verbose": 0
    },
    "seed": 2023,
    "cv_n_splits": 5,
    "cv_n_repeats": 10,
    "preprocessing_config": {
      "eps": 1e-06,
      "min_speed": 0.01,
      "max_hours": 9999.0
    }
  },
  "result": {
    "c_index": 0.9308297449486584,
    "mean_brier": 0.09895526548986416,
    "hybrid_score": 0.9099802376416927,
    "std_c_index": 0.008540265419015761,
    "std_mean_brier": 0.005676826814101498,
    "std_hybrid": 0.004633541502133941
  }
}