{
  "trial_id": 90,
  "config": {
    "model_type": "coxnet",
    "model_params": {
      "l1_ratio": 0.11539620615589907,
      "alpha_min_ratio": 0.03639393880547779,
      "n_alphas": 137,
      "max_iter": 8261,
      "tol": 2.0692195951503553e-08
    },
    "seed": 42,
    "cv_n_splits": 5,
    "cv_n_repeats": 10,
    "preprocessing_config": {
      "eps": 1e-06,
      "min_speed": 0.01,
      "max_hours": 9999.0
    }
  },
  "result": {
    "c_index": 0.9374710168930109,
    "mean_brier": 0.031789504251633335,
    "hybrid_score": 0.9589886520917599,
    "std_c_index": 0.0017591576074603398,
    "std_mean_brier": 0.0007676817377255179,
    "std_hybrid": 0.0009670973515398631
  }
}