{
  "trial_id": 199,
  "config": {
    "model_type": "coxnet",
    "model_params": {
      "l1_ratio": 0.9210703478607838,
      "alpha_min_ratio": 0.07672055897792122,
      "n_alphas": 240,
      "max_iter": 18785,
      "tol": 1.1460990976999664e-06
    },
    "seed": 2023,
    "cv_n_splits": 5,
    "cv_n_repeats": 10,
    "preprocessing_config": {
      "eps": 1e-06,
      "min_speed": 0.01,
      "max_hours": 9999.0
    }
  },
  "result": {
    "c_index": 0.9363862206028486,
    "mean_brier": 0.025867324846551142,
    "hybrid_score": 0.9628087387882687,
    "std_c_index": 0.0027038841999222707,
    "std_mean_brier": 0.000796775405018443,
    "std_hybrid": 0.001228451115782273
  }
}