{
  "trial_id": 41,
  "config": {
    "model_type": "gbsa",
    "model_params": {
      "loss": "coxph",
      "n_estimators": 111,
      "learning_rate": 0.18494809641186885,
      "subsample": 0.7027624503102363,
      "max_depth": 5,
      "max_features": 0.7,
      "max_leaf_nodes": 8,
      "min_samples_split": 7,
      "min_samples_leaf": 14,
      "min_weight_fraction_leaf": 0.0,
      "min_impurity_decrease": 0.020798471518479467,
      "criterion": "friedman_mse",
      "ccp_alpha": 0.0008072213876591001,
      "dropout_rate": 0.05361881275283016,
      "validation_fraction": 0.24937568869032525,
      "n_iter_no_change": 20,
      "tol": 3.85845270331861e-05,
      "random_state": 42,
      "warm_start": false,
      "verbose": 0
    },
    "seed": 42,
    "cv_n_splits": 5,
    "cv_n_repeats": 10,
    "preprocessing_config": {
      "eps": 1e-06,
      "min_speed": 0.01,
      "max_hours": 9999.0
    }
  },
  "result": {
    "c_index": 0.9380299768135144,
    "mean_brier": 0.05540029556095035,
    "hybrid_score": 0.942628786151389,
    "std_c_index": 0.004042016995251926,
    "std_mean_brier": 0.004200593335590103,
    "std_hybrid": 0.003659886151993495
  }
}