{
  "trial_id": 194,
  "config": {
    "model_type": "gbsa",
    "model_params": {
      "loss": "coxph",
      "n_estimators": 273,
      "learning_rate": 0.03773970781591302,
      "subsample": 0.6515786746945039,
      "max_depth": 6,
      "max_features": 0.3,
      "max_leaf_nodes": 16,
      "min_samples_split": 6,
      "min_samples_leaf": 9,
      "min_weight_fraction_leaf": 0.0,
      "min_impurity_decrease": 0.034504911746061136,
      "criterion": "friedman_mse",
      "ccp_alpha": 0.05431353825066446,
      "dropout_rate": 0.07746147849635532,
      "validation_fraction": 0.2940145741056724,
      "n_iter_no_change": null,
      "tol": 1.4349069633136789e-05,
      "random_state": 42,
      "warm_start": false,
      "verbose": 0
    },
    "seed": 42,
    "cv_n_splits": 5,
    "cv_n_repeats": 10,
    "preprocessing_config": {
      "eps": 1e-06,
      "min_speed": 0.01,
      "max_hours": 9999.0
    }
  },
  "result": {
    "c_index": 0.906873136800265,
    "mean_brier": 0.17265276292223725,
    "hybrid_score": 0.8512050069945134,
    "std_c_index": 0.007175301996229577,
    "std_mean_brier": 0.007404045269746374,
    "std_hybrid": 0.005222647247664779
  }
}