{
  "trial_id": 39,
  "config": {
    "model_type": "coxnet",
    "model_params": {
      "l1_ratio": 0.9302733144449422,
      "alpha_min_ratio": 0.05614803362937201,
      "n_alphas": 120,
      "max_iter": 806,
      "tol": 3.4357336212910504e-07
    },
    "seed": 42,
    "cv_n_splits": 5,
    "cv_n_repeats": 10,
    "preprocessing_config": {
      "eps": 1e-06,
      "min_speed": 0.01,
      "max_hours": 9999.0
    }
  },
  "result": {
    "c_index": 0.9388539251407751,
    "mean_brier": 0.025694826040912423,
    "hybrid_score": 0.9636697993135938,
    "std_c_index": 0.0021393557610080386,
    "std_mean_brier": 0.0015466679490863126,
    "std_hybrid": 0.0015785050010344987
  }
}