{
  "trial_id": 41,
  "config": {
    "model_type": "coxnet",
    "model_params": {
      "l1_ratio": 0.9311397342600538,
      "alpha_min_ratio": 0.0538817627900193,
      "n_alphas": 114,
      "max_iter": 17131,
      "tol": 1.723125090346937e-05
    },
    "seed": 42,
    "cv_n_splits": 5,
    "cv_n_repeats": 10,
    "preprocessing_config": {
      "eps": 1e-06,
      "min_speed": 0.01,
      "max_hours": 9999.0
    }
  },
  "result": {
    "c_index": 0.9378270950645907,
    "mean_brier": 0.02560860635541288,
    "hybrid_score": 0.9634221040705881,
    "std_c_index": 0.004333966960135987,
    "std_mean_brier": 0.0018412783344635222,
    "std_hybrid": 0.0025007470415682625
  }
}