{
  "trial_id": 274,
  "config": {
    "model_type": "coxnet",
    "model_params": {
      "l1_ratio": 0.9853759704062075,
      "alpha_min_ratio": 0.05301864354972079,
      "n_alphas": 129,
      "max_iter": 19612,
      "tol": 4.834277740379332e-07
    },
    "seed": 777,
    "cv_n_splits": 5,
    "cv_n_repeats": 10,
    "preprocessing_config": {
      "eps": 1e-06,
      "min_speed": 0.01,
      "max_hours": 9999.0
    }
  },
  "result": {
    "c_index": 0.9358645246770454,
    "mean_brier": 0.02529010993028339,
    "hybrid_score": 0.9630562804519152,
    "std_c_index": 0.003773441614269382,
    "std_mean_brier": 0.0006418373972531938,
    "std_hybrid": 0.0013960931665729967
  }
}