{
  "trial_id": 26,
  "config": {
    "model_type": "gbsa",
    "model_params": {
      "loss": "coxph",
      "n_estimators": 419,
      "learning_rate": 0.050686234905109935,
      "subsample": 0.5253657234399484,
      "max_depth": 4,
      "max_features": 0.7,
      "max_leaf_nodes": 16,
      "min_samples_split": 8,
      "min_samples_leaf": 14,
      "min_weight_fraction_leaf": 0.0,
      "min_impurity_decrease": 0.035128038095178796,
      "criterion": "friedman_mse",
      "ccp_alpha": 0.010555882631727008,
      "dropout_rate": 0.1164844197793947,
      "validation_fraction": 0.11768553772324755,
      "n_iter_no_change": null,
      "tol": 0.003909702984297137,
      "random_state": 2023,
      "warm_start": false,
      "verbose": 0
    },
    "seed": 2023,
    "cv_n_splits": 5,
    "cv_n_repeats": 10,
    "preprocessing_config": {
      "eps": 1e-06,
      "min_speed": 0.01,
      "max_hours": 9999.0
    }
  },
  "result": {
    "c_index": 0.9013332229214971,
    "mean_brier": 0.1808763636904152,
    "hybrid_score": 0.8437865122931585,
    "std_c_index": 0.006469249748671333,
    "std_mean_brier": 0.008635828939149435,
    "std_hybrid": 0.0051049169024686815
  }
}