{
  "trial_id": 61,
  "config": {
    "model_type": "coxnet",
    "model_params": {
      "l1_ratio": 0.057836899922360185,
      "alpha_min_ratio": 0.000167934463354752,
      "n_alphas": 89,
      "max_iter": 2035,
      "tol": 4.549710943966631e-08
    },
    "seed": 777,
    "cv_n_splits": 5,
    "cv_n_repeats": 10,
    "preprocessing_config": {
      "eps": 1e-06,
      "min_speed": 0.01,
      "max_hours": 9999.0
    }
  },
  "result": {
    "c_index": 0.9223583968201392,
    "mean_brier": 0.041418886947168436,
    "hybrid_score": 0.9477142981830239,
    "std_c_index": 0.01236712251892943,
    "std_mean_brier": 0.007536059099814237,
    "std_hybrid": 0.008061628505657774
  }
}