{
  "trial_id": 147,
  "config": {
    "model_type": "coxnet",
    "model_params": {
      "l1_ratio": 0.48236445007251033,
      "alpha_min_ratio": 0.0011771912847567797,
      "n_alphas": 160,
      "max_iter": 2410,
      "tol": 1.0641622581783978e-08
    },
    "seed": 777,
    "cv_n_splits": 5,
    "cv_n_repeats": 10,
    "preprocessing_config": {
      "eps": 1e-06,
      "min_speed": 0.01,
      "max_hours": 9999.0
    }
  },
  "result": {
    "c_index": 0.9189135475322955,
    "mean_brier": 0.04132047608543046,
    "hybrid_score": 0.9467497309998875,
    "std_c_index": 0.014143833783171692,
    "std_mean_brier": 0.007300585138366934,
    "std_hybrid": 0.008117984009331483
  }
}