{
  "trial_id": 206,
  "config": {
    "model_type": "coxnet",
    "model_params": {
      "l1_ratio": 0.9183142691310636,
      "alpha_min_ratio": 0.05075656332504103,
      "n_alphas": 300,
      "max_iter": 13745,
      "tol": 2.085233656030566e-05
    },
    "seed": 1024,
    "cv_n_splits": 5,
    "cv_n_repeats": 10,
    "preprocessing_config": {
      "eps": 1e-06,
      "min_speed": 0.01,
      "max_hours": 9999.0
    }
  },
  "result": {
    "c_index": 0.9361543557469363,
    "mean_brier": 0.025849332403545162,
    "hybrid_score": 0.9627517740415993,
    "std_c_index": 0.0031686706187505037,
    "std_mean_brier": 0.0009009717089752637,
    "std_hybrid": 0.0013906347207880115
  }
}