{
  "trial_id": 253,
  "config": {
    "model_type": "gbsa",
    "model_params": {
      "loss": "coxph",
      "n_estimators": 466,
      "learning_rate": 0.04654197453812699,
      "subsample": 0.6281295984071329,
      "max_depth": 1,
      "max_features": null,
      "max_leaf_nodes": 31,
      "min_samples_split": 15,
      "min_samples_leaf": 19,
      "min_weight_fraction_leaf": 0.0,
      "min_impurity_decrease": 0.009219259990793139,
      "criterion": "friedman_mse",
      "ccp_alpha": 1.131782437697385e-07,
      "dropout_rate": 0.15498603220843668,
      "validation_fraction": 0.24020626556247754,
      "n_iter_no_change": null,
      "tol": 2.9277994671892714e-05,
      "random_state": 2023,
      "warm_start": false,
      "verbose": 0
    },
    "seed": 2023,
    "cv_n_splits": 5,
    "cv_n_repeats": 10,
    "preprocessing_config": {
      "eps": 1e-06,
      "min_speed": 0.01,
      "max_hours": 9999.0
    }
  },
  "result": {
    "c_index": 0.9017224246439218,
    "mean_brier": 0.19657415861795866,
    "hybrid_score": 0.8329148163606053,
    "std_c_index": 0.006134209754048374,
    "std_mean_brier": 0.009486056812506518,
    "std_hybrid": 0.005678958070411052
  }
}