{
  "trial_id": 214,
  "config": {
    "model_type": "gbsa",
    "model_params": {
      "loss": "coxph",
      "n_estimators": 148,
      "learning_rate": 0.04076737281999949,
      "subsample": 0.5775970443970548,
      "max_depth": 6,
      "max_features": null,
      "max_leaf_nodes": 16,
      "min_samples_split": 10,
      "min_samples_leaf": 11,
      "min_weight_fraction_leaf": 0.0,
      "min_impurity_decrease": 0.028045477687691743,
      "criterion": "friedman_mse",
      "ccp_alpha": 2.723680024437277e-06,
      "dropout_rate": 0.014690260602411116,
      "validation_fraction": 0.1323710964189691,
      "n_iter_no_change": null,
      "tol": 0.0016463857377008132,
      "random_state": 2023,
      "warm_start": false,
      "verbose": 0
    },
    "seed": 2023,
    "cv_n_splits": 5,
    "cv_n_repeats": 10,
    "preprocessing_config": {
      "eps": 1e-06,
      "min_speed": 0.01,
      "max_hours": 9999.0
    }
  },
  "result": {
    "c_index": 0.9378767803908581,
    "mean_brier": 0.08951021128328265,
    "hybrid_score": 0.9187058862189594,
    "std_c_index": 0.0036674237086977792,
    "std_mean_brier": 0.004565848931657313,
    "std_hybrid": 0.003707759618643204
  }
}