{
  "trial_id": 253,
  "config": {
    "model_type": "coxnet",
    "model_params": {
      "l1_ratio": 0.6937064303814334,
      "alpha_min_ratio": 0.04474566584846199,
      "n_alphas": 67,
      "max_iter": 15322,
      "tol": 1.4659388297864546e-05
    },
    "seed": 2023,
    "cv_n_splits": 5,
    "cv_n_repeats": 10,
    "preprocessing_config": {
      "eps": 1e-06,
      "min_speed": 0.01,
      "max_hours": 9999.0
    }
  },
  "result": {
    "c_index": 0.9346637959589268,
    "mean_brier": 0.026874923236928045,
    "hybrid_score": 0.9615866925218283,
    "std_c_index": 0.0030551874814646707,
    "std_mean_brier": 0.0009550619166854215,
    "std_hybrid": 0.0012945071076942967
  }
}