{
  "trial_id": 205,
  "config": {
    "seed": 42,
    "cv_n_splits": 5,
    "cv_n_repeats": 10,
    "gbsa_config": {
      "loss": "coxph",
      "n_estimators": 409,
      "learning_rate": 0.07707345351512489,
      "subsample": 0.6249313104878368,
      "max_depth": 6,
      "max_features": "log2",
      "max_leaf_nodes": 8,
      "min_samples_split": 5,
      "min_samples_leaf": 12,
      "min_weight_fraction_leaf": 0.0,
      "min_impurity_decrease": 0.034535970240935625,
      "criterion": "friedman_mse",
      "ccp_alpha": 0.01878772156329439,
      "dropout_rate": 0.02942420214506571,
      "validation_fraction": 0.12159348598886238,
      "n_iter_no_change": null,
      "tol": 1.674360991181775e-05,
      "random_state": 42,
      "warm_start": false,
      "verbose": 0
    },
    "preprocessing_config": {
      "eps": 1e-06,
      "min_speed": 0.01,
      "max_hours": 9999.0
    }
  },
  "result": {
    "c_index": 0.9395992050347797,
    "mean_brier": 0.07018453593220256,
    "hybrid_score": 0.9327505863578921,
    "std_c_index": 0.002093509301513154,
    "std_mean_brier": 0.002417769990555636,
    "std_hybrid": 0.001681621598826937
  }
}