{
  "trial_id": 253,
  "config": {
    "model_type": "gbsa",
    "model_params": {
      "loss": "coxph",
      "n_estimators": 288,
      "learning_rate": 0.07328549214906353,
      "subsample": 0.8104975303836174,
      "max_depth": 6,
      "max_features": "log2",
      "max_leaf_nodes": 16,
      "min_samples_split": 16,
      "min_samples_leaf": 1,
      "min_weight_fraction_leaf": 0.0,
      "min_impurity_decrease": 0.03838265721976402,
      "criterion": "friedman_mse",
      "ccp_alpha": 0.005084019962642113,
      "dropout_rate": 0.009749135382325821,
      "validation_fraction": 0.17936724028970144,
      "n_iter_no_change": null,
      "tol": 3.987290938585603e-05,
      "random_state": 777,
      "warm_start": false,
      "verbose": 0
    },
    "seed": 777,
    "cv_n_splits": 5,
    "cv_n_repeats": 10,
    "preprocessing_config": {
      "eps": 1e-06,
      "min_speed": 0.01,
      "max_hours": 9999.0
    }
  },
  "result": {
    "c_index": 0.939516396157668,
    "mean_brier": 0.03951698735742322,
    "hybrid_score": 0.9541930276971042,
    "std_c_index": 0.00266438768526962,
    "std_mean_brier": 0.0027369070038624267,
    "std_hybrid": 0.00214728538844231
  }
}