{
  "trial_id": 107,
  "config": {
    "model_type": "coxnet",
    "model_params": {
      "l1_ratio": 0.9204026812494509,
      "alpha_min_ratio": 0.028643221776568945,
      "n_alphas": 277,
      "max_iter": 19279,
      "tol": 9.602679225235178e-05
    },
    "seed": 1024,
    "cv_n_splits": 5,
    "cv_n_repeats": 10,
    "preprocessing_config": {
      "eps": 1e-06,
      "min_speed": 0.01,
      "max_hours": 9999.0
    }
  },
  "result": {
    "c_index": 0.9326432593574031,
    "mean_brier": 0.026668603712581247,
    "hybrid_score": 0.9611249552084141,
    "std_c_index": 0.003640804137930707,
    "std_mean_brier": 0.0015860365690278247,
    "std_hybrid": 0.001962458017674852
  }
}