{
  "trial_id": 295,
  "config": {
    "model_type": "gbsa",
    "model_params": {
      "loss": "coxph",
      "n_estimators": 199,
      "learning_rate": 0.18244007058105038,
      "subsample": 0.535391962834738,
      "max_depth": 4,
      "max_features": "log2",
      "max_leaf_nodes": 63,
      "min_samples_split": 13,
      "min_samples_leaf": 13,
      "min_weight_fraction_leaf": 0.0,
      "min_impurity_decrease": 0.03388138404825279,
      "criterion": "friedman_mse",
      "ccp_alpha": 9.61589448911473e-06,
      "dropout_rate": 0.06458730770401959,
      "validation_fraction": 0.10096405920058141,
      "n_iter_no_change": null,
      "tol": 3.8805402431984565e-05,
      "random_state": 777,
      "warm_start": false,
      "verbose": 0
    },
    "seed": 777,
    "cv_n_splits": 5,
    "cv_n_repeats": 10,
    "preprocessing_config": {
      "eps": 1e-06,
      "min_speed": 0.01,
      "max_hours": 9999.0
    }
  },
  "result": {
    "c_index": 0.9417522358396822,
    "mean_brier": 0.06635820379372231,
    "hybrid_score": 0.9360749280962988,
    "std_c_index": 0.0021975422828438753,
    "std_mean_brier": 0.003704932221961001,
    "std_hybrid": 0.0021892389345205122
  }
}