{
  "trial_id": 265,
  "config": {
    "model_type": "coxnet",
    "model_params": {
      "l1_ratio": 0.9762741516453223,
      "alpha_min_ratio": 0.07867124086180603,
      "n_alphas": 248,
      "max_iter": 19530,
      "tol": 7.124747392827563e-06
    },
    "seed": 42,
    "cv_n_splits": 5,
    "cv_n_repeats": 10,
    "preprocessing_config": {
      "eps": 1e-06,
      "min_speed": 0.01,
      "max_hours": 9999.0
    }
  },
  "result": {
    "c_index": 0.9393259357403114,
    "mean_brier": 0.02528681906855202,
    "hybrid_score": 0.964097007374107,
    "std_c_index": 0.002360866418401656,
    "std_mean_brier": 0.0008226163134818303,
    "std_hybrid": 0.00113619252495208
  }
}