{
  "trial_id": 292,
  "config": {
    "model_type": "coxnet",
    "model_params": {
      "l1_ratio": 0.8373725074418303,
      "alpha_min_ratio": 0.09995996863316299,
      "n_alphas": 284,
      "max_iter": 15817,
      "tol": 3.1936506420497185e-05
    },
    "seed": 1024,
    "cv_n_splits": 5,
    "cv_n_repeats": 10,
    "preprocessing_config": {
      "eps": 1e-06,
      "min_speed": 0.01,
      "max_hours": 9999.0
    }
  },
  "result": {
    "c_index": 0.9371646240476978,
    "mean_brier": 0.02683444507293617,
    "hybrid_score": 0.9623652756632539,
    "std_c_index": 0.003654827743942295,
    "std_mean_brier": 0.0007743029361086386,
    "std_hybrid": 0.0015701236004395183
  }
}