{
  "trial_id": 287,
  "config": {
    "model_type": "coxnet",
    "model_params": {
      "l1_ratio": 0.9048602224940813,
      "alpha_min_ratio": 0.05921163571658656,
      "n_alphas": 133,
      "max_iter": 14718,
      "tol": 2.8211601495013358e-05
    },
    "seed": 2023,
    "cv_n_splits": 5,
    "cv_n_repeats": 10,
    "preprocessing_config": {
      "eps": 1e-06,
      "min_speed": 0.01,
      "max_hours": 9999.0
    }
  },
  "result": {
    "c_index": 0.9359142100033123,
    "mean_brier": 0.025899813682923108,
    "hybrid_score": 0.9626443934229476,
    "std_c_index": 0.002597995724855974,
    "std_mean_brier": 0.0008758088577451525,
    "std_hybrid": 0.0012412960263048672
  }
}