{
  "trial_id": 170,
  "config": {
    "model_type": "coxnet",
    "model_params": {
      "l1_ratio": 0.8453799375983505,
      "alpha_min_ratio": 0.01413282038037721,
      "n_alphas": 257,
      "max_iter": 16381,
      "tol": 7.525253815902299e-06
    },
    "seed": 42,
    "cv_n_splits": 5,
    "cv_n_repeats": 10,
    "preprocessing_config": {
      "eps": 1e-06,
      "min_speed": 0.01,
      "max_hours": 9999.0
    }
  },
  "result": {
    "c_index": 0.9278486253726399,
    "mean_brier": 0.02979411259481311,
    "hybrid_score": 0.9574987087954228,
    "std_c_index": 0.009013551326386645,
    "std_mean_brier": 0.002762870193803092,
    "std_hybrid": 0.004485780760197833
  }
}