{
  "trial_id": 77,
  "config": {
    "model_type": "coxnet",
    "model_params": {
      "l1_ratio": 0.8349045105837929,
      "alpha_min_ratio": 0.04607092992995473,
      "n_alphas": 216,
      "max_iter": 13820,
      "tol": 1.469320395503221e-06
    },
    "seed": 42,
    "cv_n_splits": 5,
    "cv_n_repeats": 10,
    "preprocessing_config": {
      "eps": 1e-06,
      "min_speed": 0.01,
      "max_hours": 9999.0
    }
  },
  "result": {
    "c_index": 0.9376531964226565,
    "mean_brier": 0.02607268851865615,
    "hybrid_score": 0.9630450769637375,
    "std_c_index": 0.004644308391575551,
    "std_mean_brier": 0.002514329362138098,
    "std_hybrid": 0.0030082175676547744
  }
}