{
  "trial_id": 161,
  "config": {
    "model_type": "coxnet",
    "model_params": {
      "l1_ratio": 0.9061470384770706,
      "alpha_min_ratio": 0.09739461580959334,
      "n_alphas": 244,
      "max_iter": 19737,
      "tol": 1.590849126930775e-06
    },
    "seed": 42,
    "cv_n_splits": 5,
    "cv_n_repeats": 10,
    "preprocessing_config": {
      "eps": 1e-06,
      "min_speed": 0.01,
      "max_hours": 9999.0
    }
  },
  "result": {
    "c_index": 0.9398641934415369,
    "mean_brier": 0.025966097614336898,
    "hybrid_score": 0.9637829897024253,
    "std_c_index": 0.0023079177228412483,
    "std_mean_brier": 0.0007542412316415882,
    "std_hybrid": 0.0010597239911589586
  }
}