{
  "trial_id": 129,
  "config": {
    "model_type": "coxnet",
    "model_params": {
      "l1_ratio": 0.9529362646127397,
      "alpha_min_ratio": 0.0834053874056463,
      "n_alphas": 270,
      "max_iter": 19034,
      "tol": 5.264932016819842e-05
    },
    "seed": 1024,
    "cv_n_splits": 5,
    "cv_n_repeats": 10,
    "preprocessing_config": {
      "eps": 1e-06,
      "min_speed": 0.01,
      "max_hours": 9999.0
    }
  },
  "result": {
    "c_index": 0.9366098045710499,
    "mean_brier": 0.025860146994676182,
    "hybrid_score": 0.9628808384750418,
    "std_c_index": 0.0037854165041638086,
    "std_mean_brier": 0.0007682205612648898,
    "std_hybrid": 0.0015846479088537102
  }
}