{
  "trial_id": 231,
  "config": {
    "model_type": "coxnet",
    "model_params": {
      "l1_ratio": 0.16490929925758657,
      "alpha_min_ratio": 0.002528848988258905,
      "n_alphas": 284,
      "max_iter": 19310,
      "tol": 1.48418327749131e-07
    },
    "seed": 1024,
    "cv_n_splits": 5,
    "cv_n_repeats": 10,
    "preprocessing_config": {
      "eps": 1e-06,
      "min_speed": 0.01,
      "max_hours": 9999.0
    }
  },
  "result": {
    "c_index": 0.9267721099701889,
    "mean_brier": 0.03394684473856523,
    "hybrid_score": 0.954268841674061,
    "std_c_index": 0.01187682837723042,
    "std_mean_brier": 0.004056748752425216,
    "std_hybrid": 0.006210957479860249
  }
}