{
  "trial_id": 123,
  "config": {
    "seed": 42,
    "cv_n_splits": 5,
    "cv_n_repeats": 10,
    "gbsa_config": {
      "loss": "coxph",
      "n_estimators": 366,
      "learning_rate": 0.019024816786365337,
      "subsample": 0.6049224735229024,
      "max_depth": 5,
      "max_features": 1.0,
      "max_leaf_nodes": 31,
      "min_samples_split": 4,
      "min_samples_leaf": 14,
      "min_weight_fraction_leaf": 0.0,
      "min_impurity_decrease": 0.02055017807779146,
      "criterion": "friedman_mse",
      "ccp_alpha": 7.353394579758622e-06,
      "dropout_rate": 0.00020765828917926202,
      "validation_fraction": 0.23281118222561378,
      "n_iter_no_change": 10,
      "tol": 6.267929168647578e-05,
      "random_state": 42,
      "warm_start": false,
      "verbose": 0
    },
    "preprocessing_config": {
      "eps": 1e-06,
      "min_speed": 0.01,
      "max_hours": 9999.0
    }
  },
  "result": {
    "c_index": 0.9349908910235177,
    "mean_brier": 0.062449700396448635,
    "hybrid_score": 0.9367824770295412,
    "std_c_index": 0.00517288602937136,
    "std_mean_brier": 0.0026628065089057966,
    "std_hybrid": 0.0018474365812508912
  }
}