{
  "trial_id": 164,
  "config": {
    "model_type": "gbsa",
    "model_params": {
      "loss": "coxph",
      "n_estimators": 498,
      "learning_rate": 0.02849634246140881,
      "subsample": 0.5689380263814132,
      "max_depth": 1,
      "max_features": "sqrt",
      "max_leaf_nodes": 63,
      "min_samples_split": 15,
      "min_samples_leaf": 14,
      "min_weight_fraction_leaf": 0.0,
      "min_impurity_decrease": 0.02938303186270644,
      "criterion": "friedman_mse",
      "ccp_alpha": 7.188038628536057e-08,
      "dropout_rate": 0.03302751121542178,
      "validation_fraction": 0.21382879331758986,
      "n_iter_no_change": null,
      "tol": 0.0028672231055033755,
      "random_state": 2023,
      "warm_start": false,
      "verbose": 0
    },
    "seed": 2023,
    "cv_n_splits": 5,
    "cv_n_repeats": 10,
    "preprocessing_config": {
      "eps": 1e-06,
      "min_speed": 0.01,
      "max_hours": 9999.0
    }
  },
  "result": {
    "c_index": 0.9366719112288837,
    "mean_brier": 0.15311568171991308,
    "hybrid_score": 0.8738205961647261,
    "std_c_index": 0.003640542798431657,
    "std_mean_brier": 0.007510743947004681,
    "std_hybrid": 0.00501404392248546
  }
}