{
  "trial_id": 109,
  "config": {
    "model_type": "gbsa",
    "model_params": {
      "loss": "coxph",
      "n_estimators": 346,
      "learning_rate": 0.15601357237670765,
      "subsample": 0.746237869905686,
      "max_depth": 5,
      "max_features": 0.5,
      "max_leaf_nodes": 16,
      "min_samples_split": 16,
      "min_samples_leaf": 3,
      "min_weight_fraction_leaf": 0.0,
      "min_impurity_decrease": 0.04357786530016278,
      "criterion": "friedman_mse",
      "ccp_alpha": 0.0014355559432446359,
      "dropout_rate": 0.011339630010929403,
      "validation_fraction": 0.1632741036131242,
      "n_iter_no_change": 20,
      "tol": 0.00026798893860328443,
      "random_state": 1024,
      "warm_start": false,
      "verbose": 0
    },
    "seed": 1024,
    "cv_n_splits": 5,
    "cv_n_repeats": 10,
    "preprocessing_config": {
      "eps": 1e-06,
      "min_speed": 0.01,
      "max_hours": 9999.0
    }
  },
  "result": {
    "c_index": 0.9375124213315666,
    "mean_brier": 0.04736566724570114,
    "hybrid_score": 0.9480977593274792,
    "std_c_index": 0.007525723418457739,
    "std_mean_brier": 0.004385855053274851,
    "std_hybrid": 0.003560881344128095
  }
}