{
  "trial_id": 215,
  "config": {
    "model_type": "gbsa",
    "model_params": {
      "loss": "coxph",
      "n_estimators": 236,
      "learning_rate": 0.09296496637043417,
      "subsample": 0.8801352416149566,
      "max_depth": 5,
      "max_features": "sqrt",
      "max_leaf_nodes": 8,
      "min_samples_split": 3,
      "min_samples_leaf": 13,
      "min_weight_fraction_leaf": 0.0,
      "min_impurity_decrease": 0.04474045039913479,
      "criterion": "friedman_mse",
      "ccp_alpha": 5.2941956945124074e-05,
      "dropout_rate": 0.11672661776029743,
      "validation_fraction": 0.22543191904106094,
      "n_iter_no_change": null,
      "tol": 0.0002520338009035595,
      "random_state": 777,
      "warm_start": false,
      "verbose": 0
    },
    "seed": 777,
    "cv_n_splits": 5,
    "cv_n_repeats": 10,
    "preprocessing_config": {
      "eps": 1e-06,
      "min_speed": 0.01,
      "max_hours": 9999.0
    }
  },
  "result": {
    "c_index": 0.9414872474329249,
    "mean_brier": 0.13939869201136298,
    "hybrid_score": 0.8848670898219233,
    "std_c_index": 0.0025308105326976517,
    "std_mean_brier": 0.009096477533714285,
    "std_hybrid": 0.006210414874106854
  }
}