{
  "trial_id": 82,
  "config": {
    "model_type": "gbsa",
    "model_params": {
      "loss": "coxph",
      "n_estimators": 333,
      "learning_rate": 0.0912918052299588,
      "subsample": 0.9899091972077269,
      "max_depth": 5,
      "max_features": 0.3,
      "max_leaf_nodes": null,
      "min_samples_split": 12,
      "min_samples_leaf": 7,
      "min_weight_fraction_leaf": 0.0,
      "min_impurity_decrease": 0.03455645509525788,
      "criterion": "friedman_mse",
      "ccp_alpha": 0.008571223560276899,
      "dropout_rate": 0.06306238553333418,
      "validation_fraction": 0.2420561876807787,
      "n_iter_no_change": 20,
      "tol": 0.0015941784746109865,
      "random_state": 2023,
      "warm_start": false,
      "verbose": 0
    },
    "seed": 2023,
    "cv_n_splits": 5,
    "cv_n_repeats": 10,
    "preprocessing_config": {
      "eps": 1e-06,
      "min_speed": 0.01,
      "max_hours": 9999.0
    }
  },
  "result": {
    "c_index": 0.9259730043060618,
    "mean_brier": 0.10348115919365741,
    "hybrid_score": 0.9053550898562582,
    "std_c_index": 0.006939227027755777,
    "std_mean_brier": 0.008344482396437548,
    "std_hybrid": 0.00725708954179767
  }
}