{
  "trial_id": 113,
  "config": {
    "model_type": "coxnet",
    "model_params": {
      "l1_ratio": 0.9756602110279513,
      "alpha_min_ratio": 0.05133629758006116,
      "n_alphas": 222,
      "max_iter": 250,
      "tol": 3.588089251126842e-06
    },
    "seed": 42,
    "cv_n_splits": 5,
    "cv_n_repeats": 10,
    "preprocessing_config": {
      "eps": 1e-06,
      "min_speed": 0.01,
      "max_hours": 9999.0
    }
  },
  "result": {
    "c_index": 0.9376863199735013,
    "mean_brier": 0.025656130707465148,
    "hybrid_score": 0.9633466044968249,
    "std_c_index": 0.004378428834720138,
    "std_mean_brier": 0.002191476812514589,
    "std_hybrid": 0.002745682390037719
  }
}