{
  "trial_id": 298,
  "config": {
    "model_type": "coxnet",
    "model_params": {
      "l1_ratio": 0.973651796312621,
      "alpha_min_ratio": 0.05351775478205691,
      "n_alphas": 196,
      "max_iter": 1870,
      "tol": 3.702061583469614e-05
    },
    "seed": 42,
    "cv_n_splits": 5,
    "cv_n_repeats": 10,
    "preprocessing_config": {
      "eps": 1e-06,
      "min_speed": 0.01,
      "max_hours": 9999.0
    }
  },
  "result": {
    "c_index": 0.9376697581980787,
    "mean_brier": 0.025458849247307493,
    "hybrid_score": 0.9634797329863083,
    "std_c_index": 0.004329574059920591,
    "std_mean_brier": 0.0017528280239009091,
    "std_hybrid": 0.0024318513928991157
  }
}