{
  "trial_id": 187,
  "config": {
    "model_type": "coxnet",
    "model_params": {
      "l1_ratio": 0.8472829248460562,
      "alpha_min_ratio": 0.010837763186110235,
      "n_alphas": 265,
      "max_iter": 14268,
      "tol": 1.0858809263764069e-05
    },
    "seed": 777,
    "cv_n_splits": 5,
    "cv_n_repeats": 10,
    "preprocessing_config": {
      "eps": 1e-06,
      "min_speed": 0.01,
      "max_hours": 9999.0
    }
  },
  "result": {
    "c_index": 0.9206194104007951,
    "mean_brier": 0.034419364499996996,
    "hybrid_score": 0.9520922679702405,
    "std_c_index": 0.016892937863957482,
    "std_mean_brier": 0.005416081749801039,
    "std_hybrid": 0.00838782931750357
  }
}