{
  "trial_id": 182,
  "config": {
    "model_type": "coxnet",
    "model_params": {
      "l1_ratio": 0.9458389362794855,
      "alpha_min_ratio": 0.06827824706524181,
      "n_alphas": 204,
      "max_iter": 12235,
      "tol": 5.7513059216428956e-06
    },
    "seed": 2023,
    "cv_n_splits": 5,
    "cv_n_repeats": 10,
    "preprocessing_config": {
      "eps": 1e-06,
      "min_speed": 0.01,
      "max_hours": 9999.0
    }
  },
  "result": {
    "c_index": 0.9361460748592249,
    "mean_brier": 0.025765019559938845,
    "hybrid_score": 0.9628083087658104,
    "std_c_index": 0.0025151143155787824,
    "std_mean_brier": 0.0008514669200984756,
    "std_hybrid": 0.0012213715516036013
  }
}