{
  "trial_id": 254,
  "config": {
    "model_type": "coxnet",
    "model_params": {
      "l1_ratio": 0.9863839613676738,
      "alpha_min_ratio": 0.0970776017878088,
      "n_alphas": 269,
      "max_iter": 19903,
      "tol": 5.874949886993172e-05
    },
    "seed": 1024,
    "cv_n_splits": 5,
    "cv_n_repeats": 10,
    "preprocessing_config": {
      "eps": 1e-06,
      "min_speed": 0.01,
      "max_hours": 9999.0
    }
  },
  "result": {
    "c_index": 0.9362164624047699,
    "mean_brier": 0.026069677413509584,
    "hybrid_score": 0.9626161645319742,
    "std_c_index": 0.0036036255038782287,
    "std_mean_brier": 0.0007384087782348631,
    "std_hybrid": 0.001510343659024291
  }
}