{
  "trial_id": 178,
  "config": {
    "model_type": "coxnet",
    "model_params": {
      "l1_ratio": 0.9897687666355361,
      "alpha_min_ratio": 0.06102316399908537,
      "n_alphas": 288,
      "max_iter": 1092,
      "tol": 2.2726867574023787e-05
    },
    "seed": 42,
    "cv_n_splits": 5,
    "cv_n_repeats": 10,
    "preprocessing_config": {
      "eps": 1e-06,
      "min_speed": 0.01,
      "max_hours": 9999.0
    }
  },
  "result": {
    "c_index": 0.9390278237827095,
    "mean_brier": 0.025235812274706827,
    "hybrid_score": 0.9640432785425179,
    "std_c_index": 0.002420527700085638,
    "std_mean_brier": 0.0013406033160456956,
    "std_hybrid": 0.0013813733167731363
  }
}