{
  "trial_id": 78,
  "config": {
    "model_type": "coxnet",
    "model_params": {
      "l1_ratio": 0.9920935424955201,
      "alpha_min_ratio": 0.05579135905647822,
      "n_alphas": 70,
      "max_iter": 13342,
      "tol": 6.125776982285951e-06
    },
    "seed": 777,
    "cv_n_splits": 5,
    "cv_n_repeats": 10,
    "preprocessing_config": {
      "eps": 1e-06,
      "min_speed": 0.01,
      "max_hours": 9999.0
    }
  },
  "result": {
    "c_index": 0.9357154686982444,
    "mean_brier": 0.025278282233397,
    "hybrid_score": 0.9630198430460954,
    "std_c_index": 0.003588606553302083,
    "std_mean_brier": 0.0005752220524039358,
    "std_hybrid": 0.0013169658865974563
  }
}