{
  "trial_id": 126,
  "config": {
    "model_type": "coxnet",
    "model_params": {
      "l1_ratio": 0.8003790946522599,
      "alpha_min_ratio": 0.08386709101265748,
      "n_alphas": 67,
      "max_iter": 119,
      "tol": 6.651375280956149e-05
    },
    "seed": 42,
    "cv_n_splits": 5,
    "cv_n_repeats": 10,
    "preprocessing_config": {
      "eps": 1e-06,
      "min_speed": 0.01,
      "max_hours": 9999.0
    }
  },
  "result": {
    "c_index": 0.9389864193441537,
    "mean_brier": 0.02694863712460664,
    "hybrid_score": 0.9628318798160214,
    "std_c_index": 0.0022759037278969043,
    "std_mean_brier": 0.0008118817343477076,
    "std_hybrid": 0.0010221612270282438
  }
}