{
  "trial_id": 162,
  "config": {
    "model_type": "coxnet",
    "model_params": {
      "l1_ratio": 0.9335114206613411,
      "alpha_min_ratio": 0.056827173192845686,
      "n_alphas": 258,
      "max_iter": 550,
      "tol": 9.295110437061938e-05
    },
    "seed": 42,
    "cv_n_splits": 5,
    "cv_n_repeats": 10,
    "preprocessing_config": {
      "eps": 1e-06,
      "min_speed": 0.01,
      "max_hours": 9999.0
    }
  },
  "result": {
    "c_index": 0.9388208015899305,
    "mean_brier": 0.025455390879839786,
    "hybrid_score": 0.9638274668610913,
    "std_c_index": 0.002125076506438602,
    "std_mean_brier": 0.0015501567250458838,
    "std_hybrid": 0.0015618964463772539
  }
}