{
  "trial_id": 149,
  "config": {
    "model_type": "coxnet",
    "model_params": {
      "l1_ratio": 0.9952050433356198,
      "alpha_min_ratio": 0.010247427253524415,
      "n_alphas": 186,
      "max_iter": 18702,
      "tol": 9.140565121987822e-05
    },
    "seed": 1024,
    "cv_n_splits": 5,
    "cv_n_repeats": 10,
    "preprocessing_config": {
      "eps": 1e-06,
      "min_speed": 0.01,
      "max_hours": 9999.0
    }
  },
  "result": {
    "c_index": 0.9252815501821795,
    "mean_brier": 0.0308051407507813,
    "hybrid_score": 0.956020866529107,
    "std_c_index": 0.00940287780329801,
    "std_mean_brier": 0.0032861054956391197,
    "std_hybrid": 0.0050050339775990355
  }
}