{
  "trial_id": 62,
  "config": {
    "model_type": "coxnet",
    "model_params": {
      "l1_ratio": 0.9524854063627031,
      "alpha_min_ratio": 0.008303624129566258,
      "n_alphas": 166,
      "max_iter": 19544,
      "tol": 2.8120502870714554e-07
    },
    "seed": 777,
    "cv_n_splits": 5,
    "cv_n_repeats": 10,
    "preprocessing_config": {
      "eps": 1e-06,
      "min_speed": 0.01,
      "max_hours": 9999.0
    }
  },
  "result": {
    "c_index": 0.92428784365684,
    "mean_brier": 0.03576092574083119,
    "hybrid_score": 0.9522537050784703,
    "std_c_index": 0.007873469603463424,
    "std_mean_brier": 0.005247993333634445,
    "std_hybrid": 0.0046400503871971595
  }
}