{
  "trial_id": 148,
  "config": {
    "model_type": "gbsa",
    "model_params": {
      "loss": "coxph",
      "n_estimators": 204,
      "learning_rate": 0.052528042302243214,
      "subsample": 0.7858201271895219,
      "max_depth": 4,
      "max_features": 0.3,
      "max_leaf_nodes": null,
      "min_samples_split": 18,
      "min_samples_leaf": 2,
      "min_weight_fraction_leaf": 0.0,
      "min_impurity_decrease": 0.04382315862692513,
      "criterion": "friedman_mse",
      "ccp_alpha": 3.338015959910495e-05,
      "dropout_rate": 0.04812390534014098,
      "validation_fraction": 0.18346991065737606,
      "n_iter_no_change": null,
      "tol": 0.000784774942125662,
      "random_state": 1024,
      "warm_start": false,
      "verbose": 0
    },
    "seed": 1024,
    "cv_n_splits": 5,
    "cv_n_repeats": 10,
    "preprocessing_config": {
      "eps": 1e-06,
      "min_speed": 0.01,
      "max_hours": 9999.0
    }
  },
  "result": {
    "c_index": 0.9402037098376947,
    "mean_brier": 0.11514435721201119,
    "hybrid_score": 0.9014600629029005,
    "std_c_index": 0.0032954291795433657,
    "std_mean_brier": 0.008449582057703653,
    "std_hybrid": 0.005990554234350505
  }
}