{
  "trial_id": 154,
  "config": {
    "model_type": "coxnet",
    "model_params": {
      "l1_ratio": 0.9027959817656628,
      "alpha_min_ratio": 0.07603520165770437,
      "n_alphas": 274,
      "max_iter": 17179,
      "tol": 8.428876821173175e-05
    },
    "seed": 1024,
    "cv_n_splits": 5,
    "cv_n_repeats": 10,
    "preprocessing_config": {
      "eps": 1e-06,
      "min_speed": 0.01,
      "max_hours": 9999.0
    }
  },
  "result": {
    "c_index": 0.9366263663464723,
    "mean_brier": 0.025913577052417876,
    "hybrid_score": 0.9628484059672491,
    "std_c_index": 0.0035798058245134603,
    "std_mean_brier": 0.0008216699508309828,
    "std_hybrid": 0.0015612349251598928
  }
}