{
  "trial_id": 259,
  "config": {
    "model_type": "coxnet",
    "model_params": {
      "l1_ratio": 0.9363237930552609,
      "alpha_min_ratio": 0.01942316947218036,
      "n_alphas": 65,
      "max_iter": 15673,
      "tol": 9.23630077464308e-05
    },
    "seed": 2023,
    "cv_n_splits": 5,
    "cv_n_repeats": 10,
    "preprocessing_config": {
      "eps": 1e-06,
      "min_speed": 0.01,
      "max_hours": 9999.0
    }
  },
  "result": {
    "c_index": 0.9280142431268633,
    "mean_brier": 0.030047870820206102,
    "hybrid_score": 0.9573707633639147,
    "std_c_index": 0.009118009463193983,
    "std_mean_brier": 0.0035732957738760225,
    "std_hybrid": 0.005090720153864937
  }
}