{
  "trial_id": 201,
  "config": {
    "model_type": "gbsa",
    "model_params": {
      "loss": "coxph",
      "n_estimators": 461,
      "learning_rate": 0.0788201463884434,
      "subsample": 0.9491122782831134,
      "max_depth": 5,
      "max_features": "sqrt",
      "max_leaf_nodes": 16,
      "min_samples_split": 6,
      "min_samples_leaf": 13,
      "min_weight_fraction_leaf": 0.0,
      "min_impurity_decrease": 0.028816447569014754,
      "criterion": "friedman_mse",
      "ccp_alpha": 0.0014644210634887362,
      "dropout_rate": 0.07173225577621528,
      "validation_fraction": 0.2770789938186246,
      "n_iter_no_change": null,
      "tol": 0.00010482834491008318,
      "random_state": 777,
      "warm_start": false,
      "verbose": 0
    },
    "seed": 777,
    "cv_n_splits": 5,
    "cv_n_repeats": 10,
    "preprocessing_config": {
      "eps": 1e-06,
      "min_speed": 0.01,
      "max_hours": 9999.0
    }
  },
  "result": {
    "c_index": 0.9402119907254057,
    "mean_brier": 0.11939991479886007,
    "hybrid_score": 0.8984836568584196,
    "std_c_index": 0.0022903055217126022,
    "std_mean_brier": 0.0075639289850255465,
    "std_hybrid": 0.005226288006876543
  }
}