{
  "trial_id": 91,
  "config": {
    "model_type": "gbsa",
    "model_params": {
      "loss": "coxph",
      "n_estimators": 310,
      "learning_rate": 0.16418485263662988,
      "subsample": 0.6587889801107365,
      "max_depth": 3,
      "max_features": 0.5,
      "max_leaf_nodes": 8,
      "min_samples_split": 15,
      "min_samples_leaf": 2,
      "min_weight_fraction_leaf": 0.0,
      "min_impurity_decrease": 0.04529096997899864,
      "criterion": "friedman_mse",
      "ccp_alpha": 0.0012294646675116109,
      "dropout_rate": 0.007119692927819533,
      "validation_fraction": 0.21670720832717066,
      "n_iter_no_change": null,
      "tol": 5.147886050824611e-05,
      "random_state": 777,
      "warm_start": false,
      "verbose": 0
    },
    "seed": 777,
    "cv_n_splits": 5,
    "cv_n_repeats": 10,
    "preprocessing_config": {
      "eps": 1e-06,
      "min_speed": 0.01,
      "max_hours": 9999.0
    }
  },
  "result": {
    "c_index": 0.9357320304736667,
    "mean_brier": 0.030215373016430503,
    "hybrid_score": 0.9595688480305986,
    "std_c_index": 0.0034105698347715514,
    "std_mean_brier": 0.0020327453369464042,
    "std_hybrid": 0.002068278779023757
  }
}