{
  "trial_id": 196,
  "config": {
    "model_type": "coxnet",
    "model_params": {
      "l1_ratio": 0.6590291394569981,
      "alpha_min_ratio": 0.0003665382376754259,
      "n_alphas": 94,
      "max_iter": 12370,
      "tol": 3.6648148473869465e-08
    },
    "seed": 42,
    "cv_n_splits": 5,
    "cv_n_repeats": 10,
    "preprocessing_config": {
      "eps": 1e-06,
      "min_speed": 0.01,
      "max_hours": 9999.0
    }
  },
  "result": {
    "c_index": 0.922052003974826,
    "mean_brier": 0.04022648750196576,
    "hybrid_score": 0.948457059941072,
    "std_c_index": 0.01016413105212919,
    "std_mean_brier": 0.006955123124156478,
    "std_hybrid": 0.007025977515033572
  }
}