{
  "trial_id": 55,
  "config": {
    "model_type": "coxnet",
    "model_params": {
      "l1_ratio": 0.08047088448691159,
      "alpha_min_ratio": 0.00014738832327554048,
      "n_alphas": 233,
      "max_iter": 15197,
      "tol": 3.502110325557437e-08
    },
    "seed": 42,
    "cv_n_splits": 5,
    "cv_n_repeats": 10,
    "preprocessing_config": {
      "eps": 1e-06,
      "min_speed": 0.01,
      "max_hours": 9999.0
    }
  },
  "result": {
    "c_index": 0.9215303080490228,
    "mean_brier": 0.04361346172735344,
    "hybrid_score": 0.9459296692055593,
    "std_c_index": 0.011024297012674197,
    "std_mean_brier": 0.007113250056685114,
    "std_hybrid": 0.007420652462022597
  }
}