{
  "trial_id": 249,
  "config": {
    "model_type": "gbsa",
    "model_params": {
      "loss": "coxph",
      "n_estimators": 187,
      "learning_rate": 0.13442448383530506,
      "subsample": 0.9652286057489661,
      "max_depth": 4,
      "max_features": 1.0,
      "max_leaf_nodes": 16,
      "min_samples_split": 17,
      "min_samples_leaf": 1,
      "min_weight_fraction_leaf": 0.0,
      "min_impurity_decrease": 0.010742503650853646,
      "criterion": "friedman_mse",
      "ccp_alpha": 1.2238990107999243e-08,
      "dropout_rate": 0.00907977515610825,
      "validation_fraction": 0.15434084903769923,
      "n_iter_no_change": null,
      "tol": 0.00047012515294028484,
      "random_state": 1024,
      "warm_start": false,
      "verbose": 0
    },
    "seed": 1024,
    "cv_n_splits": 5,
    "cv_n_repeats": 10,
    "preprocessing_config": {
      "eps": 1e-06,
      "min_speed": 0.01,
      "max_hours": 9999.0
    }
  },
  "result": {
    "c_index": 0.9344070884398807,
    "mean_brier": 0.034370249318164466,
    "hybrid_score": 0.9562629520092492,
    "std_c_index": 0.003369303836790523,
    "std_mean_brier": 0.004066677566374291,
    "std_hybrid": 0.003276590423751501
  }
}