{
  "trial_id": 166,
  "config": {
    "model_type": "gbsa",
    "model_params": {
      "loss": "coxph",
      "n_estimators": 227,
      "learning_rate": 0.17415726712942384,
      "subsample": 0.871005554728205,
      "max_depth": 1,
      "max_features": "log2",
      "max_leaf_nodes": 16,
      "min_samples_split": 12,
      "min_samples_leaf": 5,
      "min_weight_fraction_leaf": 0.0,
      "min_impurity_decrease": 0.04647126496569542,
      "criterion": "friedman_mse",
      "ccp_alpha": 0.002197751359500634,
      "dropout_rate": 0.009850939099172467,
      "validation_fraction": 0.2660277278507107,
      "n_iter_no_change": null,
      "tol": 0.0011964430153252612,
      "random_state": 777,
      "warm_start": false,
      "verbose": 0
    },
    "seed": 777,
    "cv_n_splits": 5,
    "cv_n_repeats": 10,
    "preprocessing_config": {
      "eps": 1e-06,
      "min_speed": 0.01,
      "max_hours": 9999.0
    }
  },
  "result": {
    "c_index": 0.9375538257701226,
    "mean_brier": 0.030832507705848285,
    "hybrid_score": 0.9596833923369429,
    "std_c_index": 0.002204007695521949,
    "std_mean_brier": 0.0008593810607597341,
    "std_hybrid": 0.0010053040848736435
  }
}