{
  "trial_id": 292,
  "config": {
    "model_type": "coxnet",
    "model_params": {
      "l1_ratio": 0.97862320181357,
      "alpha_min_ratio": 0.019224595711492577,
      "n_alphas": 242,
      "max_iter": 378,
      "tol": 5.616484776805574e-06
    },
    "seed": 42,
    "cv_n_splits": 5,
    "cv_n_repeats": 10,
    "preprocessing_config": {
      "eps": 1e-06,
      "min_speed": 0.01,
      "max_hours": 9999.0
    }
  },
  "result": {
    "c_index": 0.929438555813183,
    "mean_brier": 0.027924345200426682,
    "hybrid_score": 0.9592845251036562,
    "std_c_index": 0.009103362568891476,
    "std_mean_brier": 0.0030441291640201694,
    "std_hybrid": 0.004818687894845116
  }
}