{
  "trial_id": 261,
  "config": {
    "model_type": "coxnet",
    "model_params": {
      "l1_ratio": 0.981875555102415,
      "alpha_min_ratio": 0.026858965497991095,
      "n_alphas": 86,
      "max_iter": 13057,
      "tol": 2.2883557110967555e-05
    },
    "seed": 2023,
    "cv_n_splits": 5,
    "cv_n_repeats": 10,
    "preprocessing_config": {
      "eps": 1e-06,
      "min_speed": 0.01,
      "max_hours": 9999.0
    }
  },
  "result": {
    "c_index": 0.9307469360715468,
    "mean_brier": 0.028191285669251626,
    "hybrid_score": 0.959490180852988,
    "std_c_index": 0.006501003180817658,
    "std_mean_brier": 0.0028674065104584818,
    "std_hybrid": 0.003872104991239632
  }
}