{
  "trial_id": 95,
  "config": {
    "model_type": "coxnet",
    "model_params": {
      "l1_ratio": 0.9969895492408912,
      "alpha_min_ratio": 0.04845951998955004,
      "n_alphas": 283,
      "max_iter": 14768,
      "tol": 7.2357290166234555e-06
    },
    "seed": 42,
    "cv_n_splits": 5,
    "cv_n_repeats": 10,
    "preprocessing_config": {
      "eps": 1e-06,
      "min_speed": 0.01,
      "max_hours": 9999.0
    }
  },
  "result": {
    "c_index": 0.9374378933421662,
    "mean_brier": 0.02564564359079553,
    "hybrid_score": 0.9632794174890931,
    "std_c_index": 0.004531128931094398,
    "std_mean_brier": 0.0025013514843853666,
    "std_hybrid": 0.003001180970298861
  }
}