{
  "trial_id": 234,
  "config": {
    "model_type": "gbsa",
    "model_params": {
      "loss": "coxph",
      "n_estimators": 287,
      "learning_rate": 0.03915120938734221,
      "subsample": 0.6668849143933974,
      "max_depth": 5,
      "max_features": 0.7,
      "max_leaf_nodes": null,
      "min_samples_split": 3,
      "min_samples_leaf": 15,
      "min_weight_fraction_leaf": 0.0,
      "min_impurity_decrease": 0.010682592947112496,
      "criterion": "friedman_mse",
      "ccp_alpha": 0.02458357904786662,
      "dropout_rate": 0.07477134055921254,
      "validation_fraction": 0.24045583938004578,
      "n_iter_no_change": null,
      "tol": 1.7758322895742925e-05,
      "random_state": 42,
      "warm_start": false,
      "verbose": 0
    },
    "seed": 42,
    "cv_n_splits": 5,
    "cv_n_repeats": 10,
    "preprocessing_config": {
      "eps": 1e-06,
      "min_speed": 0.01,
      "max_hours": 9999.0
    }
  },
  "result": {
    "c_index": 0.9012421331566746,
    "mean_brier": 0.1678151862534195,
    "hybrid_score": 0.8529020095696087,
    "std_c_index": 0.007226250128582918,
    "std_mean_brier": 0.007115969007217383,
    "std_hybrid": 0.005299046170352937
  }
}