{
  "trial_id": 186,
  "config": {
    "model_type": "gbsa",
    "model_params": {
      "loss": "coxph",
      "n_estimators": 480,
      "learning_rate": 0.11451385465417326,
      "subsample": 0.6290771620776651,
      "max_depth": 4,
      "max_features": 1.0,
      "max_leaf_nodes": 8,
      "min_samples_split": 10,
      "min_samples_leaf": 11,
      "min_weight_fraction_leaf": 0.0,
      "min_impurity_decrease": 0.025264686005521182,
      "criterion": "friedman_mse",
      "ccp_alpha": 0.0002351464560799887,
      "dropout_rate": 0.006888743302571779,
      "validation_fraction": 0.29295268218196213,
      "n_iter_no_change": null,
      "tol": 8.776644678170777e-05,
      "random_state": 777,
      "warm_start": false,
      "verbose": 0
    },
    "seed": 777,
    "cv_n_splits": 5,
    "cv_n_repeats": 10,
    "preprocessing_config": {
      "eps": 1e-06,
      "min_speed": 0.01,
      "max_hours": 9999.0
    }
  },
  "result": {
    "c_index": 0.9390940708843989,
    "mean_brier": 0.030201481486993597,
    "hybrid_score": 0.9605871842244241,
    "std_c_index": 0.0025106935965212955,
    "std_mean_brier": 0.0013745050756887795,
    "std_hybrid": 0.001029817869490507
  }
}