{
  "trial_id": 248,
  "config": {
    "model_type": "coxnet",
    "model_params": {
      "l1_ratio": 0.9712986238246802,
      "alpha_min_ratio": 0.06120919308891393,
      "n_alphas": 173,
      "max_iter": 14034,
      "tol": 6.26683316744147e-06
    },
    "seed": 777,
    "cv_n_splits": 5,
    "cv_n_repeats": 10,
    "preprocessing_config": {
      "eps": 1e-06,
      "min_speed": 0.01,
      "max_hours": 9999.0
    }
  },
  "result": {
    "c_index": 0.9362785690626035,
    "mean_brier": 0.025315933514046974,
    "hybrid_score": 0.9631624172589481,
    "std_c_index": 0.0035815677003034406,
    "std_mean_brier": 0.0005338883268468681,
    "std_hybrid": 0.0013202568598466493
  }
}