{
  "trial_id": 238,
  "config": {
    "model_type": "gbsa",
    "model_params": {
      "loss": "coxph",
      "n_estimators": 379,
      "learning_rate": 0.1639349965639979,
      "subsample": 0.9168531817104079,
      "max_depth": 1,
      "max_features": "log2",
      "max_leaf_nodes": 63,
      "min_samples_split": 5,
      "min_samples_leaf": 11,
      "min_weight_fraction_leaf": 0.0,
      "min_impurity_decrease": 0.01787393733473473,
      "criterion": "friedman_mse",
      "ccp_alpha": 2.3176669910858574e-06,
      "dropout_rate": 0.03402062296978009,
      "validation_fraction": 0.22060923223409756,
      "n_iter_no_change": null,
      "tol": 7.024391659629502e-05,
      "random_state": 2023,
      "warm_start": false,
      "verbose": 0
    },
    "seed": 2023,
    "cv_n_splits": 5,
    "cv_n_repeats": 10,
    "preprocessing_config": {
      "eps": 1e-06,
      "min_speed": 0.01,
      "max_hours": 9999.0
    }
  },
  "result": {
    "c_index": 0.9396199072540578,
    "mean_brier": 0.054169937210429245,
    "hybrid_score": 0.9439670161289169,
    "std_c_index": 0.00337175793990261,
    "std_mean_brier": 0.0035190752377414966,
    "std_hybrid": 0.0029874791804756786
  }
}