{
  "trial_id": 241,
  "config": {
    "model_type": "gbsa",
    "model_params": {
      "loss": "coxph",
      "n_estimators": 255,
      "learning_rate": 0.16677180339580153,
      "subsample": 0.5345694520970842,
      "max_depth": 1,
      "max_features": null,
      "max_leaf_nodes": 31,
      "min_samples_split": 6,
      "min_samples_leaf": 5,
      "min_weight_fraction_leaf": 0.0,
      "min_impurity_decrease": 0.04584170858529902,
      "criterion": "friedman_mse",
      "ccp_alpha": 0.018300170845851397,
      "dropout_rate": 0.028705270905110606,
      "validation_fraction": 0.15886267316906372,
      "n_iter_no_change": null,
      "tol": 0.0003433925827602685,
      "random_state": 1024,
      "warm_start": false,
      "verbose": 0
    },
    "seed": 1024,
    "cv_n_splits": 5,
    "cv_n_repeats": 10,
    "preprocessing_config": {
      "eps": 1e-06,
      "min_speed": 0.01,
      "max_hours": 9999.0
    }
  },
  "result": {
    "c_index": 0.9352931434249753,
    "mean_brier": 0.040205410475006705,
    "hybrid_score": 0.9524441556949877,
    "std_c_index": 0.002842818017184484,
    "std_mean_brier": 0.0017688000928608428,
    "std_hybrid": 0.0015398549816707326
  }
}