{
  "trial_id": 225,
  "config": {
    "model_type": "coxnet",
    "model_params": {
      "l1_ratio": 0.8139023462238024,
      "alpha_min_ratio": 0.08952658654841653,
      "n_alphas": 185,
      "max_iter": 19860,
      "tol": 2.758858774234122e-06
    },
    "seed": 42,
    "cv_n_splits": 5,
    "cv_n_repeats": 10,
    "preprocessing_config": {
      "eps": 1e-06,
      "min_speed": 0.01,
      "max_hours": 9999.0
    }
  },
  "result": {
    "c_index": 0.9397813845644253,
    "mean_brier": 0.026337214780256073,
    "hybrid_score": 0.9634983650231483,
    "std_c_index": 0.002368623409224041,
    "std_mean_brier": 0.0007963494278847965,
    "std_hybrid": 0.0011190669936741431
  }
}