{
  "trial_id": 270,
  "config": {
    "model_type": "coxnet",
    "model_params": {
      "l1_ratio": 0.8921906020499037,
      "alpha_min_ratio": 0.07499158982539751,
      "n_alphas": 298,
      "max_iter": 1623,
      "tol": 1.19584462101614e-05
    },
    "seed": 42,
    "cv_n_splits": 5,
    "cv_n_repeats": 10,
    "preprocessing_config": {
      "eps": 1e-06,
      "min_speed": 0.01,
      "max_hours": 9999.0
    }
  },
  "result": {
    "c_index": 0.9396323285856244,
    "mean_brier": 0.025470469772275774,
    "hybrid_score": 0.9640603697350942,
    "std_c_index": 0.0023277986303655023,
    "std_mean_brier": 0.0008291589894386629,
    "std_hybrid": 0.0011073394830284986
  }
}