{
  "trial_id": 200,
  "config": {
    "model_type": "coxnet",
    "model_params": {
      "l1_ratio": 0.9411219603404233,
      "alpha_min_ratio": 0.04652598036858398,
      "n_alphas": 271,
      "max_iter": 1344,
      "tol": 7.901353891363943e-05
    },
    "seed": 42,
    "cv_n_splits": 5,
    "cv_n_repeats": 10,
    "preprocessing_config": {
      "eps": 1e-06,
      "min_speed": 0.01,
      "max_hours": 9999.0
    }
  },
  "result": {
    "c_index": 0.937686319973501,
    "mean_brier": 0.0257937736366168,
    "hybrid_score": 0.9632502544464187,
    "std_c_index": 0.00430466796567492,
    "std_mean_brier": 0.00249807435343307,
    "std_hybrid": 0.002918970892417706
  }
}