{
  "trial_id": 200,
  "config": {
    "model_type": "coxnet",
    "model_params": {
      "l1_ratio": 0.9550757541554048,
      "alpha_min_ratio": 0.04477592406564686,
      "n_alphas": 231,
      "max_iter": 18955,
      "tol": 6.54795700255246e-05
    },
    "seed": 42,
    "cv_n_splits": 5,
    "cv_n_repeats": 10,
    "preprocessing_config": {
      "eps": 1e-06,
      "min_speed": 0.01,
      "max_hours": 9999.0
    }
  },
  "result": {
    "c_index": 0.9376366346472341,
    "mean_brier": 0.02581250759569288,
    "hybrid_score": 0.9632222350771853,
    "std_c_index": 0.004447145103150137,
    "std_mean_brier": 0.002597310816242196,
    "std_hybrid": 0.0030265631471978176
  }
}