{
  "trial_id": 175,
  "config": {
    "model_type": "coxnet",
    "model_params": {
      "l1_ratio": 0.9801832314751583,
      "alpha_min_ratio": 0.05247269391688085,
      "n_alphas": 182,
      "max_iter": 14655,
      "tol": 1.9710356658495242e-08
    },
    "seed": 2023,
    "cv_n_splits": 5,
    "cv_n_repeats": 10,
    "preprocessing_config": {
      "eps": 1e-06,
      "min_speed": 0.01,
      "max_hours": 9999.0
    }
  },
  "result": {
    "c_index": 0.9352268963232859,
    "mean_brier": 0.025658066866031115,
    "hybrid_score": 0.962607422090764,
    "std_c_index": 0.003093285673986102,
    "std_mean_brier": 0.0010143711441245836,
    "std_hybrid": 0.001388442665905234
  }
}