{
  "trial_id": 43,
  "config": {
    "model_type": "coxnet",
    "model_params": {
      "l1_ratio": 0.9541783973766804,
      "alpha_min_ratio": 0.08077275556873253,
      "n_alphas": 131,
      "max_iter": 18832,
      "tol": 1.0187690311864539e-06
    },
    "seed": 777,
    "cv_n_splits": 5,
    "cv_n_repeats": 10,
    "preprocessing_config": {
      "eps": 1e-06,
      "min_speed": 0.01,
      "max_hours": 9999.0
    }
  },
  "result": {
    "c_index": 0.9363199735011593,
    "mean_brier": 0.0256171460090654,
    "hybrid_score": 0.962963989844002,
    "std_c_index": 0.0035356578403791332,
    "std_mean_brier": 0.0005250528060001291,
    "std_hybrid": 0.0013206318573538473
  }
}