{
  "trial_id": 100,
  "config": {
    "model_type": "gbsa",
    "model_params": {
      "loss": "coxph",
      "n_estimators": 363,
      "learning_rate": 0.06123628511891318,
      "subsample": 0.5953009521377571,
      "max_depth": 3,
      "max_features": 0.5,
      "max_leaf_nodes": 8,
      "min_samples_split": 16,
      "min_samples_leaf": 7,
      "min_weight_fraction_leaf": 0.0,
      "min_impurity_decrease": 0.027153519399676567,
      "criterion": "friedman_mse",
      "ccp_alpha": 0.051393490783144015,
      "dropout_rate": 0.22760020212924914,
      "validation_fraction": 0.14317790424880364,
      "n_iter_no_change": null,
      "tol": 1.2353966978132681e-05,
      "random_state": 777,
      "warm_start": false,
      "verbose": 0
    },
    "seed": 777,
    "cv_n_splits": 5,
    "cv_n_repeats": 10,
    "preprocessing_config": {
      "eps": 1e-06,
      "min_speed": 0.01,
      "max_hours": 9999.0
    }
  },
  "result": {
    "c_index": 0.9018507784034447,
    "mean_brier": 0.19607586282924963,
    "hybrid_score": 0.8333021295405587,
    "std_c_index": 0.010283636499430494,
    "std_mean_brier": 0.013030369858954727,
    "std_hybrid": 0.008769709452506326
  }
}