{
  "trial_id": 179,
  "config": {
    "model_type": "coxnet",
    "model_params": {
      "l1_ratio": 0.9590977369441355,
      "alpha_min_ratio": 0.08442104159984344,
      "n_alphas": 135,
      "max_iter": 12887,
      "tol": 1.55475628190029e-07
    },
    "seed": 1024,
    "cv_n_splits": 5,
    "cv_n_repeats": 10,
    "preprocessing_config": {
      "eps": 1e-06,
      "min_speed": 0.01,
      "max_hours": 9999.0
    }
  },
  "result": {
    "c_index": 0.9362620072871811,
    "mean_brier": 0.025824095799571324,
    "hybrid_score": 0.9628017351264544,
    "std_c_index": 0.003640022417975821,
    "std_mean_brier": 0.0007764124851358317,
    "std_hybrid": 0.0015551055831072849
  }
}