{
  "trial_id": 244,
  "config": {
    "model_type": "coxnet",
    "model_params": {
      "l1_ratio": 0.20656500784357185,
      "alpha_min_ratio": 0.010449824025642639,
      "n_alphas": 60,
      "max_iter": 1118,
      "tol": 1.1554650614704711e-08
    },
    "seed": 777,
    "cv_n_splits": 5,
    "cv_n_repeats": 10,
    "preprocessing_config": {
      "eps": 1e-06,
      "min_speed": 0.01,
      "max_hours": 9999.0
    }
  },
  "result": {
    "c_index": 0.9267886717456111,
    "mean_brier": 0.03314725743469812,
    "hybrid_score": 0.9548335213193948,
    "std_c_index": 0.007535648766491469,
    "std_mean_brier": 0.004811427490624981,
    "std_hybrid": 0.005449434113991858
  }
}