{
  "trial_id": 129,
  "config": {
    "model_type": "gbsa",
    "model_params": {
      "loss": "coxph",
      "n_estimators": 404,
      "learning_rate": 0.1730220309927235,
      "subsample": 0.6893271524006201,
      "max_depth": 5,
      "max_features": 0.7,
      "max_leaf_nodes": 16,
      "min_samples_split": 11,
      "min_samples_leaf": 10,
      "min_weight_fraction_leaf": 0.0,
      "min_impurity_decrease": 0.01738536226116255,
      "criterion": "friedman_mse",
      "ccp_alpha": 4.836847288443504e-08,
      "dropout_rate": 0.05085913530794179,
      "validation_fraction": 0.13398001457097464,
      "n_iter_no_change": null,
      "tol": 0.0035485069492395102,
      "random_state": 2023,
      "warm_start": false,
      "verbose": 0
    },
    "seed": 2023,
    "cv_n_splits": 5,
    "cv_n_repeats": 10,
    "preprocessing_config": {
      "eps": 1e-06,
      "min_speed": 0.01,
      "max_hours": 9999.0
    }
  },
  "result": {
    "c_index": 0.9409821132825439,
    "mean_brier": 0.05648150097247227,
    "hybrid_score": 0.9427575833040326,
    "std_c_index": 0.0018594419431337932,
    "std_mean_brier": 0.003742352417537099,
    "std_hybrid": 0.0028345940195465243
  }
}