{
  "trial_id": 44,
  "config": {
    "seed": 42,
    "cv_n_splits": 5,
    "cv_n_repeats": 10,
    "gbsa_config": {
      "loss": "coxph",
      "n_estimators": 193,
      "learning_rate": 0.1599212329860367,
      "subsample": 0.6453308819511981,
      "max_depth": 6,
      "max_features": 0.5,
      "max_leaf_nodes": 8,
      "min_samples_split": 10,
      "min_samples_leaf": 11,
      "min_weight_fraction_leaf": 0.0,
      "min_impurity_decrease": 0.033264973658519194,
      "criterion": "friedman_mse",
      "ccp_alpha": 3.707989145037155e-05,
      "dropout_rate": 0.00956297080337222,
      "validation_fraction": 0.21742473810101157,
      "n_iter_no_change": 5,
      "tol": 8.181965364843651e-05,
      "random_state": 42,
      "warm_start": false,
      "verbose": 0
    },
    "preprocessing_config": {
      "eps": 1e-06,
      "min_speed": 0.01,
      "max_hours": 9999.0
    }
  },
  "result": {
    "c_index": 0.9359597548857238,
    "mean_brier": 0.06020686626017159,
    "hybrid_score": 0.938643120083597,
    "std_c_index": 0.004774096949459534,
    "std_mean_brier": 0.00696956655583368,
    "std_hybrid": 0.005120759853475296
  }
}