{
  "trial_id": 46,
  "config": {
    "model_type": "coxnet",
    "model_params": {
      "l1_ratio": 0.960005430259296,
      "alpha_min_ratio": 0.09954325961030681,
      "n_alphas": 278,
      "max_iter": 19248,
      "tol": 6.674349454031127e-06
    },
    "seed": 1024,
    "cv_n_splits": 5,
    "cv_n_repeats": 10,
    "preprocessing_config": {
      "eps": 1e-06,
      "min_speed": 0.01,
      "max_hours": 9999.0
    }
  },
  "result": {
    "c_index": 0.9363365352765817,
    "mean_brier": 0.026202963932535524,
    "hybrid_score": 0.9625588858301996,
    "std_c_index": 0.0035202637077070193,
    "std_mean_brier": 0.0007259196836964624,
    "std_hybrid": 0.0014861037773444578
  }
}