{
  "trial_id": 283,
  "config": {
    "model_type": "coxnet",
    "model_params": {
      "l1_ratio": 0.9931207923841583,
      "alpha_min_ratio": 0.0004006767905665445,
      "n_alphas": 201,
      "max_iter": 10241,
      "tol": 1.526245500294112e-07
    },
    "seed": 42,
    "cv_n_splits": 5,
    "cv_n_repeats": 10,
    "preprocessing_config": {
      "eps": 1e-06,
      "min_speed": 0.01,
      "max_hours": 9999.0
    }
  },
  "result": {
    "c_index": 0.9221844981782047,
    "mean_brier": 0.0384615865836344,
    "hybrid_score": 0.9497322388449172,
    "std_c_index": 0.01031268455921417,
    "std_mean_brier": 0.00691894756536952,
    "std_hybrid": 0.007046305259274219
  }
}