{
  "trial_id": 80,
  "config": {
    "model_type": "coxnet",
    "model_params": {
      "l1_ratio": 0.9493852492635295,
      "alpha_min_ratio": 0.00011949171888680519,
      "n_alphas": 84,
      "max_iter": 11903,
      "tol": 9.595526590230146e-05
    },
    "seed": 2023,
    "cv_n_splits": 5,
    "cv_n_repeats": 10,
    "preprocessing_config": {
      "eps": 1e-06,
      "min_speed": 0.01,
      "max_hours": 9999.0
    }
  },
  "result": {
    "c_index": 0.9158082146406095,
    "mean_brier": 0.042950619556963346,
    "hybrid_score": 0.9446770307023085,
    "std_c_index": 0.018556915076151755,
    "std_mean_brier": 0.008798218380219368,
    "std_hybrid": 0.011208655188069079
  }
}