{
  "trial_id": 299,
  "config": {
    "model_type": "coxnet",
    "model_params": {
      "l1_ratio": 0.8732679499821165,
      "alpha_min_ratio": 0.0910661376046628,
      "n_alphas": 60,
      "max_iter": 5570,
      "tol": 4.279975756701196e-08
    },
    "seed": 777,
    "cv_n_splits": 5,
    "cv_n_repeats": 10,
    "preprocessing_config": {
      "eps": 1e-06,
      "min_speed": 0.01,
      "max_hours": 9999.0
    }
  },
  "result": {
    "c_index": 0.9368913547532294,
    "mean_brier": 0.026103522630835662,
    "hybrid_score": 0.962794940584384,
    "std_c_index": 0.0027716738559657875,
    "std_mean_brier": 0.0005335723585535282,
    "std_hybrid": 0.0010881671576287463
  }
}