{
  "trial_id": 168,
  "config": {
    "model_type": "coxnet",
    "model_params": {
      "l1_ratio": 0.6725863159025465,
      "alpha_min_ratio": 0.00947544908183319,
      "n_alphas": 263,
      "max_iter": 12148,
      "tol": 2.0026083947793092e-07
    },
    "seed": 2023,
    "cv_n_splits": 5,
    "cv_n_repeats": 10,
    "preprocessing_config": {
      "eps": 1e-06,
      "min_speed": 0.01,
      "max_hours": 9999.0
    }
  },
  "result": {
    "c_index": 0.9248840675720436,
    "mean_brier": 0.033774851905854886,
    "hybrid_score": 0.9538228239375146,
    "std_c_index": 0.011745408075533887,
    "std_mean_brier": 0.005402282918486973,
    "std_hybrid": 0.0070606292290160124
  }
}