{
  "trial_id": 26,
  "config": {
    "model_type": "coxnet",
    "model_params": {
      "l1_ratio": 0.7981872445603305,
      "alpha_min_ratio": 0.07422563328118557,
      "n_alphas": 61,
      "max_iter": 7356,
      "tol": 4.825392726564191e-06
    },
    "seed": 777,
    "cv_n_splits": 5,
    "cv_n_repeats": 10,
    "preprocessing_config": {
      "eps": 1e-06,
      "min_speed": 0.01,
      "max_hours": 9999.0
    }
  },
  "result": {
    "c_index": 0.9365104339185161,
    "mean_brier": 0.026227600905029597,
    "hybrid_score": 0.962593809542034,
    "std_c_index": 0.0029054117335191284,
    "std_mean_brier": 0.0004810716698977823,
    "std_hybrid": 0.0010601103011075048
  }
}