{
  "trial_id": 63,
  "config": {
    "model_type": "coxnet",
    "model_params": {
      "l1_ratio": 0.27650724085456635,
      "alpha_min_ratio": 0.0023304810571048366,
      "n_alphas": 231,
      "max_iter": 18981,
      "tol": 1.2014402360283583e-06
    },
    "seed": 2023,
    "cv_n_splits": 5,
    "cv_n_repeats": 10,
    "preprocessing_config": {
      "eps": 1e-06,
      "min_speed": 0.01,
      "max_hours": 9999.0
    }
  },
  "result": {
    "c_index": 0.9186899635640942,
    "mean_brier": 0.03919381501238721,
    "hybrid_score": 0.9481713185605571,
    "std_c_index": 0.017806814355723965,
    "std_mean_brier": 0.007651025854627278,
    "std_hybrid": 0.010456710096628566
  }
}