{
  "trial_id": 144,
  "config": {
    "model_type": "gbsa",
    "model_params": {
      "loss": "coxph",
      "n_estimators": 289,
      "learning_rate": 0.10586691695450791,
      "subsample": 0.5334362609312316,
      "max_depth": 5,
      "max_features": "sqrt",
      "max_leaf_nodes": 63,
      "min_samples_split": 6,
      "min_samples_leaf": 12,
      "min_weight_fraction_leaf": 0.0,
      "min_impurity_decrease": 0.019766284251408913,
      "criterion": "friedman_mse",
      "ccp_alpha": 1.0273599577130849e-05,
      "dropout_rate": 0.02605773122052113,
      "validation_fraction": 0.2909701927785575,
      "n_iter_no_change": 5,
      "tol": 4.434709184192775e-05,
      "random_state": 42,
      "warm_start": false,
      "verbose": 0
    },
    "seed": 42,
    "cv_n_splits": 5,
    "cv_n_repeats": 10,
    "preprocessing_config": {
      "eps": 1e-06,
      "min_speed": 0.01,
      "max_hours": 9999.0
    }
  },
  "result": {
    "c_index": 0.9163299105664129,
    "mean_brier": 0.06536753635096218,
    "hybrid_score": 0.9291416977242501,
    "std_c_index": 0.005935057283668342,
    "std_mean_brier": 0.0054001814131798085,
    "std_hybrid": 0.0048825919252124105
  }
}