{
  "trial_id": 24,
  "config": {
    "model_type": "gbsa",
    "model_params": {
      "loss": "coxph",
      "n_estimators": 369,
      "learning_rate": 0.07689270072840147,
      "subsample": 0.5831398368373568,
      "max_depth": 5,
      "max_features": 1.0,
      "max_leaf_nodes": 63,
      "min_samples_split": 15,
      "min_samples_leaf": 16,
      "min_weight_fraction_leaf": 0.0,
      "min_impurity_decrease": 0.03347194752927078,
      "criterion": "friedman_mse",
      "ccp_alpha": 0.00029129658115806744,
      "dropout_rate": 0.0480551979975013,
      "validation_fraction": 0.21001229100712943,
      "n_iter_no_change": null,
      "tol": 0.003322130037269063,
      "random_state": 2023,
      "warm_start": false,
      "verbose": 0
    },
    "seed": 2023,
    "cv_n_splits": 5,
    "cv_n_repeats": 10,
    "preprocessing_config": {
      "eps": 1e-06,
      "min_speed": 0.01,
      "max_hours": 9999.0
    }
  },
  "result": {
    "c_index": 0.9366346472341835,
    "mean_brier": 0.09597985463591364,
    "hybrid_score": 0.9138044959251156,
    "std_c_index": 0.004704907161557474,
    "std_mean_brier": 0.005132048715327002,
    "std_hybrid": 0.003886055410610345
  }
}