{
  "trial_id": 92,
  "config": {
    "model_type": "coxnet",
    "model_params": {
      "l1_ratio": 0.8582380752698995,
      "alpha_min_ratio": 0.08644952584755762,
      "n_alphas": 122,
      "max_iter": 17532,
      "tol": 9.142746393097623e-05
    },
    "seed": 1024,
    "cv_n_splits": 5,
    "cv_n_repeats": 10,
    "preprocessing_config": {
      "eps": 1e-06,
      "min_speed": 0.01,
      "max_hours": 9999.0
    }
  },
  "result": {
    "c_index": 0.9369576018549189,
    "mean_brier": 0.02651359047082018,
    "hybrid_score": 0.9625277672269015,
    "std_c_index": 0.0036929509821603565,
    "std_mean_brier": 0.0008126779812632052,
    "std_hybrid": 0.0015983055334259082
  }
}