{
  "trial_id": 105,
  "config": {
    "model_type": "coxnet",
    "model_params": {
      "l1_ratio": 0.9902725015041904,
      "alpha_min_ratio": 0.0964553307231519,
      "n_alphas": 299,
      "max_iter": 503,
      "tol": 2.975779603269922e-06
    },
    "seed": 42,
    "cv_n_splits": 5,
    "cv_n_repeats": 10,
    "preprocessing_config": {
      "eps": 1e-06,
      "min_speed": 0.01,
      "max_hours": 9999.0
    }
  },
  "result": {
    "c_index": 0.9390443855581319,
    "mean_brier": 0.0257264131122862,
    "hybrid_score": 0.9637048264888393,
    "std_c_index": 0.0024513245995773612,
    "std_mean_brier": 0.0007669036615189909,
    "std_hybrid": 0.001087223182497805
  }
}