{
  "trial_id": 45,
  "config": {
    "model_type": "coxnet",
    "model_params": {
      "l1_ratio": 0.7663445765619952,
      "alpha_min_ratio": 0.00017789639705321006,
      "n_alphas": 295,
      "max_iter": 13661,
      "tol": 2.0746255944982846e-05
    },
    "seed": 777,
    "cv_n_splits": 5,
    "cv_n_repeats": 10,
    "preprocessing_config": {
      "eps": 1e-06,
      "min_speed": 0.01,
      "max_hours": 9999.0
    }
  },
  "result": {
    "c_index": 0.9182262338522689,
    "mean_brier": 0.04324302311542066,
    "hybrid_score": 0.9451977539748864,
    "std_c_index": 0.013542239288308298,
    "std_mean_brier": 0.008227606804129445,
    "std_hybrid": 0.008665816067792086
  }
}