{
  "trial_id": 172,
  "config": {
    "model_type": "coxnet",
    "model_params": {
      "l1_ratio": 0.980672935134141,
      "alpha_min_ratio": 0.09645804022773749,
      "n_alphas": 118,
      "max_iter": 19771,
      "tol": 2.766997333272191e-06
    },
    "seed": 777,
    "cv_n_splits": 5,
    "cv_n_repeats": 10,
    "preprocessing_config": {
      "eps": 1e-06,
      "min_speed": 0.01,
      "max_hours": 9999.0
    }
  },
  "result": {
    "c_index": 0.9359473335541569,
    "mean_brier": 0.025980185310042658,
    "hybrid_score": 0.9625980703492173,
    "std_c_index": 0.0026851664258662135,
    "std_mean_brier": 0.000519492866342504,
    "std_hybrid": 0.0010497425770586838
  }
}