{
  "trial_id": 251,
  "config": {
    "model_type": "coxnet",
    "model_params": {
      "l1_ratio": 0.9403731390120663,
      "alpha_min_ratio": 0.07931342238342766,
      "n_alphas": 51,
      "max_iter": 13736,
      "tol": 1.617587923260203e-05
    },
    "seed": 2023,
    "cv_n_splits": 5,
    "cv_n_repeats": 10,
    "preprocessing_config": {
      "eps": 1e-06,
      "min_speed": 0.01,
      "max_hours": 9999.0
    }
  },
  "result": {
    "c_index": 0.9367422987744286,
    "mean_brier": 0.025957985196820483,
    "hybrid_score": 0.9628520999945543,
    "std_c_index": 0.0023780569988675828,
    "std_mean_brier": 0.0007564277198904588,
    "std_hybrid": 0.0010960493487098262
  }
}