{
  "trial_id": 158,
  "config": {
    "model_type": "gbsa",
    "model_params": {
      "loss": "coxph",
      "n_estimators": 249,
      "learning_rate": 0.11910724267980491,
      "subsample": 0.5689951687651337,
      "max_depth": 5,
      "max_features": "sqrt",
      "max_leaf_nodes": 31,
      "min_samples_split": 4,
      "min_samples_leaf": 11,
      "min_weight_fraction_leaf": 0.0,
      "min_impurity_decrease": 0.035791140748324644,
      "criterion": "friedman_mse",
      "ccp_alpha": 0.0005486544287616861,
      "dropout_rate": 0.05093795011989312,
      "validation_fraction": 0.26428290926104364,
      "n_iter_no_change": 20,
      "tol": 0.00015095433879971123,
      "random_state": 42,
      "warm_start": false,
      "verbose": 0
    },
    "seed": 42,
    "cv_n_splits": 5,
    "cv_n_repeats": 10,
    "preprocessing_config": {
      "eps": 1e-06,
      "min_speed": 0.01,
      "max_hours": 9999.0
    }
  },
  "result": {
    "c_index": 0.9404107320304738,
    "mean_brier": 0.07521321124839395,
    "hybrid_score": 0.9294739717352662,
    "std_c_index": 0.002623865620778077,
    "std_mean_brier": 0.003540389612188619,
    "std_hybrid": 0.0025525021404838965
  }
}