{
  "trial_id": 169,
  "config": {
    "model_type": "coxnet",
    "model_params": {
      "l1_ratio": 0.7174165873932261,
      "alpha_min_ratio": 0.07202944843681033,
      "n_alphas": 254,
      "max_iter": 10956,
      "tol": 5.7649810910088134e-08
    },
    "seed": 2023,
    "cv_n_splits": 5,
    "cv_n_repeats": 10,
    "preprocessing_config": {
      "eps": 1e-06,
      "min_speed": 0.01,
      "max_hours": 9999.0
    }
  },
  "result": {
    "c_index": 0.9364193441536932,
    "mean_brier": 0.026644935844878297,
    "hybrid_score": 0.9622743481546931,
    "std_c_index": 0.002614925499459517,
    "std_mean_brier": 0.0007849861593190269,
    "std_hybrid": 0.0011456063987516768
  }
}