{
  "trial_id": 119,
  "config": {
    "model_type": "coxnet",
    "model_params": {
      "l1_ratio": 0.9961554296584075,
      "alpha_min_ratio": 0.07808070512479487,
      "n_alphas": 138,
      "max_iter": 12175,
      "tol": 1.6258989053285415e-06
    },
    "seed": 777,
    "cv_n_splits": 5,
    "cv_n_repeats": 10,
    "preprocessing_config": {
      "eps": 1e-06,
      "min_speed": 0.01,
      "max_hours": 9999.0
    }
  },
  "result": {
    "c_index": 0.9360632659821133,
    "mean_brier": 0.025484490071750233,
    "hybrid_score": 0.9629798367444089,
    "std_c_index": 0.003515322177190537,
    "std_mean_brier": 0.0005144320936684282,
    "std_hybrid": 0.0013044071507288
  }
}