{
  "trial_id": 73,
  "config": {
    "seed": 42,
    "cv_n_splits": 5,
    "cv_n_repeats": 10,
    "gbsa_config": {
      "loss": "coxph",
      "n_estimators": 327,
      "learning_rate": 0.038374797760354636,
      "subsample": 0.60705123251956,
      "max_depth": 5,
      "max_features": 0.3,
      "max_leaf_nodes": 31,
      "min_samples_split": 12,
      "min_samples_leaf": 9,
      "min_weight_fraction_leaf": 0.0,
      "min_impurity_decrease": 0.03490884114358769,
      "criterion": "friedman_mse",
      "ccp_alpha": 0.008532118188428316,
      "dropout_rate": 0.0014607084831533314,
      "validation_fraction": 0.28376712352455224,
      "n_iter_no_change": 10,
      "tol": 1.008809024651388e-05,
      "random_state": 42,
      "warm_start": false,
      "verbose": 0
    },
    "preprocessing_config": {
      "eps": 1e-06,
      "min_speed": 0.01,
      "max_hours": 9999.0
    }
  },
  "result": {
    "c_index": 0.936402782378271,
    "mean_brier": 0.04940850341857837,
    "hybrid_score": 0.9463348823204765,
    "std_c_index": 0.006526027802615411,
    "std_mean_brier": 0.005522978737110735,
    "std_hybrid": 0.005442466156423356
  }
}