{
  "trial_id": 69,
  "config": {
    "seed": 42,
    "cv_n_splits": 5,
    "cv_n_repeats": 10,
    "gbsa_config": {
      "loss": "coxph",
      "n_estimators": 255,
      "learning_rate": 0.1474448725879074,
      "subsample": 0.9061839057244457,
      "max_depth": 4,
      "max_features": 1.0,
      "max_leaf_nodes": 8,
      "min_samples_split": 8,
      "min_samples_leaf": 5,
      "min_weight_fraction_leaf": 0.0,
      "min_impurity_decrease": 0.011068951916235558,
      "criterion": "friedman_mse",
      "ccp_alpha": 0.010860625902069817,
      "dropout_rate": 0.06887737274734869,
      "validation_fraction": 0.2805609812745801,
      "n_iter_no_change": 20,
      "tol": 2.6145021092267104e-05,
      "random_state": 42,
      "warm_start": false,
      "verbose": 0
    },
    "preprocessing_config": {
      "eps": 1e-06,
      "min_speed": 0.01,
      "max_hours": 9999.0
    }
  },
  "result": {
    "c_index": 0.9355788340510103,
    "mean_brier": 0.07539726717042597,
    "hybrid_score": 0.9278955631960049,
    "std_c_index": 0.00220203503181308,
    "std_mean_brier": 0.005082883304911299,
    "std_hybrid": 0.0035928361724236624
  }
}