{
  "trial_id": 63,
  "config": {
    "model_type": "gbsa",
    "model_params": {
      "loss": "coxph",
      "n_estimators": 389,
      "learning_rate": 0.16330417885185589,
      "subsample": 0.545251741378063,
      "max_depth": 2,
      "max_features": 0.5,
      "max_leaf_nodes": 8,
      "min_samples_split": 3,
      "min_samples_leaf": 4,
      "min_weight_fraction_leaf": 0.0,
      "min_impurity_decrease": 0.008262724053433076,
      "criterion": "friedman_mse",
      "ccp_alpha": 0.0014447298103482528,
      "dropout_rate": 0.09527620322592825,
      "validation_fraction": 0.22456442495448956,
      "n_iter_no_change": 5,
      "tol": 0.0007644096889693602,
      "random_state": 777,
      "warm_start": false,
      "verbose": 0
    },
    "seed": 777,
    "cv_n_splits": 5,
    "cv_n_repeats": 10,
    "preprocessing_config": {
      "eps": 1e-06,
      "min_speed": 0.01,
      "max_hours": 9999.0
    }
  },
  "result": {
    "c_index": 0.9361999006293475,
    "mean_brier": 0.09610627449292271,
    "hybrid_score": 0.9135855780437583,
    "std_c_index": 0.004681721640451496,
    "std_mean_brier": 0.008205658483550569,
    "std_hybrid": 0.006017700759595449
  }
}