{
  "trial_id": 207,
  "config": {
    "model_type": "gbsa",
    "model_params": {
      "loss": "coxph",
      "n_estimators": 356,
      "learning_rate": 0.09657892856879559,
      "subsample": 0.9374530442090516,
      "max_depth": 6,
      "max_features": "sqrt",
      "max_leaf_nodes": 63,
      "min_samples_split": 6,
      "min_samples_leaf": 11,
      "min_weight_fraction_leaf": 0.0,
      "min_impurity_decrease": 0.03688956191279673,
      "criterion": "friedman_mse",
      "ccp_alpha": 0.00016503679924192335,
      "dropout_rate": 0.016867387095251683,
      "validation_fraction": 0.2823018145787804,
      "n_iter_no_change": null,
      "tol": 0.001823409001405297,
      "random_state": 777,
      "warm_start": false,
      "verbose": 0
    },
    "seed": 777,
    "cv_n_splits": 5,
    "cv_n_repeats": 10,
    "preprocessing_config": {
      "eps": 1e-06,
      "min_speed": 0.01,
      "max_hours": 9999.0
    }
  },
  "result": {
    "c_index": 0.9409572706194105,
    "mean_brier": 0.040738542998726784,
    "hybrid_score": 0.9537702010867143,
    "std_c_index": 0.002527774036128531,
    "std_mean_brier": 0.002808421707470929,
    "std_hybrid": 0.001966847982280346
  }
}