{
  "trial_id": 47,
  "config": {
    "model_type": "gbsa",
    "model_params": {
      "loss": "coxph",
      "n_estimators": 168,
      "learning_rate": 0.1967610378548147,
      "subsample": 0.9795977945208364,
      "max_depth": 6,
      "max_features": 1.0,
      "max_leaf_nodes": 8,
      "min_samples_split": 2,
      "min_samples_leaf": 11,
      "min_weight_fraction_leaf": 0.0,
      "min_impurity_decrease": 0.019693341158793697,
      "criterion": "friedman_mse",
      "ccp_alpha": 0.014610306836202005,
      "dropout_rate": 0.025742640047998436,
      "validation_fraction": 0.2919792926142815,
      "n_iter_no_change": 5,
      "tol": 3.5078187541755887e-05,
      "random_state": 42,
      "warm_start": false,
      "verbose": 0
    },
    "seed": 42,
    "cv_n_splits": 5,
    "cv_n_repeats": 10,
    "preprocessing_config": {
      "eps": 1e-06,
      "min_speed": 0.01,
      "max_hours": 9999.0
    }
  },
  "result": {
    "c_index": 0.9350654190129182,
    "mean_brier": 0.04663833668021716,
    "hybrid_score": 0.9478727900277233,
    "std_c_index": 0.004576007235258056,
    "std_mean_brier": 0.006236425353255038,
    "std_hybrid": 0.005574385439860363
  }
}