{
  "trial_id": 281,
  "config": {
    "model_type": "coxnet",
    "model_params": {
      "l1_ratio": 0.8599017121119167,
      "alpha_min_ratio": 0.06902797902953005,
      "n_alphas": 60,
      "max_iter": 15856,
      "tol": 1.8614562766365892e-05
    },
    "seed": 2023,
    "cv_n_splits": 5,
    "cv_n_repeats": 10,
    "preprocessing_config": {
      "eps": 1e-06,
      "min_speed": 0.01,
      "max_hours": 9999.0
    }
  },
  "result": {
    "c_index": 0.9365932427956276,
    "mean_brier": 0.02613620482046607,
    "hybrid_score": 0.9626826294643619,
    "std_c_index": 0.002504622901484888,
    "std_mean_brier": 0.000795634802932745,
    "std_hybrid": 0.0011821452613394272
  }
}