{
  "trial_id": 294,
  "config": {
    "seed": 42,
    "cv_n_splits": 5,
    "cv_n_repeats": 10,
    "gbsa_config": {
      "loss": "coxph",
      "n_estimators": 483,
      "learning_rate": 0.16990292723016484,
      "subsample": 0.6204021521033599,
      "max_depth": 5,
      "max_features": 1.0,
      "max_leaf_nodes": 16,
      "min_samples_split": 11,
      "min_samples_leaf": 20,
      "min_weight_fraction_leaf": 0.0,
      "min_impurity_decrease": 0.029899783583358236,
      "criterion": "friedman_mse",
      "ccp_alpha": 0.009031122580486783,
      "dropout_rate": 0.07143803316389996,
      "validation_fraction": 0.12695379736166765,
      "n_iter_no_change": 20,
      "tol": 8.823164231182408e-05,
      "random_state": 42,
      "warm_start": false,
      "verbose": 0
    },
    "preprocessing_config": {
      "eps": 1e-06,
      "min_speed": 0.01,
      "max_hours": 9999.0
    }
  },
  "result": {
    "c_index": 0.9084092414706857,
    "mean_brier": 0.06725736194962954,
    "hybrid_score": 0.9254426190764651,
    "std_c_index": 0.007115168148053114,
    "std_mean_brier": 0.0025368793283762603,
    "std_hybrid": 0.002342953228996452
  }
}