{
  "trial_id": 27,
  "config": {
    "model_type": "coxnet",
    "model_params": {
      "l1_ratio": 0.8690823301222782,
      "alpha_min_ratio": 0.03879250047591089,
      "n_alphas": 57,
      "max_iter": 9805,
      "tol": 9.951354563436191e-07
    },
    "seed": 777,
    "cv_n_splits": 5,
    "cv_n_repeats": 10,
    "preprocessing_config": {
      "eps": 1e-06,
      "min_speed": 0.01,
      "max_hours": 9999.0
    }
  },
  "result": {
    "c_index": 0.9336949320967207,
    "mean_brier": 0.026923553749697328,
    "hybrid_score": 0.9612619920042281,
    "std_c_index": 0.003184655437113378,
    "std_mean_brier": 0.0019890537125261763,
    "std_hybrid": 0.0018526765525059986
  }
}