{
  "trial_id": 143,
  "config": {
    "model_type": "coxnet",
    "model_params": {
      "l1_ratio": 0.8495716833233179,
      "alpha_min_ratio": 0.03812254189120542,
      "n_alphas": 192,
      "max_iter": 14184,
      "tol": 6.0094713616419125e-06
    },
    "seed": 2023,
    "cv_n_splits": 5,
    "cv_n_repeats": 10,
    "preprocessing_config": {
      "eps": 1e-06,
      "min_speed": 0.01,
      "max_hours": 9999.0
    }
  },
  "result": {
    "c_index": 0.9344153693275918,
    "mean_brier": 0.026492917200374038,
    "hybrid_score": 0.9617795687580155,
    "std_c_index": 0.003484866746025301,
    "std_mean_brier": 0.001221874373723466,
    "std_hybrid": 0.001687408720049988
  }
}