{
  "trial_id": 185,
  "config": {
    "model_type": "coxnet",
    "model_params": {
      "l1_ratio": 0.9927314089342402,
      "alpha_min_ratio": 0.06907889184162977,
      "n_alphas": 265,
      "max_iter": 1048,
      "tol": 4.553513879682719e-06
    },
    "seed": 42,
    "cv_n_splits": 5,
    "cv_n_repeats": 10,
    "preprocessing_config": {
      "eps": 1e-06,
      "min_speed": 0.01,
      "max_hours": 9999.0
    }
  },
  "result": {
    "c_index": 0.9390775091089765,
    "mean_brier": 0.02504960346592433,
    "hybrid_score": 0.9641885303065457,
    "std_c_index": 0.0024447699444102885,
    "std_mean_brier": 0.0008774443129612454,
    "std_hybrid": 0.001211476785254186
  }
}