{
  "trial_id": 297,
  "config": {
    "model_type": "coxnet",
    "model_params": {
      "l1_ratio": 0.9946386822211358,
      "alpha_min_ratio": 0.03382046963976473,
      "n_alphas": 261,
      "max_iter": 11932,
      "tol": 4.073559265629769e-05
    },
    "seed": 1024,
    "cv_n_splits": 5,
    "cv_n_repeats": 10,
    "preprocessing_config": {
      "eps": 1e-06,
      "min_speed": 0.01,
      "max_hours": 9999.0
    }
  },
  "result": {
    "c_index": 0.9341006955945679,
    "mean_brier": 0.02616217633629924,
    "hybrid_score": 0.9619166852429608,
    "std_c_index": 0.003194920588193496,
    "std_mean_brier": 0.0012818249229396776,
    "std_hybrid": 0.0014827493617686368
  }
}