{
  "trial_id": 32,
  "config": {
    "model_type": "coxnet",
    "model_params": {
      "l1_ratio": 0.9232842236732787,
      "alpha_min_ratio": 0.046585350351736894,
      "n_alphas": 195,
      "max_iter": 12583,
      "tol": 7.545879131869858e-07
    },
    "seed": 777,
    "cv_n_splits": 5,
    "cv_n_repeats": 10,
    "preprocessing_config": {
      "eps": 1e-06,
      "min_speed": 0.01,
      "max_hours": 9999.0
    }
  },
  "result": {
    "c_index": 0.9352765816495529,
    "mean_brier": 0.025689919226481384,
    "hybrid_score": 0.9626000310363289,
    "std_c_index": 0.003285373713087433,
    "std_mean_brier": 0.0008667125477534707,
    "std_hybrid": 0.0013112917509350657
  }
}