{
  "trial_id": 226,
  "config": {
    "model_type": "coxnet",
    "model_params": {
      "l1_ratio": 0.4744066855232849,
      "alpha_min_ratio": 0.0019073925943618435,
      "n_alphas": 297,
      "max_iter": 1544,
      "tol": 2.7367668388548473e-07
    },
    "seed": 42,
    "cv_n_splits": 5,
    "cv_n_repeats": 10,
    "preprocessing_config": {
      "eps": 1e-06,
      "min_speed": 0.01,
      "max_hours": 9999.0
    }
  },
  "result": {
    "c_index": 0.9273683338853926,
    "mean_brier": 0.035909884510073854,
    "hybrid_score": 0.9530735810085659,
    "std_c_index": 0.011612713149076729,
    "std_mean_brier": 0.005359498341178932,
    "std_hybrid": 0.006378230767197925
  }
}