{
  "trial_id": 28,
  "config": {
    "model_type": "gbsa",
    "model_params": {
      "loss": "coxph",
      "n_estimators": 158,
      "learning_rate": 0.17541845599698408,
      "subsample": 0.5152910961703846,
      "max_depth": 5,
      "max_features": null,
      "max_leaf_nodes": 8,
      "min_samples_split": 8,
      "min_samples_leaf": 11,
      "min_weight_fraction_leaf": 0.0,
      "min_impurity_decrease": 0.032581820713882194,
      "criterion": "friedman_mse",
      "ccp_alpha": 1.5125009952104329e-06,
      "dropout_rate": 0.03323313811088448,
      "validation_fraction": 0.2805338781827659,
      "n_iter_no_change": 5,
      "tol": 2.374064192942883e-05,
      "random_state": 777,
      "warm_start": false,
      "verbose": 0
    },
    "seed": 777,
    "cv_n_splits": 5,
    "cv_n_repeats": 10,
    "preprocessing_config": {
      "eps": 1e-06,
      "min_speed": 0.01,
      "max_hours": 9999.0
    }
  },
  "result": {
    "c_index": 0.9247308711493872,
    "mean_brier": 0.06116563939966343,
    "hybrid_score": 0.9346033137650517,
    "std_c_index": 0.006207337354772011,
    "std_mean_brier": 0.006410661955776932,
    "std_hybrid": 0.005378040902187558
  }
}