{
  "trial_id": 108,
  "config": {
    "model_type": "coxnet",
    "model_params": {
      "l1_ratio": 0.9645473756329315,
      "alpha_min_ratio": 0.041446486266375836,
      "n_alphas": 154,
      "max_iter": 161,
      "tol": 2.5788613453789466e-07
    },
    "seed": 42,
    "cv_n_splits": 5,
    "cv_n_repeats": 10,
    "preprocessing_config": {
      "eps": 1e-06,
      "min_speed": 0.01,
      "max_hours": 9999.0
    }
  },
  "result": {
    "c_index": 0.9370735342828752,
    "mean_brier": 0.02596490639142565,
    "hybrid_score": 0.9629466258108647,
    "std_c_index": 0.004728444892439285,
    "std_mean_brier": 0.002786483339330365,
    "std_hybrid": 0.003220975945032072
  }
}