{
  "trial_id": 163,
  "config": {
    "model_type": "gbsa",
    "model_params": {
      "loss": "coxph",
      "n_estimators": 458,
      "learning_rate": 0.11909645772959622,
      "subsample": 0.8375833694164191,
      "max_depth": 4,
      "max_features": 1.0,
      "max_leaf_nodes": 8,
      "min_samples_split": 4,
      "min_samples_leaf": 17,
      "min_weight_fraction_leaf": 0.0,
      "min_impurity_decrease": 0.0413916725507708,
      "criterion": "friedman_mse",
      "ccp_alpha": 0.00045404970639659377,
      "dropout_rate": 0.05644090194739911,
      "validation_fraction": 0.2929077729713439,
      "n_iter_no_change": null,
      "tol": 1.8835019522022157e-05,
      "random_state": 777,
      "warm_start": false,
      "verbose": 0
    },
    "seed": 777,
    "cv_n_splits": 5,
    "cv_n_repeats": 10,
    "preprocessing_config": {
      "eps": 1e-06,
      "min_speed": 0.01,
      "max_hours": 9999.0
    }
  },
  "result": {
    "c_index": 0.9382452798940045,
    "mean_brier": 0.07501783167918614,
    "hybrid_score": 0.9289611017927711,
    "std_c_index": 0.003111027680964151,
    "std_mean_brier": 0.004790354325844637,
    "std_hybrid": 0.00338845012816361
  }
}