{
  "trial_id": 50,
  "config": {
    "model_type": "coxnet",
    "model_params": {
      "l1_ratio": 0.41943999453097625,
      "alpha_min_ratio": 0.05146364646711945,
      "n_alphas": 52,
      "max_iter": 9260,
      "tol": 3.076482943327949e-06
    },
    "seed": 42,
    "cv_n_splits": 5,
    "cv_n_repeats": 10,
    "preprocessing_config": {
      "eps": 1e-06,
      "min_speed": 0.01,
      "max_hours": 9999.0
    }
  },
  "result": {
    "c_index": 0.9376780390857901,
    "mean_brier": 0.027980270439398335,
    "hybrid_score": 0.961717222418158,
    "std_c_index": 0.001657088189521581,
    "std_mean_brier": 0.0012029560253359584,
    "std_hybrid": 0.0010547285049411297
  }
}