{
  "trial_id": 55,
  "config": {
    "model_type": "coxnet",
    "model_params": {
      "l1_ratio": 0.8897215711742071,
      "alpha_min_ratio": 0.09920818277210601,
      "n_alphas": 133,
      "max_iter": 15573,
      "tol": 9.031332552008538e-06
    },
    "seed": 777,
    "cv_n_splits": 5,
    "cv_n_repeats": 10,
    "preprocessing_config": {
      "eps": 1e-06,
      "min_speed": 0.01,
      "max_hours": 9999.0
    }
  },
  "result": {
    "c_index": 0.9368002649884069,
    "mean_brier": 0.026428865927661367,
    "hybrid_score": 0.962539873347159,
    "std_c_index": 0.002843324524053271,
    "std_mean_brier": 0.0005785454321169412,
    "std_hybrid": 0.0011136748536666099
  }
}