{
  "trial_id": 149,
  "config": {
    "model_type": "gbsa",
    "model_params": {
      "loss": "coxph",
      "n_estimators": 329,
      "learning_rate": 0.14194579442519895,
      "subsample": 0.6587974206567732,
      "max_depth": 4,
      "max_features": "log2",
      "max_leaf_nodes": 31,
      "min_samples_split": 9,
      "min_samples_leaf": 14,
      "min_weight_fraction_leaf": 0.0,
      "min_impurity_decrease": 0.03135627233522067,
      "criterion": "friedman_mse",
      "ccp_alpha": 0.001156865251819381,
      "dropout_rate": 0.11663687477246845,
      "validation_fraction": 0.2192532588502289,
      "n_iter_no_change": null,
      "tol": 0.0022400784128894955,
      "random_state": 2023,
      "warm_start": false,
      "verbose": 0
    },
    "seed": 2023,
    "cv_n_splits": 5,
    "cv_n_repeats": 10,
    "preprocessing_config": {
      "eps": 1e-06,
      "min_speed": 0.01,
      "max_hours": 9999.0
    }
  },
  "result": {
    "c_index": 0.9374792977807221,
    "mean_brier": 0.12426300366668278,
    "hybrid_score": 0.8942596867675388,
    "std_c_index": 0.004051207975594976,
    "std_mean_brier": 0.005938985493366568,
    "std_hybrid": 0.004390056155656845
  }
}