{
  "trial_id": 95,
  "config": {
    "model_type": "coxnet",
    "model_params": {
      "l1_ratio": 0.5547484516279678,
      "alpha_min_ratio": 0.03637644774240568,
      "n_alphas": 59,
      "max_iter": 4377,
      "tol": 7.316442564908962e-08
    },
    "seed": 2023,
    "cv_n_splits": 5,
    "cv_n_repeats": 10,
    "preprocessing_config": {
      "eps": 1e-06,
      "min_speed": 0.01,
      "max_hours": 9999.0
    }
  },
  "result": {
    "c_index": 0.9338108645246772,
    "mean_brier": 0.02730077656475694,
    "hybrid_score": 0.9610327157620733,
    "std_c_index": 0.0037427505532131706,
    "std_mean_brier": 0.0010910796371596356,
    "std_hybrid": 0.0016340535566810826
  }
}