{
  "trial_id": 54,
  "config": {
    "model_type": "coxnet",
    "model_params": {
      "l1_ratio": 0.28516755147185335,
      "alpha_min_ratio": 0.001078174355592257,
      "n_alphas": 58,
      "max_iter": 10593,
      "tol": 2.002058571904299e-08
    },
    "seed": 42,
    "cv_n_splits": 5,
    "cv_n_repeats": 10,
    "preprocessing_config": {
      "eps": 1e-06,
      "min_speed": 0.01,
      "max_hours": 9999.0
    }
  },
  "result": {
    "c_index": 0.9265568068896985,
    "mean_brier": 0.03812492013063752,
    "hybrid_score": 0.9512795979754634,
    "std_c_index": 0.011496571467113536,
    "std_mean_brier": 0.0066378661492174276,
    "std_hybrid": 0.0072616550794118665
  }
}