{
  "trial_id": 238,
  "config": {
    "model_type": "coxnet",
    "model_params": {
      "l1_ratio": 0.7692899450887938,
      "alpha_min_ratio": 0.03974126331877355,
      "n_alphas": 295,
      "max_iter": 16528,
      "tol": 2.3700227267211865e-06
    },
    "seed": 42,
    "cv_n_splits": 5,
    "cv_n_repeats": 10,
    "preprocessing_config": {
      "eps": 1e-06,
      "min_speed": 0.01,
      "max_hours": 9999.0
    }
  },
  "result": {
    "c_index": 0.9368913547532294,
    "mean_brier": 0.026346079523762084,
    "hybrid_score": 0.9626251507593354,
    "std_c_index": 0.004695555417948721,
    "std_mean_brier": 0.002704717344799857,
    "std_hybrid": 0.0031962645475531776
  }
}