{
  "trial_id": 244,
  "config": {
    "model_type": "coxnet",
    "model_params": {
      "l1_ratio": 0.5607564490611979,
      "alpha_min_ratio": 0.03099938112343838,
      "n_alphas": 79,
      "max_iter": 4775,
      "tol": 1.5993204930266885e-06
    },
    "seed": 1024,
    "cv_n_splits": 5,
    "cv_n_repeats": 10,
    "preprocessing_config": {
      "eps": 1e-06,
      "min_speed": 0.01,
      "max_hours": 9999.0
    }
  },
  "result": {
    "c_index": 0.9338274263000994,
    "mean_brier": 0.02710372475049518,
    "hybrid_score": 0.9611756205646831,
    "std_c_index": 0.0031694171442272043,
    "std_mean_brier": 0.001146618944790259,
    "std_hybrid": 0.0013586175563768128
  }
}