{
  "trial_id": 189,
  "config": {
    "model_type": "gbsa",
    "model_params": {
      "loss": "coxph",
      "n_estimators": 488,
      "learning_rate": 0.10747909204940548,
      "subsample": 0.6505438737317409,
      "max_depth": 4,
      "max_features": 1.0,
      "max_leaf_nodes": 31,
      "min_samples_split": 17,
      "min_samples_leaf": 20,
      "min_weight_fraction_leaf": 0.0,
      "min_impurity_decrease": 0.03257931065752035,
      "criterion": "friedman_mse",
      "ccp_alpha": 4.370106892853508e-06,
      "dropout_rate": 0.05092312216825685,
      "validation_fraction": 0.18824650629060963,
      "n_iter_no_change": null,
      "tol": 0.0015879040025857678,
      "random_state": 2023,
      "warm_start": false,
      "verbose": 0
    },
    "seed": 2023,
    "cv_n_splits": 5,
    "cv_n_repeats": 10,
    "preprocessing_config": {
      "eps": 1e-06,
      "min_speed": 0.01,
      "max_hours": 9999.0
    }
  },
  "result": {
    "c_index": 0.930299768135144,
    "mean_brier": 0.0782463257936823,
    "hybrid_score": 0.9243175023849656,
    "std_c_index": 0.009352312280553098,
    "std_mean_brier": 0.004004738554432196,
    "std_hybrid": 0.004938866291900514
  }
}