{
  "trial_id": 239,
  "config": {
    "model_type": "coxnet",
    "model_params": {
      "l1_ratio": 0.9629595317364461,
      "alpha_min_ratio": 0.09728054989670036,
      "n_alphas": 232,
      "max_iter": 18503,
      "tol": 6.190552902820503e-05
    },
    "seed": 1024,
    "cv_n_splits": 5,
    "cv_n_repeats": 10,
    "preprocessing_config": {
      "eps": 1e-06,
      "min_speed": 0.01,
      "max_hours": 9999.0
    }
  },
  "result": {
    "c_index": 0.936444186816827,
    "mean_brier": 0.026146678663023733,
    "hybrid_score": 0.9626305809809315,
    "std_c_index": 0.003464589227370614,
    "std_mean_brier": 0.0007293347538144416,
    "std_hybrid": 0.001472641052430145
  }
}