{
  "trial_id": 70,
  "config": {
    "model_type": "coxnet",
    "model_params": {
      "l1_ratio": 0.9919913367636913,
      "alpha_min_ratio": 0.04031401108311786,
      "n_alphas": 251,
      "max_iter": 442,
      "tol": 3.3426165687643205e-06
    },
    "seed": 42,
    "cv_n_splits": 5,
    "cv_n_repeats": 10,
    "preprocessing_config": {
      "eps": 1e-06,
      "min_speed": 0.01,
      "max_hours": 9999.0
    }
  },
  "result": {
    "c_index": 0.9368830738655184,
    "mean_brier": 0.025836319770460758,
    "hybrid_score": 0.9629794983203329,
    "std_c_index": 0.005059046355901971,
    "std_mean_brier": 0.0028411219427876932,
    "std_hybrid": 0.0033565790006190224
  }
}