{
  "trial_id": 15,
  "config": {
    "model_type": "coxnet",
    "model_params": {
      "l1_ratio": 0.8532719970339157,
      "alpha_min_ratio": 0.04068995631956218,
      "n_alphas": 276,
      "max_iter": 1573,
      "tol": 2.0210006121983684e-07
    },
    "seed": 42,
    "cv_n_splits": 5,
    "cv_n_repeats": 10,
    "preprocessing_config": {
      "eps": 1e-06,
      "min_speed": 0.01,
      "max_hours": 9999.0
    }
  },
  "result": {
    "c_index": 0.9371729049354091,
    "mean_brier": 0.026181976601559093,
    "hybrid_score": 0.9628244878595312,
    "std_c_index": 0.004741421105358371,
    "std_mean_brier": 0.0027771452590877373,
    "std_hybrid": 0.0032469890702667703
  }
}