{
  "trial_id": 223,
  "config": {
    "model_type": "coxnet",
    "model_params": {
      "l1_ratio": 0.9952399953519557,
      "alpha_min_ratio": 0.06828439719860069,
      "n_alphas": 252,
      "max_iter": 10614,
      "tol": 1.5197539176256468e-07
    },
    "seed": 2023,
    "cv_n_splits": 5,
    "cv_n_repeats": 10,
    "preprocessing_config": {
      "eps": 1e-06,
      "min_speed": 0.01,
      "max_hours": 9999.0
    }
  },
  "result": {
    "c_index": 0.9356160980457103,
    "mean_brier": 0.025645757239851998,
    "hybrid_score": 0.9627327993458167,
    "std_c_index": 0.0026966339250546283,
    "std_mean_brier": 0.0008835494902284869,
    "std_hybrid": 0.0012751794598509522
  }
}