{
  "trial_id": 297,
  "config": {
    "model_type": "coxnet",
    "model_params": {
      "l1_ratio": 0.4491735463952906,
      "alpha_min_ratio": 0.0005508588550170502,
      "n_alphas": 177,
      "max_iter": 8519,
      "tol": 7.289851634774495e-05
    },
    "seed": 42,
    "cv_n_splits": 5,
    "cv_n_repeats": 10,
    "preprocessing_config": {
      "eps": 1e-06,
      "min_speed": 0.01,
      "max_hours": 9999.0
    }
  },
  "result": {
    "c_index": 0.9263994700231866,
    "mean_brier": 0.03818916488898933,
    "hybrid_score": 0.9511874255846633,
    "std_c_index": 0.012151468417616699,
    "std_mean_brier": 0.006339427378180164,
    "std_hybrid": 0.006622681209216771
  }
}