{
  "trial_id": 285,
  "config": {
    "seed": 42,
    "cv_n_splits": 5,
    "cv_n_repeats": 10,
    "gbsa_config": {
      "loss": "coxph",
      "n_estimators": 352,
      "learning_rate": 0.07295180620118645,
      "subsample": 0.5443483297574272,
      "max_depth": 5,
      "max_features": 1.0,
      "max_leaf_nodes": 8,
      "min_samples_split": 14,
      "min_samples_leaf": 20,
      "min_weight_fraction_leaf": 0.0,
      "min_impurity_decrease": 0.04517958994409963,
      "criterion": "friedman_mse",
      "ccp_alpha": 0.0005753972156610015,
      "dropout_rate": 0.14845504428333423,
      "validation_fraction": 0.21658456365834286,
      "n_iter_no_change": null,
      "tol": 2.3191161736621273e-05,
      "random_state": 42,
      "warm_start": false,
      "verbose": 0
    },
    "preprocessing_config": {
      "eps": 1e-06,
      "min_speed": 0.01,
      "max_hours": 9999.0
    }
  },
  "result": {
    "c_index": 0.9036684332560452,
    "mean_brier": 0.17225807287377903,
    "hybrid_score": 0.8505198789651681,
    "std_c_index": 0.008010259815441336,
    "std_mean_brier": 0.00735077985264328,
    "std_hybrid": 0.005394370566532479
  }
}