{
  "trial_id": 143,
  "config": {
    "model_type": "coxnet",
    "model_params": {
      "l1_ratio": 0.7673362544108697,
      "alpha_min_ratio": 0.09654206904535169,
      "n_alphas": 252,
      "max_iter": 658,
      "tol": 9.939792485976933e-05
    },
    "seed": 42,
    "cv_n_splits": 5,
    "cv_n_repeats": 10,
    "preprocessing_config": {
      "eps": 1e-06,
      "min_speed": 0.01,
      "max_hours": 9999.0
    }
  },
  "result": {
    "c_index": 0.9390857899966877,
    "mean_brier": 0.02700792073940712,
    "hybrid_score": 0.9628201924814211,
    "std_c_index": 0.0022994043579739744,
    "std_mean_brier": 0.0008010012656327368,
    "std_hybrid": 0.0010974934935675264
  }
}