{
  "trial_id": 136,
  "config": {
    "model_type": "coxnet",
    "model_params": {
      "l1_ratio": 0.9063697565444051,
      "alpha_min_ratio": 0.025753285915704954,
      "n_alphas": 52,
      "max_iter": 14224,
      "tol": 1.6116896601759396e-05
    },
    "seed": 777,
    "cv_n_splits": 5,
    "cv_n_repeats": 10,
    "preprocessing_config": {
      "eps": 1e-06,
      "min_speed": 0.01,
      "max_hours": 9999.0
    }
  },
  "result": {
    "c_index": 0.9283620404107321,
    "mean_brier": 0.029450952929776564,
    "hybrid_score": 0.9578929450723759,
    "std_c_index": 0.008253802175990959,
    "std_mean_brier": 0.004517861229509924,
    "std_hybrid": 0.00540403984467289
  }
}