{
  "trial_id": 155,
  "config": {
    "model_type": "coxnet",
    "model_params": {
      "l1_ratio": 0.14935464632889484,
      "alpha_min_ratio": 0.0007415928395660352,
      "n_alphas": 87,
      "max_iter": 13057,
      "tol": 1.5728351377973864e-08
    },
    "seed": 777,
    "cv_n_splits": 5,
    "cv_n_repeats": 10,
    "preprocessing_config": {
      "eps": 1e-06,
      "min_speed": 0.01,
      "max_hours": 9999.0
    }
  },
  "result": {
    "c_index": 0.9211493872143095,
    "mean_brier": 0.043447821348501545,
    "hybrid_score": 0.9459313412203418,
    "std_c_index": 0.012853036819173724,
    "std_mean_brier": 0.009392607592816574,
    "std_hybrid": 0.008552818506433971
  }
}