{
  "trial_id": 76,
  "config": {
    "model_type": "gbsa",
    "model_params": {
      "loss": "coxph",
      "n_estimators": 376,
      "learning_rate": 0.10435846086934383,
      "subsample": 0.6762645419110777,
      "max_depth": 4,
      "max_features": 0.3,
      "max_leaf_nodes": 8,
      "min_samples_split": 16,
      "min_samples_leaf": 8,
      "min_weight_fraction_leaf": 0.0,
      "min_impurity_decrease": 0.04857149454670138,
      "criterion": "friedman_mse",
      "ccp_alpha": 2.0133941198405087e-05,
      "dropout_rate": 0.13868107864536983,
      "validation_fraction": 0.21660919438249898,
      "n_iter_no_change": null,
      "tol": 4.462009370219492e-05,
      "random_state": 777,
      "warm_start": false,
      "verbose": 0
    },
    "seed": 777,
    "cv_n_splits": 5,
    "cv_n_repeats": 10,
    "preprocessing_config": {
      "eps": 1e-06,
      "min_speed": 0.01,
      "max_hours": 9999.0
    }
  },
  "result": {
    "c_index": 0.9423153362040411,
    "mean_brier": 0.14437438065917663,
    "hybrid_score": 0.8816325343997885,
    "std_c_index": 0.0027427620209119295,
    "std_mean_brier": 0.009721073433741075,
    "std_hybrid": 0.006818559653862502
  }
}