{
  "trial_id": 295,
  "config": {
    "model_type": "coxnet",
    "model_params": {
      "l1_ratio": 0.9768685657853026,
      "alpha_min_ratio": 0.06541285465635042,
      "n_alphas": 300,
      "max_iter": 18165,
      "tol": 8.299775696869118e-05
    },
    "seed": 1024,
    "cv_n_splits": 5,
    "cv_n_repeats": 10,
    "preprocessing_config": {
      "eps": 1e-06,
      "min_speed": 0.01,
      "max_hours": 9999.0
    }
  },
  "result": {
    "c_index": 0.9361709175223585,
    "mean_brier": 0.02566170347481169,
    "hybrid_score": 0.9628880828243392,
    "std_c_index": 0.0034284875280288863,
    "std_mean_brier": 0.0008039000300161827,
    "std_hybrid": 0.0014843650477813681
  }
}