{
  "trial_id": 281,
  "config": {
    "model_type": "coxnet",
    "model_params": {
      "l1_ratio": 0.8900059453863287,
      "alpha_min_ratio": 0.011390654176683224,
      "n_alphas": 252,
      "max_iter": 3882,
      "tol": 1.5139070780690978e-08
    },
    "seed": 1024,
    "cv_n_splits": 5,
    "cv_n_repeats": 10,
    "preprocessing_config": {
      "eps": 1e-06,
      "min_speed": 0.01,
      "max_hours": 9999.0
    }
  },
  "result": {
    "c_index": 0.9266893010930772,
    "mean_brier": 0.030683409731313255,
    "hybrid_score": 0.9565284035160039,
    "std_c_index": 0.010044552949513343,
    "std_mean_brier": 0.003179075915097319,
    "std_hybrid": 0.0050574791405949325
  }
}