{
  "trial_id": 107,
  "config": {
    "model_type": "gbsa",
    "model_params": {
      "loss": "coxph",
      "n_estimators": 458,
      "learning_rate": 0.022808894651306987,
      "subsample": 0.5268102683394041,
      "max_depth": 1,
      "max_features": "log2",
      "max_leaf_nodes": 31,
      "min_samples_split": 7,
      "min_samples_leaf": 19,
      "min_weight_fraction_leaf": 0.0,
      "min_impurity_decrease": 0.015258358082839301,
      "criterion": "friedman_mse",
      "ccp_alpha": 9.578548848252602e-07,
      "dropout_rate": 0.0016044155218355668,
      "validation_fraction": 0.22963079982497736,
      "n_iter_no_change": null,
      "tol": 3.32656434078083e-05,
      "random_state": 2023,
      "warm_start": false,
      "verbose": 0
    },
    "seed": 2023,
    "cv_n_splits": 5,
    "cv_n_repeats": 10,
    "preprocessing_config": {
      "eps": 1e-06,
      "min_speed": 0.01,
      "max_hours": 9999.0
    }
  },
  "result": {
    "c_index": 0.9403941702550513,
    "mean_brier": 0.06001914899128905,
    "hybrid_score": 0.9401048467826131,
    "std_c_index": 0.0031970661840380714,
    "std_mean_brier": 0.0033350107739723717,
    "std_hybrid": 0.0031579447706680196
  }
}