{
  "trial_id": 286,
  "config": {
    "model_type": "coxnet",
    "model_params": {
      "l1_ratio": 0.9528340541495517,
      "alpha_min_ratio": 0.015100422093044392,
      "n_alphas": 240,
      "max_iter": 19510,
      "tol": 6.75803687558311e-06
    },
    "seed": 42,
    "cv_n_splits": 5,
    "cv_n_repeats": 10,
    "preprocessing_config": {
      "eps": 1e-06,
      "min_speed": 0.01,
      "max_hours": 9999.0
    }
  },
  "result": {
    "c_index": 0.927956276912885,
    "mean_brier": 0.029571490326857557,
    "hybrid_score": 0.9576868398450651,
    "std_c_index": 0.00888489472076957,
    "std_mean_brier": 0.002797528166739964,
    "std_hybrid": 0.004480531866903558
  }
}