{
  "trial_id": 248,
  "config": {
    "model_type": "gbsa",
    "model_params": {
      "loss": "coxph",
      "n_estimators": 410,
      "learning_rate": 0.09409293136388852,
      "subsample": 0.6118212171607804,
      "max_depth": 5,
      "max_features": 1.0,
      "max_leaf_nodes": 8,
      "min_samples_split": 10,
      "min_samples_leaf": 10,
      "min_weight_fraction_leaf": 0.0,
      "min_impurity_decrease": 0.042380919946825954,
      "criterion": "friedman_mse",
      "ccp_alpha": 0.00831264219885682,
      "dropout_rate": 0.01834606554431039,
      "validation_fraction": 0.2784585399205449,
      "n_iter_no_change": null,
      "tol": 5.7072911758072164e-05,
      "random_state": 777,
      "warm_start": false,
      "verbose": 0
    },
    "seed": 777,
    "cv_n_splits": 5,
    "cv_n_repeats": 10,
    "preprocessing_config": {
      "eps": 1e-06,
      "min_speed": 0.01,
      "max_hours": 9999.0
    }
  },
  "result": {
    "c_index": 0.9398476316661147,
    "mean_brier": 0.04215598552269326,
    "hybrid_score": 0.9524450996339489,
    "std_c_index": 0.0017980017483235629,
    "std_mean_brier": 0.0025244098503234003,
    "std_hybrid": 0.0017237644400645475
  }
}