{
  "trial_id": 285,
  "config": {
    "model_type": "coxnet",
    "model_params": {
      "l1_ratio": 0.9890908488374859,
      "alpha_min_ratio": 0.02903318233589877,
      "n_alphas": 206,
      "max_iter": 1741,
      "tol": 8.042526632754471e-05
    },
    "seed": 42,
    "cv_n_splits": 5,
    "cv_n_repeats": 10,
    "preprocessing_config": {
      "eps": 1e-06,
      "min_speed": 0.01,
      "max_hours": 9999.0
    }
  },
  "result": {
    "c_index": 0.9335044716793641,
    "mean_brier": 0.026276296184425656,
    "hybrid_score": 0.9616579341747112,
    "std_c_index": 0.00736766360368839,
    "std_mean_brier": 0.003014527188551129,
    "std_hybrid": 0.004286699738487501
  }
}