{
  "trial_id": 191,
  "config": {
    "model_type": "coxnet",
    "model_params": {
      "l1_ratio": 0.8058754585776703,
      "alpha_min_ratio": 0.04619316913384163,
      "n_alphas": 147,
      "max_iter": 11936,
      "tol": 3.34409108203733e-07
    },
    "seed": 777,
    "cv_n_splits": 5,
    "cv_n_repeats": 10,
    "preprocessing_config": {
      "eps": 1e-06,
      "min_speed": 0.01,
      "max_hours": 9999.0
    }
  },
  "result": {
    "c_index": 0.934928784365684,
    "mean_brier": 0.026089008348067655,
    "hybrid_score": 0.962216329466058,
    "std_c_index": 0.003080401185462242,
    "std_mean_brier": 0.0008918923690864833,
    "std_hybrid": 0.001190507112795045
  }
}