{
  "trial_id": 2,
  "config": {
    "model_type": "coxnet",
    "model_params": {
      "l1_ratio": 0.5933525616226637,
      "alpha_min_ratio": 0.050089425205535706,
      "n_alphas": 161,
      "max_iter": 7019,
      "tol": 4.924101959924654e-05
    },
    "seed": 1024,
    "cv_n_splits": 5,
    "cv_n_repeats": 10,
    "preprocessing_config": {
      "eps": 1e-06,
      "min_speed": 0.01,
      "max_hours": 9999.0
    }
  },
  "result": {
    "c_index": 0.9357071878105332,
    "mean_brier": 0.027397094426574908,
    "hybrid_score": 0.9615341902445576,
    "std_c_index": 0.0028693485031742387,
    "std_mean_brier": 0.000719451940800835,
    "std_hybrid": 0.0012405047422964857
  }
}