{
  "trial_id": 27,
  "config": {
    "seed": 42,
    "cv_n_splits": 5,
    "cv_n_repeats": 10,
    "gbsa_config": {
      "loss": "coxph",
      "n_estimators": 295,
      "learning_rate": 0.16754279152748472,
      "subsample": 0.8539580003897347,
      "max_depth": 5,
      "max_features": 0.5,
      "max_leaf_nodes": 16,
      "min_samples_split": 2,
      "min_samples_leaf": 13,
      "min_weight_fraction_leaf": 0.0,
      "min_impurity_decrease": 0.007178979124900879,
      "criterion": "friedman_mse",
      "ccp_alpha": 0.0013560194026166375,
      "dropout_rate": 0.03637823121192879,
      "validation_fraction": 0.25720496972189105,
      "n_iter_no_change": 20,
      "tol": 0.00043044849008407786,
      "random_state": 42,
      "warm_start": false,
      "verbose": 0
    },
    "preprocessing_config": {
      "eps": 1e-06,
      "min_speed": 0.01,
      "max_hours": 9999.0
    }
  },
  "result": {
    "c_index": 0.9401043391851607,
    "mean_brier": 0.05671576327837691,
    "hybrid_score": 0.9423302674606843,
    "std_c_index": 0.003925795853948466,
    "std_mean_brier": 0.006361977099598364,
    "std_hybrid": 0.0054103039950573065
  }
}