{
  "trial_id": 119,
  "config": {
    "model_type": "coxnet",
    "model_params": {
      "l1_ratio": 0.3506428852200495,
      "alpha_min_ratio": 0.0006536015178350718,
      "n_alphas": 233,
      "max_iter": 11069,
      "tol": 3.7165607959361225e-06
    },
    "seed": 1024,
    "cv_n_splits": 5,
    "cv_n_repeats": 10,
    "preprocessing_config": {
      "eps": 1e-06,
      "min_speed": 0.01,
      "max_hours": 9999.0
    }
  },
  "result": {
    "c_index": 0.9184084133819146,
    "mean_brier": 0.04382623928759115,
    "hybrid_score": 0.9448441565132605,
    "std_c_index": 0.013669337872706423,
    "std_mean_brier": 0.005558056101769662,
    "std_hybrid": 0.006491718173437932
  }
}