{
  "trial_id": 289,
  "config": {
    "model_type": "coxnet",
    "model_params": {
      "l1_ratio": 0.8521252242909891,
      "alpha_min_ratio": 0.04526133863656354,
      "n_alphas": 247,
      "max_iter": 11377,
      "tol": 7.177081066624069e-05
    },
    "seed": 1024,
    "cv_n_splits": 5,
    "cv_n_repeats": 10,
    "preprocessing_config": {
      "eps": 1e-06,
      "min_speed": 0.01,
      "max_hours": 9999.0
    }
  },
  "result": {
    "c_index": 0.9355995362702881,
    "mean_brier": 0.026256182356172414,
    "hybrid_score": 0.9623005332317657,
    "std_c_index": 0.0032576742820530553,
    "std_mean_brier": 0.0010058947753879572,
    "std_hybrid": 0.0014171515653788735
  }
}