{
  "trial_id": 119,
  "config": {
    "seed": 42,
    "cv_n_splits": 5,
    "cv_n_repeats": 10,
    "gbsa_config": {
      "loss": "coxph",
      "n_estimators": 473,
      "learning_rate": 0.11857819841450494,
      "subsample": 0.5105126758692365,
      "max_depth": 4,
      "max_features": "sqrt",
      "max_leaf_nodes": 31,
      "min_samples_split": 8,
      "min_samples_leaf": 11,
      "min_weight_fraction_leaf": 0.0,
      "min_impurity_decrease": 0.03690766180058509,
      "criterion": "friedman_mse",
      "ccp_alpha": 0.021809955213977775,
      "dropout_rate": 0.04406069565608205,
      "validation_fraction": 0.2205443919453745,
      "n_iter_no_change": 10,
      "tol": 0.0021510952369518353,
      "random_state": 42,
      "warm_start": false,
      "verbose": 0
    },
    "preprocessing_config": {
      "eps": 1e-06,
      "min_speed": 0.01,
      "max_hours": 9999.0
    }
  },
  "result": {
    "c_index": 0.9261717456111296,
    "mean_brier": 0.07627494082702925,
    "hybrid_score": 0.9244590651044182,
    "std_c_index": 0.006272531935565818,
    "std_mean_brier": 0.0034295447297654565,
    "std_hybrid": 0.0030700427591784283
  }
}