{
  "trial_id": 277,
  "config": {
    "model_type": "gbsa",
    "model_params": {
      "loss": "coxph",
      "n_estimators": 464,
      "learning_rate": 0.07489195042342316,
      "subsample": 0.7604633904691044,
      "max_depth": 6,
      "max_features": 1.0,
      "max_leaf_nodes": null,
      "min_samples_split": 6,
      "min_samples_leaf": 20,
      "min_weight_fraction_leaf": 0.0,
      "min_impurity_decrease": 0.006044911649783956,
      "criterion": "friedman_mse",
      "ccp_alpha": 0.01012670254472522,
      "dropout_rate": 0.15110630396389865,
      "validation_fraction": 0.14811461435893197,
      "n_iter_no_change": null,
      "tol": 1.6438943480324382e-05,
      "random_state": 42,
      "warm_start": false,
      "verbose": 0
    },
    "seed": 42,
    "cv_n_splits": 5,
    "cv_n_repeats": 10,
    "preprocessing_config": {
      "eps": 1e-06,
      "min_speed": 0.01,
      "max_hours": 9999.0
    }
  },
  "result": {
    "c_index": 0.9006500496853264,
    "mean_brier": 0.17173535328384526,
    "hybrid_score": 0.8499802676069061,
    "std_c_index": 0.00702252112616451,
    "std_mean_brier": 0.007344868682144621,
    "std_hybrid": 0.0053638160500320215
  }
}