{
  "trial_id": 200,
  "config": {
    "model_type": "coxnet",
    "model_params": {
      "l1_ratio": 0.9782203620112673,
      "alpha_min_ratio": 0.08574990425795988,
      "n_alphas": 263,
      "max_iter": 19608,
      "tol": 3.910604002234662e-05
    },
    "seed": 1024,
    "cv_n_splits": 5,
    "cv_n_repeats": 10,
    "preprocessing_config": {
      "eps": 1e-06,
      "min_speed": 0.01,
      "max_hours": 9999.0
    }
  },
  "result": {
    "c_index": 0.9364110632659821,
    "mean_brier": 0.025846888099560268,
    "hybrid_score": 0.9628304973101024,
    "std_c_index": 0.0037554442038407305,
    "std_mean_brier": 0.0007644018879280687,
    "std_hybrid": 0.0015736002144949451
  }
}