{
  "trial_id": 17,
  "config": {
    "model_type": "gbsa",
    "model_params": {
      "loss": "coxph",
      "n_estimators": 106,
      "learning_rate": 0.10614649020691938,
      "subsample": 0.8141662067358373,
      "max_depth": 4,
      "max_features": 0.3,
      "max_leaf_nodes": 63,
      "min_samples_split": 14,
      "min_samples_leaf": 16,
      "min_weight_fraction_leaf": 0.0,
      "min_impurity_decrease": 0.04995354680348244,
      "criterion": "friedman_mse",
      "ccp_alpha": 3.874313526333762e-06,
      "dropout_rate": 0.09115892709905749,
      "validation_fraction": 0.27997906091762076,
      "n_iter_no_change": 10,
      "tol": 2.2919936404867125e-05,
      "random_state": 777,
      "warm_start": false,
      "verbose": 0
    },
    "seed": 777,
    "cv_n_splits": 5,
    "cv_n_repeats": 10,
    "preprocessing_config": {
      "eps": 1e-06,
      "min_speed": 0.01,
      "max_hours": 9999.0
    }
  },
  "result": {
    "c_index": 0.9342414706856574,
    "mean_brier": 0.11158408754819218,
    "hybrid_score": 0.9021635799219625,
    "std_c_index": 0.005586617290069284,
    "std_mean_brier": 0.007612290154452015,
    "std_hybrid": 0.004869852494885682
  }
}