{
  "trial_id": 174,
  "config": {
    "model_type": "gbsa",
    "model_params": {
      "loss": "coxph",
      "n_estimators": 381,
      "learning_rate": 0.14008057620914807,
      "subsample": 0.5879222913656559,
      "max_depth": 4,
      "max_features": "sqrt",
      "max_leaf_nodes": 31,
      "min_samples_split": 8,
      "min_samples_leaf": 20,
      "min_weight_fraction_leaf": 0.0,
      "min_impurity_decrease": 0.043383735891369575,
      "criterion": "friedman_mse",
      "ccp_alpha": 0.0004582036031049581,
      "dropout_rate": 0.05950881951603808,
      "validation_fraction": 0.2720734232445941,
      "n_iter_no_change": 5,
      "tol": 1.634563397380613e-05,
      "random_state": 777,
      "warm_start": false,
      "verbose": 0
    },
    "seed": 777,
    "cv_n_splits": 5,
    "cv_n_repeats": 10,
    "preprocessing_config": {
      "eps": 1e-06,
      "min_speed": 0.01,
      "max_hours": 9999.0
    }
  },
  "result": {
    "c_index": 0.9230746936071548,
    "mean_brier": 0.08429258808814924,
    "hybrid_score": 0.9179175964204418,
    "std_c_index": 0.008627883293154656,
    "std_mean_brier": 0.007254270243106114,
    "std_hybrid": 0.005958138813168144
  }
}