{
  "trial_id": 5,
  "config": {
    "model_type": "coxnet",
    "model_params": {
      "l1_ratio": 0.7851759613930136,
      "alpha_min_ratio": 0.0003972110727381913,
      "n_alphas": 179,
      "max_iter": 1226,
      "tol": 1.5339162591163588e-08
    },
    "seed": 42,
    "cv_n_splits": 5,
    "cv_n_repeats": 10,
    "preprocessing_config": {
      "eps": 1e-06,
      "min_speed": 0.01,
      "max_hours": 9999.0
    }
  },
  "result": {
    "c_index": 0.9274759854256376,
    "mean_brier": 0.03838735175193901,
    "hybrid_score": 0.9513716494013339,
    "std_c_index": 0.012087078262305265,
    "std_mean_brier": 0.006679463195456442,
    "std_hybrid": 0.007341132208828433
  }
}