{
  "trial_id": 45,
  "config": {
    "model_type": "coxnet",
    "model_params": {
      "l1_ratio": 0.8228929570426633,
      "alpha_min_ratio": 0.038875271504766544,
      "n_alphas": 214,
      "max_iter": 1353,
      "tol": 9.693321359477996e-06
    },
    "seed": 42,
    "cv_n_splits": 5,
    "cv_n_repeats": 10,
    "preprocessing_config": {
      "eps": 1e-06,
      "min_speed": 0.01,
      "max_hours": 9999.0
    }
  },
  "result": {
    "c_index": 0.9369824445180523,
    "mean_brier": 0.02630610167009617,
    "hybrid_score": 0.9626804621863483,
    "std_c_index": 0.004707449777875823,
    "std_mean_brier": 0.002812481091002872,
    "std_hybrid": 0.00325625657217435
  }
}