{
  "trial_id": 110,
  "config": {
    "model_type": "coxnet",
    "model_params": {
      "l1_ratio": 0.31852968934172093,
      "alpha_min_ratio": 0.000287652027239066,
      "n_alphas": 149,
      "max_iter": 1740,
      "tol": 2.7618216321284055e-05
    },
    "seed": 42,
    "cv_n_splits": 5,
    "cv_n_repeats": 10,
    "preprocessing_config": {
      "eps": 1e-06,
      "min_speed": 0.01,
      "max_hours": 9999.0
    }
  },
  "result": {
    "c_index": 0.9271447499171911,
    "mean_brier": 0.03895162577279569,
    "hybrid_score": 0.9508772869342004,
    "std_c_index": 0.012147122380562307,
    "std_mean_brier": 0.007102747131825608,
    "std_hybrid": 0.007601270510589242
  }
}