{
  "trial_id": 175,
  "config": {
    "model_type": "gbsa",
    "model_params": {
      "loss": "coxph",
      "n_estimators": 72,
      "learning_rate": 0.16403240482754483,
      "subsample": 0.8797209340249613,
      "max_depth": 1,
      "max_features": "sqrt",
      "max_leaf_nodes": 63,
      "min_samples_split": 14,
      "min_samples_leaf": 2,
      "min_weight_fraction_leaf": 0.0,
      "min_impurity_decrease": 0.005555928959657343,
      "criterion": "friedman_mse",
      "ccp_alpha": 7.383392399614737e-05,
      "dropout_rate": 0.014828379958389266,
      "validation_fraction": 0.28994773103031496,
      "n_iter_no_change": null,
      "tol": 0.005516130267621465,
      "random_state": 1024,
      "warm_start": false,
      "verbose": 0
    },
    "seed": 1024,
    "cv_n_splits": 5,
    "cv_n_repeats": 10,
    "preprocessing_config": {
      "eps": 1e-06,
      "min_speed": 0.01,
      "max_hours": 9999.0
    }
  },
  "result": {
    "c_index": 0.9389284531301756,
    "mean_brier": 0.04521279912467458,
    "hybrid_score": 0.9500295765517803,
    "std_c_index": 0.004509701806003479,
    "std_mean_brier": 0.0017681054128822194,
    "std_hybrid": 0.0017102033420313232
  }
}