{
  "trial_id": 77,
  "config": {
    "model_type": "gbsa",
    "model_params": {
      "loss": "coxph",
      "n_estimators": 389,
      "learning_rate": 0.07615081670750513,
      "subsample": 0.6783606924495234,
      "max_depth": 4,
      "max_features": "log2",
      "max_leaf_nodes": 16,
      "min_samples_split": 12,
      "min_samples_leaf": 13,
      "min_weight_fraction_leaf": 0.0,
      "min_impurity_decrease": 0.043057967179625324,
      "criterion": "friedman_mse",
      "ccp_alpha": 0.07312023762059106,
      "dropout_rate": 0.02158945039573463,
      "validation_fraction": 0.1652116594555058,
      "n_iter_no_change": 20,
      "tol": 0.0036099825440550994,
      "random_state": 2023,
      "warm_start": false,
      "verbose": 0
    },
    "seed": 2023,
    "cv_n_splits": 5,
    "cv_n_repeats": 10,
    "preprocessing_config": {
      "eps": 1e-06,
      "min_speed": 0.01,
      "max_hours": 9999.0
    }
  },
  "result": {
    "c_index": 0.9104421994037761,
    "mean_brier": 0.08086702194244658,
    "hybrid_score": 0.9165257444614202,
    "std_c_index": 0.005860212867676656,
    "std_mean_brier": 0.004459698975802354,
    "std_hybrid": 0.003589241974481415
  }
}