{
  "trial_id": 197,
  "config": {
    "model_type": "coxnet",
    "model_params": {
      "l1_ratio": 0.9618641079169858,
      "alpha_min_ratio": 0.06224592560118473,
      "n_alphas": 238,
      "max_iter": 11922,
      "tol": 1.3724762793438949e-05
    },
    "seed": 777,
    "cv_n_splits": 5,
    "cv_n_repeats": 10,
    "preprocessing_config": {
      "eps": 1e-06,
      "min_speed": 0.01,
      "max_hours": 9999.0
    }
  },
  "result": {
    "c_index": 0.9364359059291155,
    "mean_brier": 0.02534497218453336,
    "hybrid_score": 0.9631892912495612,
    "std_c_index": 0.0035687071416738198,
    "std_mean_brier": 0.0005252807255541292,
    "std_hybrid": 0.0013191120109483918
  }
}