{
  "trial_id": 22,
  "config": {
    "seed": 42,
    "cv_n_splits": 5,
    "cv_n_repeats": 10,
    "gbsa_config": {
      "loss": "coxph",
      "n_estimators": 235,
      "learning_rate": 0.04479500525214711,
      "subsample": 0.6463581720522735,
      "max_depth": 6,
      "max_features": 1.0,
      "max_leaf_nodes": 16,
      "min_samples_split": 2,
      "min_samples_leaf": 3,
      "min_weight_fraction_leaf": 0.0,
      "min_impurity_decrease": 0.010870790560922688,
      "criterion": "friedman_mse",
      "ccp_alpha": 2.1501396513781357e-06,
      "dropout_rate": 0.08480151234053906,
      "validation_fraction": 0.27300232707573785,
      "n_iter_no_change": 20,
      "tol": 0.0006888237029871932,
      "random_state": 42,
      "warm_start": false,
      "verbose": 0
    },
    "preprocessing_config": {
      "eps": 1e-06,
      "min_speed": 0.01,
      "max_hours": 9999.0
    }
  },
  "result": {
    "c_index": 0.9397151374627359,
    "mean_brier": 0.16380135245227412,
    "hybrid_score": 0.8672535945222289,
    "std_c_index": 0.0024914327460936504,
    "std_mean_brier": 0.008845371998090826,
    "std_hybrid": 0.006061601484288226
  }
}