{
  "trial_id": 154,
  "config": {
    "model_type": "gbsa",
    "model_params": {
      "loss": "coxph",
      "n_estimators": 190,
      "learning_rate": 0.1746895739903305,
      "subsample": 0.8529338110160776,
      "max_depth": 5,
      "max_features": 0.3,
      "max_leaf_nodes": 63,
      "min_samples_split": 18,
      "min_samples_leaf": 1,
      "min_weight_fraction_leaf": 0.0,
      "min_impurity_decrease": 0.023369783493855607,
      "criterion": "friedman_mse",
      "ccp_alpha": 3.211296511425262e-05,
      "dropout_rate": 0.032711739423387495,
      "validation_fraction": 0.28853573585672554,
      "n_iter_no_change": null,
      "tol": 0.00453853718154421,
      "random_state": 1024,
      "warm_start": false,
      "verbose": 0
    },
    "seed": 1024,
    "cv_n_splits": 5,
    "cv_n_repeats": 10,
    "preprocessing_config": {
      "eps": 1e-06,
      "min_speed": 0.01,
      "max_hours": 9999.0
    }
  },
  "result": {
    "c_index": 0.9381997350115933,
    "mean_brier": 0.040066018050448085,
    "hybrid_score": 0.9534137078681642,
    "std_c_index": 0.0031977631927181914,
    "std_mean_brier": 0.004628456098018121,
    "std_hybrid": 0.0035695911415613893
  }
}