{
  "trial_id": 289,
  "config": {
    "seed": 42,
    "cv_n_splits": 5,
    "cv_n_repeats": 10,
    "gbsa_config": {
      "loss": "coxph",
      "n_estimators": 156,
      "learning_rate": 0.16339841017814122,
      "subsample": 0.5352381647072959,
      "max_depth": 4,
      "max_features": 0.5,
      "max_leaf_nodes": 31,
      "min_samples_split": 12,
      "min_samples_leaf": 15,
      "min_weight_fraction_leaf": 0.0,
      "min_impurity_decrease": 0.04111495625479555,
      "criterion": "friedman_mse",
      "ccp_alpha": 0.00031834427727851924,
      "dropout_rate": 0.09808259965078417,
      "validation_fraction": 0.19345880306870783,
      "n_iter_no_change": null,
      "tol": 4.951912960763234e-05,
      "random_state": 42,
      "warm_start": false,
      "verbose": 0
    },
    "preprocessing_config": {
      "eps": 1e-06,
      "min_speed": 0.01,
      "max_hours": 9999.0
    }
  },
  "result": {
    "c_index": 0.9389781384564424,
    "mean_brier": 0.08929011043052887,
    "hybrid_score": 0.9191903642355624,
    "std_c_index": 0.003647437293111312,
    "std_mean_brier": 0.0036693744774353347,
    "std_hybrid": 0.003048271705548179
  }
}