{
  "trial_id": 113,
  "config": {
    "model_type": "coxnet",
    "model_params": {
      "l1_ratio": 0.91420008833664,
      "alpha_min_ratio": 0.08422303441750296,
      "n_alphas": 115,
      "max_iter": 13744,
      "tol": 3.584750627441979e-07
    },
    "seed": 1024,
    "cv_n_splits": 5,
    "cv_n_repeats": 10,
    "preprocessing_config": {
      "eps": 1e-06,
      "min_speed": 0.01,
      "max_hours": 9999.0
    }
  },
  "result": {
    "c_index": 0.9367588605498509,
    "mean_brier": 0.02592092367331435,
    "hybrid_score": 0.9628830115936353,
    "std_c_index": 0.003687748096049889,
    "std_mean_brier": 0.0007717539127318107,
    "std_hybrid": 0.0015576054123654579
  }
}