{
  "trial_id": 6,
  "config": {
    "model_type": "gbsa",
    "model_params": {
      "loss": "coxph",
      "n_estimators": 328,
      "learning_rate": 0.09227751141218855,
      "subsample": 0.8527061022323261,
      "max_depth": 6,
      "max_features": 1.0,
      "max_leaf_nodes": 16,
      "min_samples_split": 18,
      "min_samples_leaf": 18,
      "min_weight_fraction_leaf": 0.0,
      "min_impurity_decrease": 0.049793247722465336,
      "criterion": "friedman_mse",
      "ccp_alpha": 9.030551940021656e-07,
      "dropout_rate": 0.28519731390701814,
      "validation_fraction": 0.2686921432906446,
      "n_iter_no_change": 5,
      "tol": 0.00664580262437969,
      "random_state": 1024,
      "warm_start": false,
      "verbose": 0
    },
    "seed": 1024,
    "cv_n_splits": 5,
    "cv_n_repeats": 10,
    "preprocessing_config": {
      "eps": 1e-06,
      "min_speed": 0.01,
      "max_hours": 9999.0
    }
  },
  "result": {
    "c_index": 0.9303453130175555,
    "mean_brier": 0.18266128866177742,
    "hybrid_score": 0.8512406918420223,
    "std_c_index": 0.007148187031317398,
    "std_mean_brier": 0.01160016521931038,
    "std_hybrid": 0.008299400203780977
  }
}