{
  "trial_id": 126,
  "config": {
    "model_type": "coxnet",
    "model_params": {
      "l1_ratio": 0.9872248716165036,
      "alpha_min_ratio": 0.024520057450906695,
      "n_alphas": 119,
      "max_iter": 13413,
      "tol": 1.9786938898375584e-05
    },
    "seed": 777,
    "cv_n_splits": 5,
    "cv_n_repeats": 10,
    "preprocessing_config": {
      "eps": 1e-06,
      "min_speed": 0.01,
      "max_hours": 9999.0
    }
  },
  "result": {
    "c_index": 0.9281632991056641,
    "mean_brier": 0.029704750351105525,
    "hybrid_score": 0.9576556644859252,
    "std_c_index": 0.007941993004867785,
    "std_mean_brier": 0.004888228891274429,
    "std_hybrid": 0.005559433711940586
  }
}