{
  "trial_id": 25,
  "config": {
    "model_type": "gbsa",
    "model_params": {
      "loss": "coxph",
      "n_estimators": 252,
      "learning_rate": 0.12150855491974104,
      "subsample": 0.7317429086437918,
      "max_depth": 6,
      "max_features": 1.0,
      "max_leaf_nodes": 16,
      "min_samples_split": 2,
      "min_samples_leaf": 8,
      "min_weight_fraction_leaf": 0.0,
      "min_impurity_decrease": 0.024366231225758796,
      "criterion": "friedman_mse",
      "ccp_alpha": 0.0038953820464678783,
      "dropout_rate": 0.025034772481370288,
      "validation_fraction": 0.2796898869923423,
      "n_iter_no_change": 20,
      "tol": 1.8015332122492315e-05,
      "random_state": 42,
      "warm_start": false,
      "verbose": 0
    },
    "seed": 42,
    "cv_n_splits": 5,
    "cv_n_repeats": 10,
    "preprocessing_config": {
      "eps": 1e-06,
      "min_speed": 0.01,
      "max_hours": 9999.0
    }
  },
  "result": {
    "c_index": 0.9400960582974495,
    "mean_brier": 0.05627110263799602,
    "hybrid_score": 0.9426390456426376,
    "std_c_index": 0.0025031577171255016,
    "std_mean_brier": 0.004761046520638052,
    "std_hybrid": 0.0038021126204435722
  }
}