{
  "trial_id": 9,
  "config": {
    "model_type": "gbsa",
    "model_params": {
      "loss": "coxph",
      "n_estimators": 216,
      "learning_rate": 0.0010853408224964804,
      "subsample": 0.9641592812938626,
      "max_depth": 3,
      "max_features": null,
      "max_leaf_nodes": 16,
      "min_samples_split": 3,
      "min_samples_leaf": 13,
      "min_weight_fraction_leaf": 0.0,
      "min_impurity_decrease": 0.049502692505213164,
      "criterion": "friedman_mse",
      "ccp_alpha": 9.562866801584198e-08,
      "dropout_rate": 0.25916482618186837,
      "validation_fraction": 0.27547461438559107,
      "n_iter_no_change": null,
      "tol": 7.599334001601094e-05,
      "random_state": 42,
      "warm_start": false,
      "verbose": 0
    },
    "seed": 42,
    "cv_n_splits": 5,
    "cv_n_repeats": 10,
    "preprocessing_config": {
      "eps": 1e-06,
      "min_speed": 0.01,
      "max_hours": 9999.0
    }
  },
  "result": {
    "c_index": 0.9392141437562106,
    "mean_brier": 0.23519306964026448,
    "hybrid_score": 0.817129094378678,
    "std_c_index": 0.0033943281959553867,
    "std_mean_brier": 0.011224860813166235,
    "std_hybrid": 0.008211778827036402
  }
}