{
  "trial_id": 245,
  "config": {
    "model_type": "coxnet",
    "model_params": {
      "l1_ratio": 0.07199005819573862,
      "alpha_min_ratio": 0.011536754977029077,
      "n_alphas": 124,
      "max_iter": 1375,
      "tol": 3.672777225512957e-08
    },
    "seed": 42,
    "cv_n_splits": 5,
    "cv_n_repeats": 10,
    "preprocessing_config": {
      "eps": 1e-06,
      "min_speed": 0.01,
      "max_hours": 9999.0
    }
  },
  "result": {
    "c_index": 0.9349205034779728,
    "mean_brier": 0.031104704724886374,
    "hybrid_score": 0.9587028577359714,
    "std_c_index": 0.005184715311527376,
    "std_mean_brier": 0.0024569954449867974,
    "std_hybrid": 0.0031592263291559185
  }
}