{
  "trial_id": 139,
  "config": {
    "model_type": "gbsa",
    "model_params": {
      "loss": "coxph",
      "n_estimators": 173,
      "learning_rate": 0.1759859423059913,
      "subsample": 0.9064236169216082,
      "max_depth": 3,
      "max_features": 0.3,
      "max_leaf_nodes": 63,
      "min_samples_split": 20,
      "min_samples_leaf": 3,
      "min_weight_fraction_leaf": 0.0,
      "min_impurity_decrease": 0.011775682571538822,
      "criterion": "friedman_mse",
      "ccp_alpha": 0.00015619925553451582,
      "dropout_rate": 0.027036414791235825,
      "validation_fraction": 0.2266924338701695,
      "n_iter_no_change": null,
      "tol": 0.003388606682291231,
      "random_state": 1024,
      "warm_start": false,
      "verbose": 0
    },
    "seed": 1024,
    "cv_n_splits": 5,
    "cv_n_repeats": 10,
    "preprocessing_config": {
      "eps": 1e-06,
      "min_speed": 0.01,
      "max_hours": 9999.0
    }
  },
  "result": {
    "c_index": 0.9388208015899305,
    "mean_brier": 0.03671213839297515,
    "hybrid_score": 0.9559477436018964,
    "std_c_index": 0.0031300879251514833,
    "std_mean_brier": 0.003074130568470206,
    "std_hybrid": 0.0026606569150489875
  }
}