{
  "trial_id": 117,
  "config": {
    "model_type": "gbsa",
    "model_params": {
      "loss": "coxph",
      "n_estimators": 472,
      "learning_rate": 0.020121046251650374,
      "subsample": 0.5617868575627636,
      "max_depth": 6,
      "max_features": "sqrt",
      "max_leaf_nodes": 31,
      "min_samples_split": 3,
      "min_samples_leaf": 9,
      "min_weight_fraction_leaf": 0.0,
      "min_impurity_decrease": 0.008047833009656318,
      "criterion": "friedman_mse",
      "ccp_alpha": 0.0013510705268608887,
      "dropout_rate": 0.04349487044490268,
      "validation_fraction": 0.26006560551108926,
      "n_iter_no_change": 5,
      "tol": 0.0006894705831075192,
      "random_state": 42,
      "warm_start": false,
      "verbose": 0
    },
    "seed": 42,
    "cv_n_splits": 5,
    "cv_n_repeats": 10,
    "preprocessing_config": {
      "eps": 1e-06,
      "min_speed": 0.01,
      "max_hours": 9999.0
    }
  },
  "result": {
    "c_index": 0.9388290824776415,
    "mean_brier": 0.17297034163658115,
    "hybrid_score": 0.8605694855976858,
    "std_c_index": 0.0017656165375052701,
    "std_mean_brier": 0.008140388711098219,
    "std_hybrid": 0.005929644877590755
  }
}