{
  "trial_id": 296,
  "config": {
    "model_type": "gbsa",
    "model_params": {
      "loss": "coxph",
      "n_estimators": 364,
      "learning_rate": 0.06266590011318138,
      "subsample": 0.6163326458879163,
      "max_depth": 1,
      "max_features": null,
      "max_leaf_nodes": 31,
      "min_samples_split": 8,
      "min_samples_leaf": 13,
      "min_weight_fraction_leaf": 0.0,
      "min_impurity_decrease": 0.0255396208714704,
      "criterion": "friedman_mse",
      "ccp_alpha": 0.013875866048699493,
      "dropout_rate": 0.06800354741621295,
      "validation_fraction": 0.11626634780564224,
      "n_iter_no_change": 10,
      "tol": 0.008210403782330313,
      "random_state": 1024,
      "warm_start": false,
      "verbose": 0
    },
    "seed": 1024,
    "cv_n_splits": 5,
    "cv_n_repeats": 10,
    "preprocessing_config": {
      "eps": 1e-06,
      "min_speed": 0.01,
      "max_hours": 9999.0
    }
  },
  "result": {
    "c_index": 0.904123882080159,
    "mean_brier": 0.133207795930927,
    "hybrid_score": 0.8779917074723989,
    "std_c_index": 0.008427165311525507,
    "std_mean_brier": 0.007958511990471626,
    "std_hybrid": 0.0061806387477625745
  }
}