{
  "trial_id": 124,
  "config": {
    "model_type": "coxnet",
    "model_params": {
      "l1_ratio": 0.8929729292690465,
      "alpha_min_ratio": 0.09785743490878114,
      "n_alphas": 251,
      "max_iter": 17468,
      "tol": 1.29486891729848e-05
    },
    "seed": 42,
    "cv_n_splits": 5,
    "cv_n_repeats": 10,
    "preprocessing_config": {
      "eps": 1e-06,
      "min_speed": 0.01,
      "max_hours": 9999.0
    }
  },
  "result": {
    "c_index": 0.9398476316661147,
    "mean_brier": 0.02610283258836978,
    "hybrid_score": 0.9636823066879755,
    "std_c_index": 0.0025038424894288647,
    "std_mean_brier": 0.0007671909072301393,
    "std_hybrid": 0.0011321708803530054
  }
}