{
  "trial_id": 94,
  "config": {
    "model_type": "coxnet",
    "model_params": {
      "l1_ratio": 0.8893605592051788,
      "alpha_min_ratio": 0.09829283032510554,
      "n_alphas": 138,
      "max_iter": 1639,
      "tol": 3.1647755291307616e-07
    },
    "seed": 42,
    "cv_n_splits": 5,
    "cv_n_repeats": 10,
    "preprocessing_config": {
      "eps": 1e-06,
      "min_speed": 0.01,
      "max_hours": 9999.0
    }
  },
  "result": {
    "c_index": 0.9398641934415369,
    "mean_brier": 0.02603271762834397,
    "hybrid_score": 0.9637363556926202,
    "std_c_index": 0.0023607938029464245,
    "std_mean_brier": 0.0007531573102420808,
    "std_hybrid": 0.001077144199520117
  }
}