{
  "trial_id": 63,
  "config": {
    "model_type": "coxnet",
    "model_params": {
      "l1_ratio": 0.9866025745000117,
      "alpha_min_ratio": 0.06936004547657404,
      "n_alphas": 257,
      "max_iter": 550,
      "tol": 5.064907793400178e-06
    },
    "seed": 42,
    "cv_n_splits": 5,
    "cv_n_repeats": 10,
    "preprocessing_config": {
      "eps": 1e-06,
      "min_speed": 0.01,
      "max_hours": 9999.0
    }
  },
  "result": {
    "c_index": 0.9391354753229546,
    "mean_brier": 0.025122669041302996,
    "hybrid_score": 0.9641547742679742,
    "std_c_index": 0.0024447559199213638,
    "std_mean_brier": 0.0008579656335480939,
    "std_hybrid": 0.0011824111118991121
  }
}