{
  "trial_id": 56,
  "config": {
    "seed": 42,
    "cv_n_splits": 5,
    "cv_n_repeats": 10,
    "gbsa_config": {
      "loss": "coxph",
      "n_estimators": 192,
      "learning_rate": 0.18157488027054575,
      "subsample": 0.9860719981580741,
      "max_depth": 6,
      "max_features": "log2",
      "max_leaf_nodes": 8,
      "min_samples_split": 6,
      "min_samples_leaf": 10,
      "min_weight_fraction_leaf": 0.0,
      "min_impurity_decrease": 0.024088224711253364,
      "criterion": "friedman_mse",
      "ccp_alpha": 0.0008077716030565723,
      "dropout_rate": 0.011947353869230707,
      "validation_fraction": 0.296500014856505,
      "n_iter_no_change": 5,
      "tol": 4.762776187161265e-05,
      "random_state": 42,
      "warm_start": false,
      "verbose": 0
    },
    "preprocessing_config": {
      "eps": 1e-06,
      "min_speed": 0.01,
      "max_hours": 9999.0
    }
  },
  "result": {
    "c_index": 0.9341503809208348,
    "mean_brier": 0.05160388929756442,
    "hybrid_score": 0.9441223917679551,
    "std_c_index": 0.006102351286664674,
    "std_mean_brier": 0.006449903615050848,
    "std_hybrid": 0.005630707904562555
  }
}