{
  "trial_id": 100,
  "config": {
    "model_type": "coxnet",
    "model_params": {
      "l1_ratio": 0.9734041502153773,
      "alpha_min_ratio": 0.09898069063605673,
      "n_alphas": 111,
      "max_iter": 7363,
      "tol": 1.7374733896530197e-07
    },
    "seed": 777,
    "cv_n_splits": 5,
    "cv_n_repeats": 10,
    "preprocessing_config": {
      "eps": 1e-06,
      "min_speed": 0.01,
      "max_hours": 9999.0
    }
  },
  "result": {
    "c_index": 0.9358728055647566,
    "mean_brier": 0.026032744481107217,
    "hybrid_score": 0.9625389205326519,
    "std_c_index": 0.0027224355050717835,
    "std_mean_brier": 0.0005313556985432142,
    "std_hybrid": 0.0010605665836373689
  }
}