{
  "trial_id": 182,
  "config": {
    "model_type": "gbsa",
    "model_params": {
      "loss": "coxph",
      "n_estimators": 326,
      "learning_rate": 0.1392901919887024,
      "subsample": 0.5470517776717764,
      "max_depth": 6,
      "max_features": null,
      "max_leaf_nodes": 16,
      "min_samples_split": 4,
      "min_samples_leaf": 19,
      "min_weight_fraction_leaf": 0.0,
      "min_impurity_decrease": 0.022083999542229622,
      "criterion": "friedman_mse",
      "ccp_alpha": 3.0538137441579864e-05,
      "dropout_rate": 0.003091151090888495,
      "validation_fraction": 0.1408107383843477,
      "n_iter_no_change": null,
      "tol": 0.000536386899102875,
      "random_state": 2023,
      "warm_start": false,
      "verbose": 0
    },
    "seed": 2023,
    "cv_n_splits": 5,
    "cv_n_repeats": 10,
    "preprocessing_config": {
      "eps": 1e-06,
      "min_speed": 0.01,
      "max_hours": 9999.0
    }
  },
  "result": {
    "c_index": 0.9395122557138127,
    "mean_brier": 0.03031364302089159,
    "hybrid_score": 0.9606341265995194,
    "std_c_index": 0.0021573619709457778,
    "std_mean_brier": 0.0035121178196725862,
    "std_hybrid": 0.002974254426986251
  }
}