{
  "trial_id": 118,
  "config": {
    "model_type": "gbsa",
    "model_params": {
      "loss": "coxph",
      "n_estimators": 235,
      "learning_rate": 0.19791014430728956,
      "subsample": 0.5379157301146696,
      "max_depth": 3,
      "max_features": 0.3,
      "max_leaf_nodes": 8,
      "min_samples_split": 19,
      "min_samples_leaf": 17,
      "min_weight_fraction_leaf": 0.0,
      "min_impurity_decrease": 0.011184240755565102,
      "criterion": "friedman_mse",
      "ccp_alpha": 0.026972448927373265,
      "dropout_rate": 0.1802422105211146,
      "validation_fraction": 0.21511669066250466,
      "n_iter_no_change": null,
      "tol": 0.0010674665294833421,
      "random_state": 2023,
      "warm_start": false,
      "verbose": 0
    },
    "seed": 2023,
    "cv_n_splits": 5,
    "cv_n_repeats": 10,
    "preprocessing_config": {
      "eps": 1e-06,
      "min_speed": 0.01,
      "max_hours": 9999.0
    }
  },
  "result": {
    "c_index": 0.9050513415038092,
    "mean_brier": 0.11830805323465124,
    "hybrid_score": 0.8886997651868869,
    "std_c_index": 0.006601062255983163,
    "std_mean_brier": 0.005189948058517853,
    "std_hybrid": 0.003953070544785354
  }
}