{
  "trial_id": 99,
  "config": {
    "model_type": "coxnet",
    "model_params": {
      "l1_ratio": 0.9618743100815612,
      "alpha_min_ratio": 0.012495145953195605,
      "n_alphas": 113,
      "max_iter": 1755,
      "tol": 1.242456129143047e-06
    },
    "seed": 1024,
    "cv_n_splits": 5,
    "cv_n_repeats": 10,
    "preprocessing_config": {
      "eps": 1e-06,
      "min_speed": 0.01,
      "max_hours": 9999.0
    }
  },
  "result": {
    "c_index": 0.9298608810864526,
    "mean_brier": 0.029636610968623866,
    "hybrid_score": 0.958212636647899,
    "std_c_index": 0.004972809244818776,
    "std_mean_brier": 0.00283644316409077,
    "std_hybrid": 0.0031652397590356653
  }
}