{
  "trial_id": 25,
  "config": {
    "model_type": "coxnet",
    "model_params": {
      "l1_ratio": 0.9141911082781542,
      "alpha_min_ratio": 0.014473482433544422,
      "n_alphas": 110,
      "max_iter": 12184,
      "tol": 1.0993873835052658e-06
    },
    "seed": 777,
    "cv_n_splits": 5,
    "cv_n_repeats": 10,
    "preprocessing_config": {
      "eps": 1e-06,
      "min_speed": 0.01,
      "max_hours": 9999.0
    }
  },
  "result": {
    "c_index": 0.923815833057304,
    "mean_brier": 0.03331699639605343,
    "hybrid_score": 0.9538228524399536,
    "std_c_index": 0.012407743478677687,
    "std_mean_brier": 0.005236306325008248,
    "std_hybrid": 0.006883297665448977
  }
}