{
  "trial_id": 285,
  "config": {
    "model_type": "coxnet",
    "model_params": {
      "l1_ratio": 0.9843254435502993,
      "alpha_min_ratio": 0.09595778117867433,
      "n_alphas": 268,
      "max_iter": 11523,
      "tol": 1.016305438763796e-05
    },
    "seed": 1024,
    "cv_n_splits": 5,
    "cv_n_repeats": 10,
    "preprocessing_config": {
      "eps": 1e-06,
      "min_speed": 0.01,
      "max_hours": 9999.0
    }
  },
  "result": {
    "c_index": 0.9361005299768136,
    "mean_brier": 0.02605032684565467,
    "hybrid_score": 0.9625949302010858,
    "std_c_index": 0.0037537205537031236,
    "std_mean_brier": 0.0007414595681075708,
    "std_hybrid": 0.0015588043619935126
  }
}