{
  "trial_id": 272,
  "config": {
    "model_type": "coxnet",
    "model_params": {
      "l1_ratio": 0.9372815600104383,
      "alpha_min_ratio": 0.09492287256641867,
      "n_alphas": 238,
      "max_iter": 1797,
      "tol": 3.3991901986963134e-05
    },
    "seed": 42,
    "cv_n_splits": 5,
    "cv_n_repeats": 10,
    "preprocessing_config": {
      "eps": 1e-06,
      "min_speed": 0.01,
      "max_hours": 9999.0
    }
  },
  "result": {
    "c_index": 0.9397151374627362,
    "mean_brier": 0.02582064769153574,
    "hybrid_score": 0.9638400878547457,
    "std_c_index": 0.0025223426288297113,
    "std_mean_brier": 0.0007601579850745924,
    "std_hybrid": 0.001108740253893568
  }
}