{
  "trial_id": 64,
  "config": {
    "model_type": "gbsa",
    "model_params": {
      "loss": "coxph",
      "n_estimators": 268,
      "learning_rate": 0.1214253950550535,
      "subsample": 0.7808351974796957,
      "max_depth": 4,
      "max_features": "log2",
      "max_leaf_nodes": 63,
      "min_samples_split": 14,
      "min_samples_leaf": 2,
      "min_weight_fraction_leaf": 0.0,
      "min_impurity_decrease": 0.04919416428033241,
      "criterion": "friedman_mse",
      "ccp_alpha": 0.09511521663120846,
      "dropout_rate": 0.05618458914641274,
      "validation_fraction": 0.26648650627791226,
      "n_iter_no_change": null,
      "tol": 0.0008405950842551796,
      "random_state": 1024,
      "warm_start": false,
      "verbose": 0
    },
    "seed": 1024,
    "cv_n_splits": 5,
    "cv_n_repeats": 10,
    "preprocessing_config": {
      "eps": 1e-06,
      "min_speed": 0.01,
      "max_hours": 9999.0
    }
  },
  "result": {
    "c_index": 0.909423650215303,
    "mean_brier": 0.09874270752543507,
    "hybrid_score": 0.9037071997967864,
    "std_c_index": 0.00682729437189349,
    "std_mean_brier": 0.0054411413108919554,
    "std_hybrid": 0.0038861561980643097
  }
}