{
  "trial_id": 285,
  "config": {
    "model_type": "gbsa",
    "model_params": {
      "loss": "coxph",
      "n_estimators": 383,
      "learning_rate": 0.15299245046063056,
      "subsample": 0.5749718198973225,
      "max_depth": 3,
      "max_features": "sqrt",
      "max_leaf_nodes": 8,
      "min_samples_split": 8,
      "min_samples_leaf": 4,
      "min_weight_fraction_leaf": 0.0,
      "min_impurity_decrease": 0.04868758990416022,
      "criterion": "friedman_mse",
      "ccp_alpha": 0.0377668280697541,
      "dropout_rate": 0.11111288052315425,
      "validation_fraction": 0.24025844774716976,
      "n_iter_no_change": null,
      "tol": 0.0002459857956744449,
      "random_state": 777,
      "warm_start": false,
      "verbose": 0
    },
    "seed": 777,
    "cv_n_splits": 5,
    "cv_n_repeats": 10,
    "preprocessing_config": {
      "eps": 1e-06,
      "min_speed": 0.01,
      "max_hours": 9999.0
    }
  },
  "result": {
    "c_index": 0.9272068565750248,
    "mean_brier": 0.10369130910516249,
    "hybrid_score": 0.9055781405988936,
    "std_c_index": 0.008289463305547718,
    "std_mean_brier": 0.005839671676127759,
    "std_hybrid": 0.004345983474385222
  }
}