{
  "trial_id": 103,
  "config": {
    "model_type": "coxnet",
    "model_params": {
      "l1_ratio": 0.9282106624683198,
      "alpha_min_ratio": 0.09269332270358145,
      "n_alphas": 208,
      "max_iter": 594,
      "tol": 3.8801464336606053e-07
    },
    "seed": 42,
    "cv_n_splits": 5,
    "cv_n_repeats": 10,
    "preprocessing_config": {
      "eps": 1e-06,
      "min_speed": 0.01,
      "max_hours": 9999.0
    }
  },
  "result": {
    "c_index": 0.9397151374627359,
    "mean_brier": 0.025845905957735383,
    "hybrid_score": 0.963822407068406,
    "std_c_index": 0.002265091485599436,
    "std_mean_brier": 0.0007491294946447482,
    "std_hybrid": 0.0010608324690978628
  }
}