{
  "trial_id": 122,
  "config": {
    "model_type": "coxnet",
    "model_params": {
      "l1_ratio": 0.9981235989331387,
      "alpha_min_ratio": 0.026824812708050046,
      "n_alphas": 73,
      "max_iter": 6665,
      "tol": 1.2601052430566278e-06
    },
    "seed": 777,
    "cv_n_splits": 5,
    "cv_n_repeats": 10,
    "preprocessing_config": {
      "eps": 1e-06,
      "min_speed": 0.01,
      "max_hours": 9999.0
    }
  },
  "result": {
    "c_index": 0.9299188473004307,
    "mean_brier": 0.02893356835801268,
    "hybrid_score": 0.9587221563395202,
    "std_c_index": 0.005760552382096925,
    "std_mean_brier": 0.003918609490014854,
    "std_hybrid": 0.004016875410666871
  }
}