{
  "trial_id": 220,
  "config": {
    "model_type": "gbsa",
    "model_params": {
      "loss": "coxph",
      "n_estimators": 89,
      "learning_rate": 0.07269069944355225,
      "subsample": 0.9591410607377215,
      "max_depth": 1,
      "max_features": "log2",
      "max_leaf_nodes": 63,
      "min_samples_split": 20,
      "min_samples_leaf": 1,
      "min_weight_fraction_leaf": 0.0,
      "min_impurity_decrease": 0.019311839410747572,
      "criterion": "friedman_mse",
      "ccp_alpha": 1.254297453493119e-05,
      "dropout_rate": 0.1459371720727191,
      "validation_fraction": 0.20984771817577635,
      "n_iter_no_change": 5,
      "tol": 0.006040132718291856,
      "random_state": 1024,
      "warm_start": false,
      "verbose": 0
    },
    "seed": 1024,
    "cv_n_splits": 5,
    "cv_n_repeats": 10,
    "preprocessing_config": {
      "eps": 1e-06,
      "min_speed": 0.01,
      "max_hours": 9999.0
    }
  },
  "result": {
    "c_index": 0.9388953295793309,
    "mean_brier": 0.17974346705486446,
    "hybrid_score": 0.8558481719353941,
    "std_c_index": 0.001959073226251057,
    "std_mean_brier": 0.011323048689179424,
    "std_hybrid": 0.007861874644868237
  }
}