{
  "trial_id": 54,
  "config": {
    "model_type": "gbsa",
    "model_params": {
      "loss": "coxph",
      "n_estimators": 371,
      "learning_rate": 0.1906984292102554,
      "subsample": 0.6286883616188434,
      "max_depth": 3,
      "max_features": 0.3,
      "max_leaf_nodes": 8,
      "min_samples_split": 4,
      "min_samples_leaf": 7,
      "min_weight_fraction_leaf": 0.0,
      "min_impurity_decrease": 0.015564887960123303,
      "criterion": "friedman_mse",
      "ccp_alpha": 0.006242262265820623,
      "dropout_rate": 0.04994563505003658,
      "validation_fraction": 0.21506796722598273,
      "n_iter_no_change": 5,
      "tol": 0.0003304649886395221,
      "random_state": 777,
      "warm_start": false,
      "verbose": 0
    },
    "seed": 777,
    "cv_n_splits": 5,
    "cv_n_repeats": 10,
    "preprocessing_config": {
      "eps": 1e-06,
      "min_speed": 0.01,
      "max_hours": 9999.0
    }
  },
  "result": {
    "c_index": 0.9377649884067573,
    "mean_brier": 0.06083333390224691,
    "hybrid_score": 0.9387461627904543,
    "std_c_index": 0.002953645922405217,
    "std_mean_brier": 0.005820406773258896,
    "std_hybrid": 0.004325560792297959
  }
}