{
  "trial_id": 191,
  "config": {
    "model_type": "gbsa",
    "model_params": {
      "loss": "coxph",
      "n_estimators": 441,
      "learning_rate": 0.13562277652209614,
      "subsample": 0.5390773041557378,
      "max_depth": 1,
      "max_features": null,
      "max_leaf_nodes": 63,
      "min_samples_split": 17,
      "min_samples_leaf": 9,
      "min_weight_fraction_leaf": 0.0,
      "min_impurity_decrease": 0.028931589635047883,
      "criterion": "friedman_mse",
      "ccp_alpha": 3.232879509482903e-05,
      "dropout_rate": 0.040612344190904266,
      "validation_fraction": 0.25167448298577694,
      "n_iter_no_change": null,
      "tol": 0.0011438158731523795,
      "random_state": 2023,
      "warm_start": false,
      "verbose": 0
    },
    "seed": 2023,
    "cv_n_splits": 5,
    "cv_n_repeats": 10,
    "preprocessing_config": {
      "eps": 1e-06,
      "min_speed": 0.01,
      "max_hours": 9999.0
    }
  },
  "result": {
    "c_index": 0.9168930109307718,
    "mean_brier": 0.0587662937600615,
    "hybrid_score": 0.9339314976471883,
    "std_c_index": 0.0048298876542838525,
    "std_mean_brier": 0.0036640655827221333,
    "std_hybrid": 0.0034385505005892583
  }
}