{
  "trial_id": 210,
  "config": {
    "model_type": "gbsa",
    "model_params": {
      "loss": "coxph",
      "n_estimators": 201,
      "learning_rate": 0.04356513631309581,
      "subsample": 0.8160695439866864,
      "max_depth": 4,
      "max_features": null,
      "max_leaf_nodes": null,
      "min_samples_split": 5,
      "min_samples_leaf": 3,
      "min_weight_fraction_leaf": 0.0,
      "min_impurity_decrease": 0.04551152429746905,
      "criterion": "friedman_mse",
      "ccp_alpha": 0.0003188976289153593,
      "dropout_rate": 0.03903458100762719,
      "validation_fraction": 0.10511363716651798,
      "n_iter_no_change": null,
      "tol": 0.0010194364363548178,
      "random_state": 42,
      "warm_start": false,
      "verbose": 0
    },
    "seed": 42,
    "cv_n_splits": 5,
    "cv_n_repeats": 10,
    "preprocessing_config": {
      "eps": 1e-06,
      "min_speed": 0.01,
      "max_hours": 9999.0
    }
  },
  "result": {
    "c_index": 0.9394915534945346,
    "mean_brier": 0.12612543800411175,
    "hybrid_score": 0.8935596594454822,
    "std_c_index": 0.001988465135019397,
    "std_mean_brier": 0.006797652166302702,
    "std_hybrid": 0.0049888102957085624
  }
}