{
  "trial_id": 257,
  "config": {
    "model_type": "coxnet",
    "model_params": {
      "l1_ratio": 0.9840717980053549,
      "alpha_min_ratio": 0.06345662345605163,
      "n_alphas": 253,
      "max_iter": 15895,
      "tol": 9.528029756911784e-06
    },
    "seed": 42,
    "cv_n_splits": 5,
    "cv_n_repeats": 10,
    "preprocessing_config": {
      "eps": 1e-06,
      "min_speed": 0.01,
      "max_hours": 9999.0
    }
  },
  "result": {
    "c_index": 0.9391768797615103,
    "mean_brier": 0.025221310471387044,
    "hybrid_score": 0.9640981465984823,
    "std_c_index": 0.00256927802995111,
    "std_mean_brier": 0.0012061655606365829,
    "std_hybrid": 0.0013437846934206785
  }
}