{
  "trial_id": 60,
  "config": {
    "model_type": "coxnet",
    "model_params": {
      "l1_ratio": 0.6284486373738744,
      "alpha_min_ratio": 0.011711841606578136,
      "n_alphas": 138,
      "max_iter": 17832,
      "tol": 4.559492381121437e-05
    },
    "seed": 1024,
    "cv_n_splits": 5,
    "cv_n_repeats": 10,
    "preprocessing_config": {
      "eps": 1e-06,
      "min_speed": 0.01,
      "max_hours": 9999.0
    }
  },
  "result": {
    "c_index": 0.9270039748261013,
    "mean_brier": 0.030334642641380295,
    "hybrid_score": 0.9568669425988643,
    "std_c_index": 0.007834459417444246,
    "std_mean_brier": 0.0034415140928971584,
    "std_hybrid": 0.00461182603676361
  }
}