{
  "trial_id": 189,
  "config": {
    "model_type": "coxnet",
    "model_params": {
      "l1_ratio": 0.9439914017303768,
      "alpha_min_ratio": 0.07807749175170726,
      "n_alphas": 240,
      "max_iter": 1400,
      "tol": 7.029488239745467e-06
    },
    "seed": 42,
    "cv_n_splits": 5,
    "cv_n_repeats": 10,
    "preprocessing_config": {
      "eps": 1e-06,
      "min_speed": 0.01,
      "max_hours": 9999.0
    }
  },
  "result": {
    "c_index": 0.9394253063928453,
    "mean_brier": 0.025350900014885148,
    "hybrid_score": 0.9640819619074339,
    "std_c_index": 0.002282958292031998,
    "std_mean_brier": 0.0008186968012661182,
    "std_hybrid": 0.0011018716368407652
  }
}