{
  "trial_id": 166,
  "config": {
    "model_type": "coxnet",
    "model_params": {
      "l1_ratio": 0.6655443347595342,
      "alpha_min_ratio": 0.0610104217631519,
      "n_alphas": 196,
      "max_iter": 15270,
      "tol": 1.8647775729090894e-06
    },
    "seed": 2023,
    "cv_n_splits": 5,
    "cv_n_repeats": 10,
    "preprocessing_config": {
      "eps": 1e-06,
      "min_speed": 0.01,
      "max_hours": 9999.0
    }
  },
  "result": {
    "c_index": 0.9357568731368003,
    "mean_brier": 0.026835867116415012,
    "hybrid_score": 0.9619419549595495,
    "std_c_index": 0.002773986145204149,
    "std_mean_brier": 0.000859627906818378,
    "std_hybrid": 0.0011796825776586944
  }
}