{
  "trial_id": 92,
  "config": {
    "model_type": "coxnet",
    "model_params": {
      "l1_ratio": 0.948873355492995,
      "alpha_min_ratio": 0.08247640151160418,
      "n_alphas": 254,
      "max_iter": 13663,
      "tol": 1.0281106417629182e-05
    },
    "seed": 42,
    "cv_n_splits": 5,
    "cv_n_repeats": 10,
    "preprocessing_config": {
      "eps": 1e-06,
      "min_speed": 0.01,
      "max_hours": 9999.0
    }
  },
  "result": {
    "c_index": 0.9393756210665783,
    "mean_brier": 0.025449525186600274,
    "hybrid_score": 0.9639980186893533,
    "std_c_index": 0.002103231368819558,
    "std_mean_brier": 0.0008038066513861936,
    "std_hybrid": 0.0010512972204757543
  }
}