{
  "trial_id": 101,
  "config": {
    "model_type": "gbsa",
    "model_params": {
      "loss": "coxph",
      "n_estimators": 199,
      "learning_rate": 0.07387228556682245,
      "subsample": 0.5613804642479022,
      "max_depth": 3,
      "max_features": 0.5,
      "max_leaf_nodes": null,
      "min_samples_split": 20,
      "min_samples_leaf": 2,
      "min_weight_fraction_leaf": 0.0,
      "min_impurity_decrease": 0.039524585041933284,
      "criterion": "friedman_mse",
      "ccp_alpha": 0.0034977650143339567,
      "dropout_rate": 0.07853095753703598,
      "validation_fraction": 0.23452060238045358,
      "n_iter_no_change": 20,
      "tol": 0.00013721978867454885,
      "random_state": 777,
      "warm_start": false,
      "verbose": 0
    },
    "seed": 777,
    "cv_n_splits": 5,
    "cv_n_repeats": 10,
    "preprocessing_config": {
      "eps": 1e-06,
      "min_speed": 0.01,
      "max_hours": 9999.0
    }
  },
  "result": {
    "c_index": 0.9347838688307386,
    "mean_brier": 0.1280530363384043,
    "hybrid_score": 0.8907980352123385,
    "std_c_index": 0.003717484551604838,
    "std_mean_brier": 0.009980643658393622,
    "std_hybrid": 0.007275142149320626
  }
}