{
  "trial_id": 80,
  "config": {
    "model_type": "gbsa",
    "model_params": {
      "loss": "coxph",
      "n_estimators": 299,
      "learning_rate": 0.055258771350588945,
      "subsample": 0.8860702781358031,
      "max_depth": 3,
      "max_features": 0.3,
      "max_leaf_nodes": null,
      "min_samples_split": 10,
      "min_samples_leaf": 7,
      "min_weight_fraction_leaf": 0.0,
      "min_impurity_decrease": 0.039295824764593076,
      "criterion": "friedman_mse",
      "ccp_alpha": 0.0009221132408655504,
      "dropout_rate": 0.0006917421666918361,
      "validation_fraction": 0.2480621788098274,
      "n_iter_no_change": 20,
      "tol": 0.0020918316472173324,
      "random_state": 2023,
      "warm_start": false,
      "verbose": 0
    },
    "seed": 2023,
    "cv_n_splits": 5,
    "cv_n_repeats": 10,
    "preprocessing_config": {
      "eps": 1e-06,
      "min_speed": 0.01,
      "max_hours": 9999.0
    }
  },
  "result": {
    "c_index": 0.9352351772109971,
    "mean_brier": 0.053904735530210725,
    "hybrid_score": 0.9428372382921515,
    "std_c_index": 0.00490990305903348,
    "std_mean_brier": 0.007525957154965476,
    "std_hybrid": 0.005787969494478183
  }
}