{
  "trial_id": 181,
  "config": {
    "model_type": "gbsa",
    "model_params": {
      "loss": "coxph",
      "n_estimators": 205,
      "learning_rate": 0.1613422595759248,
      "subsample": 0.6433389070105451,
      "max_depth": 1,
      "max_features": 0.3,
      "max_leaf_nodes": 31,
      "min_samples_split": 10,
      "min_samples_leaf": 4,
      "min_weight_fraction_leaf": 0.0,
      "min_impurity_decrease": 0.026571765154356018,
      "criterion": "friedman_mse",
      "ccp_alpha": 8.811785799190468e-07,
      "dropout_rate": 0.020832480677709993,
      "validation_fraction": 0.10532772358497557,
      "n_iter_no_change": 5,
      "tol": 0.006022920440075292,
      "random_state": 1024,
      "warm_start": false,
      "verbose": 0
    },
    "seed": 1024,
    "cv_n_splits": 5,
    "cv_n_repeats": 10,
    "preprocessing_config": {
      "eps": 1e-06,
      "min_speed": 0.01,
      "max_hours": 9999.0
    }
  },
  "result": {
    "c_index": 0.9136054985094402,
    "mean_brier": 0.05873255963177317,
    "hybrid_score": 0.9329688578105909,
    "std_c_index": 0.008882833791255615,
    "std_mean_brier": 0.005256424791273757,
    "std_hybrid": 0.0050269652504286695
  }
}