{
  "trial_id": 150,
  "config": {
    "model_type": "coxnet",
    "model_params": {
      "l1_ratio": 0.9496583734135744,
      "alpha_min_ratio": 0.021089060121997866,
      "n_alphas": 95,
      "max_iter": 19237,
      "tol": 1.0107161862314911e-06
    },
    "seed": 777,
    "cv_n_splits": 5,
    "cv_n_repeats": 10,
    "preprocessing_config": {
      "eps": 1e-06,
      "min_speed": 0.01,
      "max_hours": 9999.0
    }
  },
  "result": {
    "c_index": 0.9276250414044386,
    "mean_brier": 0.030633405819066394,
    "hybrid_score": 0.9568441283479852,
    "std_c_index": 0.006977010329655096,
    "std_mean_brier": 0.0050866691563087535,
    "std_hybrid": 0.005223109522225446
  }
}