{
  "trial_id": 171,
  "config": {
    "model_type": "coxnet",
    "model_params": {
      "l1_ratio": 0.8177694616549076,
      "alpha_min_ratio": 0.016287841576497108,
      "n_alphas": 197,
      "max_iter": 13585,
      "tol": 7.70917758690811e-06
    },
    "seed": 1024,
    "cv_n_splits": 5,
    "cv_n_repeats": 10,
    "preprocessing_config": {
      "eps": 1e-06,
      "min_speed": 0.01,
      "max_hours": 9999.0
    }
  },
  "result": {
    "c_index": 0.9287843656840014,
    "mean_brier": 0.029304176356176326,
    "hybrid_score": 0.9581223862558769,
    "std_c_index": 0.00692987115982903,
    "std_mean_brier": 0.003321786630780299,
    "std_hybrid": 0.004148222106020168
  }
}