{
  "trial_id": 218,
  "config": {
    "model_type": "coxnet",
    "model_params": {
      "l1_ratio": 0.20913608527590755,
      "alpha_min_ratio": 0.000335626151436937,
      "n_alphas": 299,
      "max_iter": 8741,
      "tol": 2.7494808462254372e-05
    },
    "seed": 777,
    "cv_n_splits": 5,
    "cv_n_repeats": 10,
    "preprocessing_config": {
      "eps": 1e-06,
      "min_speed": 0.01,
      "max_hours": 9999.0
    }
  },
  "result": {
    "c_index": 0.9209340841338192,
    "mean_brier": 0.043183288240412426,
    "hybrid_score": 0.9460519234718572,
    "std_c_index": 0.013571149695681229,
    "std_mean_brier": 0.008558047106198693,
    "std_hybrid": 0.008628307494838923
  }
}