{
  "trial_id": 54,
  "config": {
    "model_type": "coxnet",
    "model_params": {
      "l1_ratio": 0.8051945960136666,
      "alpha_min_ratio": 0.08554861803662482,
      "n_alphas": 238,
      "max_iter": 607,
      "tol": 1.4631164580840803e-05
    },
    "seed": 42,
    "cv_n_splits": 5,
    "cv_n_repeats": 10,
    "preprocessing_config": {
      "eps": 1e-06,
      "min_speed": 0.01,
      "max_hours": 9999.0
    }
  },
  "result": {
    "c_index": 0.9392928121894666,
    "mean_brier": 0.02636028928001103,
    "hybrid_score": 0.9633356411608324,
    "std_c_index": 0.0021696715949899056,
    "std_mean_brier": 0.0008148829091810163,
    "std_hybrid": 0.0010415173909349798
  }
}