{
  "trial_id": 197,
  "config": {
    "model_type": "coxnet",
    "model_params": {
      "l1_ratio": 0.9710683399143313,
      "alpha_min_ratio": 0.0491040314758302,
      "n_alphas": 271,
      "max_iter": 1178,
      "tol": 3.405442617198791e-06
    },
    "seed": 42,
    "cv_n_splits": 5,
    "cv_n_repeats": 10,
    "preprocessing_config": {
      "eps": 1e-06,
      "min_speed": 0.01,
      "max_hours": 9999.0
    }
  },
  "result": {
    "c_index": 0.9377194435243459,
    "mean_brier": 0.025662527729088065,
    "hybrid_score": 0.963352063646942,
    "std_c_index": 0.004612305783283289,
    "std_mean_brier": 0.0024559035942208728,
    "std_hybrid": 0.002990048882029157
  }
}