{
  "trial_id": 113,
  "config": {
    "model_type": "coxnet",
    "model_params": {
      "l1_ratio": 0.9208564706307563,
      "alpha_min_ratio": 0.07091245038023956,
      "n_alphas": 206,
      "max_iter": 10885,
      "tol": 1.7378728730986864e-06
    },
    "seed": 2023,
    "cv_n_splits": 5,
    "cv_n_repeats": 10,
    "preprocessing_config": {
      "eps": 1e-06,
      "min_speed": 0.01,
      "max_hours": 9999.0
    }
  },
  "result": {
    "c_index": 0.9362868499503147,
    "mean_brier": 0.025813395748638408,
    "hybrid_score": 0.9628166779610474,
    "std_c_index": 0.002620269679450529,
    "std_mean_brier": 0.0008331912564221469,
    "std_hybrid": 0.0012324900592757474
  }
}