{
  "trial_id": 153,
  "config": {
    "model_type": "coxnet",
    "model_params": {
      "l1_ratio": 0.8984518760213033,
      "alpha_min_ratio": 0.046621474344202114,
      "n_alphas": 92,
      "max_iter": 16230,
      "tol": 4.3083618172154854e-07
    },
    "seed": 777,
    "cv_n_splits": 5,
    "cv_n_repeats": 10,
    "preprocessing_config": {
      "eps": 1e-06,
      "min_speed": 0.01,
      "max_hours": 9999.0
    }
  },
  "result": {
    "c_index": 0.9352517389864193,
    "mean_brier": 0.02574795564440931,
    "hybrid_score": 0.9625519527448392,
    "std_c_index": 0.0032370645706012624,
    "std_mean_brier": 0.0008549676958492498,
    "std_hybrid": 0.0012726347750341169
  }
}