{
  "trial_id": 237,
  "config": {
    "model_type": "coxnet",
    "model_params": {
      "l1_ratio": 0.8461611131032669,
      "alpha_min_ratio": 0.04327855517687178,
      "n_alphas": 231,
      "max_iter": 13637,
      "tol": 4.44722171210023e-06
    },
    "seed": 2023,
    "cv_n_splits": 5,
    "cv_n_repeats": 10,
    "preprocessing_config": {
      "eps": 1e-06,
      "min_speed": 0.01,
      "max_hours": 9999.0
    }
  },
  "result": {
    "c_index": 0.9348625372639947,
    "mean_brier": 0.026219952663147805,
    "hybrid_score": 0.9621047943149948,
    "std_c_index": 0.0031338975507227873,
    "std_mean_brier": 0.0009935364373559964,
    "std_hybrid": 0.0014179693005679174
  }
}