{
  "trial_id": 22,
  "config": {
    "model_type": "gbsa",
    "model_params": {
      "loss": "coxph",
      "n_estimators": 89,
      "learning_rate": 0.11896923251587094,
      "subsample": 0.6488889940805171,
      "max_depth": 5,
      "max_features": 0.3,
      "max_leaf_nodes": 16,
      "min_samples_split": 12,
      "min_samples_leaf": 18,
      "min_weight_fraction_leaf": 0.0,
      "min_impurity_decrease": 0.04760698390167428,
      "criterion": "friedman_mse",
      "ccp_alpha": 1.4989448406798976e-05,
      "dropout_rate": 0.16898620619710208,
      "validation_fraction": 0.23115377590212083,
      "n_iter_no_change": 10,
      "tol": 1.8919205545843925e-05,
      "random_state": 777,
      "warm_start": false,
      "verbose": 0
    },
    "seed": 777,
    "cv_n_splits": 5,
    "cv_n_repeats": 10,
    "preprocessing_config": {
      "eps": 1e-06,
      "min_speed": 0.01,
      "max_hours": 9999.0
    }
  },
  "result": {
    "c_index": 0.9061112951308379,
    "mean_brier": 0.15209160797517396,
    "hybrid_score": 0.8653692629566297,
    "std_c_index": 0.005433808473285261,
    "std_mean_brier": 0.011275766779887836,
    "std_hybrid": 0.007593257945628716
  }
}