{
  "trial_id": 136,
  "config": {
    "model_type": "coxnet",
    "model_params": {
      "l1_ratio": 0.8796305857878025,
      "alpha_min_ratio": 0.08790494269434587,
      "n_alphas": 254,
      "max_iter": 19195,
      "tol": 3.1522880986113895e-05
    },
    "seed": 42,
    "cv_n_splits": 5,
    "cv_n_repeats": 10,
    "preprocessing_config": {
      "eps": 1e-06,
      "min_speed": 0.01,
      "max_hours": 9999.0
    }
  },
  "result": {
    "c_index": 0.9398724743292479,
    "mean_brier": 0.02588431200337049,
    "hybrid_score": 0.9638427238964151,
    "std_c_index": 0.0021630243011964423,
    "std_mean_brier": 0.0007832888726394934,
    "std_hybrid": 0.0010694665881379236
  }
}