{
  "trial_id": 204,
  "config": {
    "model_type": "coxnet",
    "model_params": {
      "l1_ratio": 0.8884349559859752,
      "alpha_min_ratio": 0.0990708306868589,
      "n_alphas": 201,
      "max_iter": 11517,
      "tol": 6.619955952252106e-05
    },
    "seed": 1024,
    "cv_n_splits": 5,
    "cv_n_repeats": 10,
    "preprocessing_config": {
      "eps": 1e-06,
      "min_speed": 0.01,
      "max_hours": 9999.0
    }
  },
  "result": {
    "c_index": 0.9372474329248096,
    "mean_brier": 0.026518193708538577,
    "hybrid_score": 0.9626114942814658,
    "std_c_index": 0.0035801410307089126,
    "std_mean_brier": 0.0007575582938148101,
    "std_hybrid": 0.0015365995169394618
  }
}