{
  "trial_id": 230,
  "config": {
    "model_type": "coxnet",
    "model_params": {
      "l1_ratio": 0.9941934299483616,
      "alpha_min_ratio": 0.06120688331127816,
      "n_alphas": 93,
      "max_iter": 13295,
      "tol": 3.535839418695653e-07
    },
    "seed": 1024,
    "cv_n_splits": 5,
    "cv_n_repeats": 10,
    "preprocessing_config": {
      "eps": 1e-06,
      "min_speed": 0.01,
      "max_hours": 9999.0
    }
  },
  "result": {
    "c_index": 0.9356243789334215,
    "mean_brier": 0.025637770579768904,
    "hybrid_score": 0.9627408742741881,
    "std_c_index": 0.003496496359139307,
    "std_mean_brier": 0.0008509522707544574,
    "std_hybrid": 0.0015184340912985815
  }
}