{
  "trial_id": 258,
  "config": {
    "model_type": "coxnet",
    "model_params": {
      "l1_ratio": 0.10800258117520384,
      "alpha_min_ratio": 0.010402711673421184,
      "n_alphas": 291,
      "max_iter": 17850,
      "tol": 4.295927951582137e-06
    },
    "seed": 1024,
    "cv_n_splits": 5,
    "cv_n_repeats": 10,
    "preprocessing_config": {
      "eps": 1e-06,
      "min_speed": 0.01,
      "max_hours": 9999.0
    }
  },
  "result": {
    "c_index": 0.9324527989400464,
    "mean_brier": 0.030296955248729922,
    "hybrid_score": 0.9585279710079029,
    "std_c_index": 0.003728064476577851,
    "std_mean_brier": 0.0023739708108692606,
    "std_hybrid": 0.0025135827885274364
  }
}