{
  "trial_id": 195,
  "config": {
    "model_type": "gbsa",
    "model_params": {
      "loss": "coxph",
      "n_estimators": 368,
      "learning_rate": 0.08252724793632255,
      "subsample": 0.9020555228555507,
      "max_depth": 5,
      "max_features": 0.5,
      "max_leaf_nodes": 8,
      "min_samples_split": 2,
      "min_samples_leaf": 13,
      "min_weight_fraction_leaf": 0.0,
      "min_impurity_decrease": 0.032711441488270744,
      "criterion": "friedman_mse",
      "ccp_alpha": 0.00014485942342133616,
      "dropout_rate": 0.1069716458564756,
      "validation_fraction": 0.2599092343132915,
      "n_iter_no_change": null,
      "tol": 0.001143251034957077,
      "random_state": 777,
      "warm_start": false,
      "verbose": 0
    },
    "seed": 777,
    "cv_n_splits": 5,
    "cv_n_repeats": 10,
    "preprocessing_config": {
      "eps": 1e-06,
      "min_speed": 0.01,
      "max_hours": 9999.0
    }
  },
  "result": {
    "c_index": 0.9408993044054323,
    "mean_brier": 0.14139263224986792,
    "hybrid_score": 0.8832949487467221,
    "std_c_index": 0.0030890708121374243,
    "std_mean_brier": 0.009328733816460322,
    "std_hybrid": 0.006358820165906038
  }
}