{
  "trial_id": 88,
  "config": {
    "model_type": "coxnet",
    "model_params": {
      "l1_ratio": 0.9682220511686943,
      "alpha_min_ratio": 0.010570562941090643,
      "n_alphas": 107,
      "max_iter": 18656,
      "tol": 3.26889909208334e-05
    },
    "seed": 777,
    "cv_n_splits": 5,
    "cv_n_repeats": 10,
    "preprocessing_config": {
      "eps": 1e-06,
      "min_speed": 0.01,
      "max_hours": 9999.0
    }
  },
  "result": {
    "c_index": 0.9201805233521034,
    "mean_brier": 0.033998865038394915,
    "hybrid_score": 0.9522549514787546,
    "std_c_index": 0.01659785941571554,
    "std_mean_brier": 0.005511463266768799,
    "std_hybrid": 0.008493520338561366
  }
}