{
  "trial_id": 249,
  "config": {
    "model_type": "gbsa",
    "model_params": {
      "loss": "coxph",
      "n_estimators": 336,
      "learning_rate": 0.11784345437742012,
      "subsample": 0.7811545902785306,
      "max_depth": 4,
      "max_features": "sqrt",
      "max_leaf_nodes": 16,
      "min_samples_split": 14,
      "min_samples_leaf": 2,
      "min_weight_fraction_leaf": 0.0,
      "min_impurity_decrease": 0.026737130654436173,
      "criterion": "friedman_mse",
      "ccp_alpha": 0.006589302892217069,
      "dropout_rate": 0.07521701076693063,
      "validation_fraction": 0.25237129852866774,
      "n_iter_no_change": null,
      "tol": 2.022562376644605e-05,
      "random_state": 777,
      "warm_start": false,
      "verbose": 0
    },
    "seed": 777,
    "cv_n_splits": 5,
    "cv_n_repeats": 10,
    "preprocessing_config": {
      "eps": 1e-06,
      "min_speed": 0.01,
      "max_hours": 9999.0
    }
  },
  "result": {
    "c_index": 0.9381955945677378,
    "mean_brier": 0.09360365911888066,
    "hybrid_score": 0.9159361169871048,
    "std_c_index": 0.0031967900193415368,
    "std_mean_brier": 0.005726633916539158,
    "std_hybrid": 0.004107870947211512
  }
}