{
  "trial_id": 195,
  "config": {
    "model_type": "coxnet",
    "model_params": {
      "l1_ratio": 0.983437118397795,
      "alpha_min_ratio": 0.03683794337216312,
      "n_alphas": 260,
      "max_iter": 1009,
      "tol": 3.835899925705586e-06
    },
    "seed": 42,
    "cv_n_splits": 5,
    "cv_n_repeats": 10,
    "preprocessing_config": {
      "eps": 1e-06,
      "min_speed": 0.01,
      "max_hours": 9999.0
    }
  },
  "result": {
    "c_index": 0.9363448161642927,
    "mean_brier": 0.02580642119903286,
    "hybrid_score": 0.9628389500099648,
    "std_c_index": 0.005224190165421349,
    "std_mean_brier": 0.0028215539012923256,
    "std_hybrid": 0.003393230193369591
  }
}