{
  "trial_id": 137,
  "config": {
    "model_type": "coxnet",
    "model_params": {
      "l1_ratio": 0.9844480856495733,
      "alpha_min_ratio": 0.09624611534988077,
      "n_alphas": 286,
      "max_iter": 14643,
      "tol": 3.9453170686471437e-05
    },
    "seed": 1024,
    "cv_n_splits": 5,
    "cv_n_repeats": 10,
    "preprocessing_config": {
      "eps": 1e-06,
      "min_speed": 0.01,
      "max_hours": 9999.0
    }
  },
  "result": {
    "c_index": 0.9361170917522358,
    "mean_brier": 0.026051056971538433,
    "hybrid_score": 0.9625993876455938,
    "std_c_index": 0.0037380870961360164,
    "std_mean_brier": 0.0007402401711093252,
    "std_hybrid": 0.0015537471940336072
  }
}