{
  "trial_id": 130,
  "config": {
    "model_type": "gbsa",
    "model_params": {
      "loss": "coxph",
      "n_estimators": 430,
      "learning_rate": 0.05599566042408348,
      "subsample": 0.9023127802367112,
      "max_depth": 2,
      "max_features": "log2",
      "max_leaf_nodes": 63,
      "min_samples_split": 14,
      "min_samples_leaf": 5,
      "min_weight_fraction_leaf": 0.0,
      "min_impurity_decrease": 0.03500704888681545,
      "criterion": "friedman_mse",
      "ccp_alpha": 0.0012977962437254935,
      "dropout_rate": 0.036141852358179016,
      "validation_fraction": 0.2116569320401739,
      "n_iter_no_change": null,
      "tol": 0.00038596821185654797,
      "random_state": 1024,
      "warm_start": false,
      "verbose": 0
    },
    "seed": 1024,
    "cv_n_splits": 5,
    "cv_n_repeats": 10,
    "preprocessing_config": {
      "eps": 1e-06,
      "min_speed": 0.01,
      "max_hours": 9999.0
    }
  },
  "result": {
    "c_index": 0.9417025505134149,
    "mean_brier": 0.09700190281285538,
    "hybrid_score": 0.9146094331850257,
    "std_c_index": 0.0016138173337772541,
    "std_mean_brier": 0.006485763191029849,
    "std_hybrid": 0.004702243858635533
  }
}