{
  "trial_id": 32,
  "config": {
    "model_type": "coxnet",
    "model_params": {
      "l1_ratio": 0.9099398427039013,
      "alpha_min_ratio": 0.04742545196620715,
      "n_alphas": 70,
      "max_iter": 15425,
      "tol": 2.6129874496178165e-07
    },
    "seed": 1024,
    "cv_n_splits": 5,
    "cv_n_repeats": 10,
    "preprocessing_config": {
      "eps": 1e-06,
      "min_speed": 0.01,
      "max_hours": 9999.0
    }
  },
  "result": {
    "c_index": 0.9358562437893342,
    "mean_brier": 0.02584502954225662,
    "hybrid_score": 0.9626653524572205,
    "std_c_index": 0.003129737381944053,
    "std_mean_brier": 0.001044111088242057,
    "std_hybrid": 0.0013876337622312368
  }
}