{
  "trial_id": 186,
  "config": {
    "model_type": "coxnet",
    "model_params": {
      "l1_ratio": 0.9920624723137685,
      "alpha_min_ratio": 0.045554214273830246,
      "n_alphas": 245,
      "max_iter": 12305,
      "tol": 3.520372986076431e-06
    },
    "seed": 2023,
    "cv_n_splits": 5,
    "cv_n_repeats": 10,
    "preprocessing_config": {
      "eps": 1e-06,
      "min_speed": 0.01,
      "max_hours": 9999.0
    }
  },
  "result": {
    "c_index": 0.9345395826432593,
    "mean_brier": 0.025757783697472253,
    "hybrid_score": 0.9623314262047471,
    "std_c_index": 0.0032315096671940444,
    "std_mean_brier": 0.0009978260478108692,
    "std_hybrid": 0.0014427659177097347
  }
}