{
  "trial_id": 116,
  "config": {
    "model_type": "coxnet",
    "model_params": {
      "l1_ratio": 0.9872112350229377,
      "alpha_min_ratio": 0.0886853457231292,
      "n_alphas": 221,
      "max_iter": 772,
      "tol": 1.5045683976434477e-06
    },
    "seed": 42,
    "cv_n_splits": 5,
    "cv_n_repeats": 10,
    "preprocessing_config": {
      "eps": 1e-06,
      "min_speed": 0.01,
      "max_hours": 9999.0
    }
  },
  "result": {
    "c_index": 0.9391851606492215,
    "mean_brier": 0.025569825395349504,
    "hybrid_score": 0.9638566704180217,
    "std_c_index": 0.002366132346531582,
    "std_mean_brier": 0.00077977445196533,
    "std_hybrid": 0.001092680863357984
  }
}