{
  "trial_id": 172,
  "config": {
    "seed": 42,
    "cv_n_splits": 5,
    "cv_n_repeats": 10,
    "gbsa_config": {
      "loss": "coxph",
      "n_estimators": 471,
      "learning_rate": 0.14695542507370976,
      "subsample": 0.5574388921219384,
      "max_depth": 6,
      "max_features": "sqrt",
      "max_leaf_nodes": 31,
      "min_samples_split": 3,
      "min_samples_leaf": 5,
      "min_weight_fraction_leaf": 0.0,
      "min_impurity_decrease": 0.03106476105072181,
      "criterion": "friedman_mse",
      "ccp_alpha": 5.389468217903504e-05,
      "dropout_rate": 0.03616350660944069,
      "validation_fraction": 0.12568054667943854,
      "n_iter_no_change": null,
      "tol": 0.0014577356831778083,
      "random_state": 42,
      "warm_start": false,
      "verbose": 0
    },
    "preprocessing_config": {
      "eps": 1e-06,
      "min_speed": 0.01,
      "max_hours": 9999.0
    }
  },
  "result": {
    "c_index": 0.9413547532295462,
    "mean_brier": 0.05028244379220864,
    "hybrid_score": 0.9472087153143178,
    "std_c_index": 0.00201713994007354,
    "std_mean_brier": 0.002773503951653364,
    "std_hybrid": 0.0020324462738816004
  }
}