{
  "trial_id": 207,
  "config": {
    "model_type": "coxnet",
    "model_params": {
      "l1_ratio": 0.94288085693512,
      "alpha_min_ratio": 0.04760750908698269,
      "n_alphas": 261,
      "max_iter": 1691,
      "tol": 1.998242673651799e-05
    },
    "seed": 42,
    "cv_n_splits": 5,
    "cv_n_repeats": 10,
    "preprocessing_config": {
      "eps": 1e-06,
      "min_speed": 0.01,
      "max_hours": 9999.0
    }
  },
  "result": {
    "c_index": 0.9377028817489235,
    "mean_brier": 0.02576314542622804,
    "hybrid_score": 0.9632766627263173,
    "std_c_index": 0.004303361512364148,
    "std_mean_brier": 0.002406993399119792,
    "std_hybrid": 0.0028567477365872623
  }
}