{
  "trial_id": 77,
  "config": {
    "model_type": "gbsa",
    "model_params": {
      "loss": "coxph",
      "n_estimators": 442,
      "learning_rate": 0.10031930982302657,
      "subsample": 0.6387390749497787,
      "max_depth": 4,
      "max_features": null,
      "max_leaf_nodes": 31,
      "min_samples_split": 3,
      "min_samples_leaf": 7,
      "min_weight_fraction_leaf": 0.0,
      "min_impurity_decrease": 0.023170117199093856,
      "criterion": "friedman_mse",
      "ccp_alpha": 0.0664483117545007,
      "dropout_rate": 0.027419903268771226,
      "validation_fraction": 0.20526867219511152,
      "n_iter_no_change": 20,
      "tol": 1.4475901997110424e-05,
      "random_state": 42,
      "warm_start": false,
      "verbose": 0
    },
    "seed": 42,
    "cv_n_splits": 5,
    "cv_n_repeats": 10,
    "preprocessing_config": {
      "eps": 1e-06,
      "min_speed": 0.01,
      "max_hours": 9999.0
    }
  },
  "result": {
    "c_index": 0.9051879761510433,
    "mean_brier": 0.06027858731823473,
    "hybrid_score": 0.9293613817225485,
    "std_c_index": 0.006206674493139934,
    "std_mean_brier": 0.002483929165944801,
    "std_hybrid": 0.002131658542315306
  }
}