{
  "trial_id": 266,
  "config": {
    "model_type": "coxnet",
    "model_params": {
      "l1_ratio": 0.9395365423661994,
      "alpha_min_ratio": 0.033608655121280216,
      "n_alphas": 179,
      "max_iter": 1798,
      "tol": 6.43128086556756e-05
    },
    "seed": 42,
    "cv_n_splits": 5,
    "cv_n_repeats": 10,
    "preprocessing_config": {
      "eps": 1e-06,
      "min_speed": 0.01,
      "max_hours": 9999.0
    }
  },
  "result": {
    "c_index": 0.9355167273931766,
    "mean_brier": 0.026173838401193066,
    "hybrid_score": 0.9623333313371176,
    "std_c_index": 0.005283576261035468,
    "std_mean_brier": 0.002963125859043887,
    "std_hybrid": 0.0035990046055783802
  }
}