{
  "trial_id": 6,
  "config": {
    "model_type": "coxnet",
    "model_params": {
      "l1_ratio": 0.22537162067885674,
      "alpha_min_ratio": 0.0035528053979601852,
      "n_alphas": 180,
      "max_iter": 12407,
      "tol": 1.3504606405290654e-06
    },
    "seed": 777,
    "cv_n_splits": 5,
    "cv_n_repeats": 10,
    "preprocessing_config": {
      "eps": 1e-06,
      "min_speed": 0.01,
      "max_hours": 9999.0
    }
  },
  "result": {
    "c_index": 0.9238572374958596,
    "mean_brier": 0.03682097603634761,
    "hybrid_score": 0.9513824880233145,
    "std_c_index": 0.013209209954530537,
    "std_mean_brier": 0.00530142259007656,
    "std_hybrid": 0.006927858779132305
  }
}