{
  "trial_id": 87,
  "config": {
    "model_type": "coxnet",
    "model_params": {
      "l1_ratio": 0.9971594350877555,
      "alpha_min_ratio": 0.0819736718724148,
      "n_alphas": 110,
      "max_iter": 1652,
      "tol": 3.1839939392008553e-07
    },
    "seed": 42,
    "cv_n_splits": 5,
    "cv_n_repeats": 10,
    "preprocessing_config": {
      "eps": 1e-06,
      "min_speed": 0.01,
      "max_hours": 9999.0
    }
  },
  "result": {
    "c_index": 0.9391768797615103,
    "mean_brier": 0.025272331185194,
    "hybrid_score": 0.9640624320988174,
    "std_c_index": 0.0024613188808062015,
    "std_mean_brier": 0.000828839188064483,
    "std_hybrid": 0.0011506272099524126
  }
}