{
  "trial_id": 120,
  "config": {
    "model_type": "coxnet",
    "model_params": {
      "l1_ratio": 0.9635070730726792,
      "alpha_min_ratio": 0.0826295740768534,
      "n_alphas": 284,
      "max_iter": 9158,
      "tol": 1.554529502806975e-07
    },
    "seed": 2023,
    "cv_n_splits": 5,
    "cv_n_repeats": 10,
    "preprocessing_config": {
      "eps": 1e-06,
      "min_speed": 0.01,
      "max_hours": 9999.0
    }
  },
  "result": {
    "c_index": 0.9361460748592249,
    "mean_brier": 0.025839362481376842,
    "hybrid_score": 0.9627562687208036,
    "std_c_index": 0.0027182132164981073,
    "std_mean_brier": 0.0007757801311646023,
    "std_hybrid": 0.001202688121528278
  }
}