{
  "trial_id": 247,
  "config": {
    "model_type": "coxnet",
    "model_params": {
      "l1_ratio": 0.9755833612510387,
      "alpha_min_ratio": 0.042901353577619546,
      "n_alphas": 292,
      "max_iter": 14480,
      "tol": 9.05857167976088e-05
    },
    "seed": 1024,
    "cv_n_splits": 5,
    "cv_n_repeats": 10,
    "preprocessing_config": {
      "eps": 1e-06,
      "min_speed": 0.01,
      "max_hours": 9999.0
    }
  },
  "result": {
    "c_index": 0.9353262669758198,
    "mean_brier": 0.025925912603637063,
    "hybrid_score": 0.9624497412702,
    "std_c_index": 0.0031388824751194906,
    "std_mean_brier": 0.0011035207485344813,
    "std_hybrid": 0.001372491574352869
  }
}