{
  "trial_id": 115,
  "config": {
    "model_type": "gbsa",
    "model_params": {
      "loss": "coxph",
      "n_estimators": 216,
      "learning_rate": 0.1202488037328526,
      "subsample": 0.7659983495163927,
      "max_depth": 2,
      "max_features": 0.5,
      "max_leaf_nodes": 31,
      "min_samples_split": 20,
      "min_samples_leaf": 5,
      "min_weight_fraction_leaf": 0.0,
      "min_impurity_decrease": 0.04693326004756891,
      "criterion": "friedman_mse",
      "ccp_alpha": 2.6050795605840452e-05,
      "dropout_rate": 0.0359103441888126,
      "validation_fraction": 0.14494677853633972,
      "n_iter_no_change": null,
      "tol": 1.521164127751795e-05,
      "random_state": 777,
      "warm_start": false,
      "verbose": 0
    },
    "seed": 777,
    "cv_n_splits": 5,
    "cv_n_repeats": 10,
    "preprocessing_config": {
      "eps": 1e-06,
      "min_speed": 0.01,
      "max_hours": 9999.0
    }
  },
  "result": {
    "c_index": 0.9396406094733354,
    "mean_brier": 0.0529602602657183,
    "hybrid_score": 0.9448200006559977,
    "std_c_index": 0.0022130120471125178,
    "std_mean_brier": 0.003663584215571231,
    "std_hybrid": 0.002701414696359846
  }
}