{
  "trial_id": 193,
  "config": {
    "model_type": "coxnet",
    "model_params": {
      "l1_ratio": 0.9999229279123972,
      "alpha_min_ratio": 0.09377482513187647,
      "n_alphas": 259,
      "max_iter": 19156,
      "tol": 1.056147974573409e-05
    },
    "seed": 42,
    "cv_n_splits": 5,
    "cv_n_repeats": 10,
    "preprocessing_config": {
      "eps": 1e-06,
      "min_speed": 0.01,
      "max_hours": 9999.0
    }
  },
  "result": {
    "c_index": 0.9391437562106659,
    "mean_brier": 0.025614179325848314,
    "hybrid_score": 0.963813201335106,
    "std_c_index": 0.002371704645460249,
    "std_mean_brier": 0.0007849690711923408,
    "std_hybrid": 0.001089280075317324
  }
}