{
  "trial_id": 145,
  "config": {
    "model_type": "gbsa",
    "model_params": {
      "loss": "coxph",
      "n_estimators": 393,
      "learning_rate": 0.08074758092353691,
      "subsample": 0.5117142603023092,
      "max_depth": 5,
      "max_features": "log2",
      "max_leaf_nodes": 31,
      "min_samples_split": 5,
      "min_samples_leaf": 10,
      "min_weight_fraction_leaf": 0.0,
      "min_impurity_decrease": 0.03307792298891653,
      "criterion": "friedman_mse",
      "ccp_alpha": 0.031801345688085216,
      "dropout_rate": 0.09100609191904353,
      "validation_fraction": 0.28567628409080686,
      "n_iter_no_change": null,
      "tol": 0.0001391110818216775,
      "random_state": 2023,
      "warm_start": false,
      "verbose": 0
    },
    "seed": 2023,
    "cv_n_splits": 5,
    "cv_n_repeats": 10,
    "preprocessing_config": {
      "eps": 1e-06,
      "min_speed": 0.01,
      "max_hours": 9999.0
    }
  },
  "result": {
    "c_index": 0.9269253063928453,
    "mean_brier": 0.1426804715189462,
    "hybrid_score": 0.8782012618545914,
    "std_c_index": 0.003524510120177647,
    "std_mean_brier": 0.006236034106158524,
    "std_hybrid": 0.004911506046775953
  }
}