{
  "trial_id": 202,
  "config": {
    "model_type": "coxnet",
    "model_params": {
      "l1_ratio": 0.9945665515134682,
      "alpha_min_ratio": 0.03965564194322425,
      "n_alphas": 257,
      "max_iter": 14494,
      "tol": 1.4876523909839134e-05
    },
    "seed": 42,
    "cv_n_splits": 5,
    "cv_n_repeats": 10,
    "preprocessing_config": {
      "eps": 1e-06,
      "min_speed": 0.01,
      "max_hours": 9999.0
    }
  },
  "result": {
    "c_index": 0.9368002649884069,
    "mean_brier": 0.025812797802042577,
    "hybrid_score": 0.9629711210350921,
    "std_c_index": 0.0048747357084111395,
    "std_mean_brier": 0.002848191218191319,
    "std_hybrid": 0.003317876695394574
  }
}