{
  "trial_id": 119,
  "config": {
    "model_type": "coxnet",
    "model_params": {
      "l1_ratio": 0.9580195141944438,
      "alpha_min_ratio": 0.07111021160167386,
      "n_alphas": 267,
      "max_iter": 19983,
      "tol": 1.0740591008720593e-05
    },
    "seed": 42,
    "cv_n_splits": 5,
    "cv_n_repeats": 10,
    "preprocessing_config": {
      "eps": 1e-06,
      "min_speed": 0.01,
      "max_hours": 9999.0
    }
  },
  "result": {
    "c_index": 0.9396488903610466,
    "mean_brier": 0.025153879289653607,
    "hybrid_score": 0.9642869516055563,
    "std_c_index": 0.002399972128072567,
    "std_mean_brier": 0.0008548387622937134,
    "std_hybrid": 0.001160512599750709
  }
}