{
  "trial_id": 32,
  "config": {
    "model_type": "coxnet",
    "model_params": {
      "l1_ratio": 0.9342944514109323,
      "alpha_min_ratio": 0.032381560844121436,
      "n_alphas": 80,
      "max_iter": 909,
      "tol": 8.358996069666371e-08
    },
    "seed": 42,
    "cv_n_splits": 5,
    "cv_n_repeats": 10,
    "preprocessing_config": {
      "eps": 1e-06,
      "min_speed": 0.01,
      "max_hours": 9999.0
    }
  },
  "result": {
    "c_index": 0.9351109638953297,
    "mean_brier": 0.026532426287951678,
    "hybrid_score": 0.9619605907670327,
    "std_c_index": 0.005998267172655626,
    "std_mean_brier": 0.0029624398097900253,
    "std_hybrid": 0.0038441728338432426
  }
}