{
  "trial_id": 164,
  "config": {
    "model_type": "coxnet",
    "model_params": {
      "l1_ratio": 0.9798106428457766,
      "alpha_min_ratio": 0.06333722269852662,
      "n_alphas": 235,
      "max_iter": 15666,
      "tol": 3.820522824917886e-05
    },
    "seed": 42,
    "cv_n_splits": 5,
    "cv_n_repeats": 10,
    "preprocessing_config": {
      "eps": 1e-06,
      "min_speed": 0.01,
      "max_hours": 9999.0
    }
  },
  "result": {
    "c_index": 0.9392431268631999,
    "mean_brier": 0.025148222899506655,
    "hybrid_score": 0.9641691820293051,
    "std_c_index": 0.0024011861504544796,
    "std_mean_brier": 0.0010259932404507914,
    "std_hybrid": 0.0012458734855631702
  }
}