{
  "trial_id": 37,
  "config": {
    "model_type": "coxnet",
    "model_params": {
      "l1_ratio": 0.7016858241057179,
      "alpha_min_ratio": 0.0985410190942581,
      "n_alphas": 255,
      "max_iter": 6106,
      "tol": 1.454744770123299e-06
    },
    "seed": 42,
    "cv_n_splits": 5,
    "cv_n_repeats": 10,
    "preprocessing_config": {
      "eps": 1e-06,
      "min_speed": 0.01,
      "max_hours": 9999.0
    }
  },
  "result": {
    "c_index": 0.9389615766810202,
    "mean_brier": 0.027555866165503207,
    "hybrid_score": 0.9623993666884537,
    "std_c_index": 0.0022929088735514215,
    "std_mean_brier": 0.0007800159181635893,
    "std_hybrid": 0.0010536213334883596
  }
}