{
  "trial_id": 73,
  "config": {
    "model_type": "coxnet",
    "model_params": {
      "l1_ratio": 0.9750225820534899,
      "alpha_min_ratio": 0.026998461756645917,
      "n_alphas": 221,
      "max_iter": 18889,
      "tol": 5.191693595727874e-05
    },
    "seed": 42,
    "cv_n_splits": 5,
    "cv_n_repeats": 10,
    "preprocessing_config": {
      "eps": 1e-06,
      "min_speed": 0.01,
      "max_hours": 9999.0
    }
  },
  "result": {
    "c_index": 0.932784034448493,
    "mean_brier": 0.026493681165768855,
    "hybrid_score": 0.9612896335185097,
    "std_c_index": 0.008086323950616607,
    "std_mean_brier": 0.0030116341527583394,
    "std_hybrid": 0.004483017576363655
  }
}