{
  "trial_id": 0,
  "config": {
    "model_type": "coxnet",
    "model_params": {
      "l1_ratio": 0.3745401188473625,
      "alpha_min_ratio": 0.07114476009343425,
      "n_alphas": 233,
      "max_iter": 1238,
      "tol": 4.207988669606625e-08
    },
    "seed": 42,
    "cv_n_splits": 5,
    "cv_n_repeats": 10,
    "preprocessing_config": {
      "eps": 1e-06,
      "min_speed": 0.01,
      "max_hours": 9999.0
    }
  },
  "result": {
    "c_index": 0.9381500496853261,
    "mean_brier": 0.029334755034797454,
    "hybrid_score": 0.9609106863812397,
    "std_c_index": 0.002134943903081516,
    "std_mean_brier": 0.0007572473629255424,
    "std_hybrid": 0.001056509274253404
  }
}