{
  "trial_id": 195,
  "config": {
    "model_type": "coxnet",
    "model_params": {
      "l1_ratio": 0.7127878842175346,
      "alpha_min_ratio": 0.09504494361156075,
      "n_alphas": 251,
      "max_iter": 15735,
      "tol": 2.4844533985312724e-06
    },
    "seed": 42,
    "cv_n_splits": 5,
    "cv_n_repeats": 10,
    "preprocessing_config": {
      "eps": 1e-06,
      "min_speed": 0.01,
      "max_hours": 9999.0
    }
  },
  "result": {
    "c_index": 0.9388539251407751,
    "mean_brier": 0.027326695991973727,
    "hybrid_score": 0.9625274903478509,
    "std_c_index": 0.0023556760491158283,
    "std_mean_brier": 0.0007835111557548352,
    "std_hybrid": 0.0010717321928499475
  }
}