{
  "trial_id": 106,
  "config": {
    "model_type": "coxnet",
    "model_params": {
      "l1_ratio": 0.9869791392808154,
      "alpha_min_ratio": 0.0811482765397864,
      "n_alphas": 212,
      "max_iter": 19164,
      "tol": 2.1403036618398748e-05
    },
    "seed": 42,
    "cv_n_splits": 5,
    "cv_n_repeats": 10,
    "preprocessing_config": {
      "eps": 1e-06,
      "min_speed": 0.01,
      "max_hours": 9999.0
    }
  },
  "result": {
    "c_index": 0.9393507784034447,
    "mean_brier": 0.025348846123139486,
    "hybrid_score": 0.9640610412348358,
    "std_c_index": 0.0022484401969202566,
    "std_mean_brier": 0.0008308621427706253,
    "std_hybrid": 0.001111446403359558
  }
}