{
  "trial_id": 151,
  "config": {
    "model_type": "gbsa",
    "model_params": {
      "loss": "coxph",
      "n_estimators": 214,
      "learning_rate": 0.12655071393551032,
      "subsample": 0.7830311564045314,
      "max_depth": 3,
      "max_features": 0.3,
      "max_leaf_nodes": 16,
      "min_samples_split": 14,
      "min_samples_leaf": 2,
      "min_weight_fraction_leaf": 0.0,
      "min_impurity_decrease": 0.04087547519761301,
      "criterion": "friedman_mse",
      "ccp_alpha": 3.160710189159805e-05,
      "dropout_rate": 0.0052742884900815554,
      "validation_fraction": 0.1304963034078489,
      "n_iter_no_change": null,
      "tol": 0.00043214239253933556,
      "random_state": 1024,
      "warm_start": false,
      "verbose": 0
    },
    "seed": 1024,
    "cv_n_splits": 5,
    "cv_n_repeats": 10,
    "preprocessing_config": {
      "eps": 1e-06,
      "min_speed": 0.01,
      "max_hours": 9999.0
    }
  },
  "result": {
    "c_index": 0.9378477972838688,
    "mean_brier": 0.030426413238939642,
    "hybrid_score": 0.9600558499179028,
    "std_c_index": 0.003471877594808737,
    "std_mean_brier": 0.0024198465769887482,
    "std_hybrid": 0.002221531253065765
  }
}