{
  "trial_id": 285,
  "config": {
    "model_type": "coxnet",
    "model_params": {
      "l1_ratio": 0.8359481983557163,
      "alpha_min_ratio": 0.08598788023559467,
      "n_alphas": 210,
      "max_iter": 11378,
      "tol": 4.3495179386227123e-07
    },
    "seed": 2023,
    "cv_n_splits": 5,
    "cv_n_repeats": 10,
    "preprocessing_config": {
      "eps": 1e-06,
      "min_speed": 0.01,
      "max_hours": 9999.0
    }
  },
  "result": {
    "c_index": 0.9371066578337197,
    "mean_brier": 0.026297834429310503,
    "hybrid_score": 0.9627235132495985,
    "std_c_index": 0.0025580438209909817,
    "std_mean_brier": 0.0007127188964129607,
    "std_hybrid": 0.0011141273095638597
  }
}