{
  "trial_id": 257,
  "config": {
    "model_type": "gbsa",
    "model_params": {
      "loss": "coxph",
      "n_estimators": 213,
      "learning_rate": 0.042348778947013804,
      "subsample": 0.9257251948760783,
      "max_depth": 5,
      "max_features": 0.3,
      "max_leaf_nodes": 16,
      "min_samples_split": 10,
      "min_samples_leaf": 1,
      "min_weight_fraction_leaf": 0.0,
      "min_impurity_decrease": 0.012189954498749028,
      "criterion": "friedman_mse",
      "ccp_alpha": 4.706488840693892e-08,
      "dropout_rate": 0.05224632216756374,
      "validation_fraction": 0.1331181690273382,
      "n_iter_no_change": null,
      "tol": 0.0015171752989885862,
      "random_state": 1024,
      "warm_start": false,
      "verbose": 0
    },
    "seed": 1024,
    "cv_n_splits": 5,
    "cv_n_repeats": 10,
    "preprocessing_config": {
      "eps": 1e-06,
      "min_speed": 0.01,
      "max_hours": 9999.0
    }
  },
  "result": {
    "c_index": 0.9385309705200398,
    "mean_brier": 0.1351030792865276,
    "hybrid_score": 0.8869871356554426,
    "std_c_index": 0.0034359298145199392,
    "std_mean_brier": 0.010606280743822735,
    "std_hybrid": 0.007698331029818538
  }
}