{
  "trial_id": 59,
  "config": {
    "model_type": "coxnet",
    "model_params": {
      "l1_ratio": 0.8812056657625585,
      "alpha_min_ratio": 0.020554933223838612,
      "n_alphas": 182,
      "max_iter": 6313,
      "tol": 3.2556555085281936e-06
    },
    "seed": 777,
    "cv_n_splits": 5,
    "cv_n_repeats": 10,
    "preprocessing_config": {
      "eps": 1e-06,
      "min_speed": 0.01,
      "max_hours": 9999.0
    }
  },
  "result": {
    "c_index": 0.9276912885061279,
    "mean_brier": 0.03062733271425444,
    "hybrid_score": 0.9568682536518601,
    "std_c_index": 0.007930029884679557,
    "std_mean_brier": 0.005030957465696358,
    "std_hybrid": 0.005475463118889773
  }
}