{
  "trial_id": 96,
  "config": {
    "model_type": "coxnet",
    "model_params": {
      "l1_ratio": 0.9828080734631347,
      "alpha_min_ratio": 0.034282443216302014,
      "n_alphas": 90,
      "max_iter": 15494,
      "tol": 2.055188944246845e-06
    },
    "seed": 777,
    "cv_n_splits": 5,
    "cv_n_repeats": 10,
    "preprocessing_config": {
      "eps": 1e-06,
      "min_speed": 0.01,
      "max_hours": 9999.0
    }
  },
  "result": {
    "c_index": 0.931931103014243,
    "mean_brier": 0.02754316703420572,
    "hybrid_score": 0.960299113980329,
    "std_c_index": 0.004279865280031427,
    "std_mean_brier": 0.0027337066746225456,
    "std_hybrid": 0.002704598645198726
  }
}