{
  "trial_id": 98,
  "config": {
    "model_type": "coxnet",
    "model_params": {
      "l1_ratio": 0.061675578295814326,
      "alpha_min_ratio": 0.09824100446437449,
      "n_alphas": 183,
      "max_iter": 9676,
      "tol": 2.2747421477027908e-05
    },
    "seed": 2023,
    "cv_n_splits": 5,
    "cv_n_repeats": 10,
    "preprocessing_config": {
      "eps": 1e-06,
      "min_speed": 0.01,
      "max_hours": 9999.0
    }
  },
  "result": {
    "c_index": 0.9376366346472341,
    "mean_brier": 0.060826523587262024,
    "hybrid_score": 0.9387124238830866,
    "std_c_index": 0.0016178277729544518,
    "std_mean_brier": 0.001926403798660978,
    "std_hybrid": 0.001233861878090018
  }
}