{
  "trial_id": 170,
  "config": {
    "model_type": "coxnet",
    "model_params": {
      "l1_ratio": 0.8761454261953273,
      "alpha_min_ratio": 0.024948538830278557,
      "n_alphas": 274,
      "max_iter": 19482,
      "tol": 1.0256391187852044e-05
    },
    "seed": 1024,
    "cv_n_splits": 5,
    "cv_n_repeats": 10,
    "preprocessing_config": {
      "eps": 1e-06,
      "min_speed": 0.01,
      "max_hours": 9999.0
    }
  },
  "result": {
    "c_index": 0.9317572043723088,
    "mean_brier": 0.027217186555697208,
    "hybrid_score": 0.9604751307227044,
    "std_c_index": 0.004104255566790465,
    "std_mean_brier": 0.001921440174182836,
    "std_hybrid": 0.002385416155613572
  }
}