{
  "trial_id": 149,
  "config": {
    "model_type": "coxnet",
    "model_params": {
      "l1_ratio": 0.9381116302195928,
      "alpha_min_ratio": 0.08506445484125488,
      "n_alphas": 296,
      "max_iter": 18135,
      "tol": 1.0776537040702478e-05
    },
    "seed": 42,
    "cv_n_splits": 5,
    "cv_n_repeats": 10,
    "preprocessing_config": {
      "eps": 1e-06,
      "min_speed": 0.01,
      "max_hours": 9999.0
    }
  },
  "result": {
    "c_index": 0.9394998343822458,
    "mean_brier": 0.025528756703434696,
    "hybrid_score": 0.9639798206222695,
    "std_c_index": 0.0023204814598040318,
    "std_mean_brier": 0.0007902543087045311,
    "std_hybrid": 0.0011105580310570903
  }
}