{
  "trial_id": 176,
  "config": {
    "model_type": "coxnet",
    "model_params": {
      "l1_ratio": 0.6499316527797171,
      "alpha_min_ratio": 0.00013392715719995677,
      "n_alphas": 202,
      "max_iter": 14870,
      "tol": 6.552311571958942e-05
    },
    "seed": 42,
    "cv_n_splits": 5,
    "cv_n_repeats": 10,
    "preprocessing_config": {
      "eps": 1e-06,
      "min_speed": 0.01,
      "max_hours": 9999.0
    }
  },
  "result": {
    "c_index": 0.9263829082477641,
    "mean_brier": 0.03933001183525835,
    "hybrid_score": 0.9503838641896485,
    "std_c_index": 0.013292823905810585,
    "std_mean_brier": 0.006799179149943393,
    "std_hybrid": 0.0074179063399335415
  }
}