{
  "trial_id": 280,
  "config": {
    "model_type": "coxnet",
    "model_params": {
      "l1_ratio": 0.9883628086990214,
      "alpha_min_ratio": 0.051760329829872095,
      "n_alphas": 292,
      "max_iter": 1956,
      "tol": 5.827723135239402e-05
    },
    "seed": 42,
    "cv_n_splits": 5,
    "cv_n_repeats": 10,
    "preprocessing_config": {
      "eps": 1e-06,
      "min_speed": 0.01,
      "max_hours": 9999.0
    }
  },
  "result": {
    "c_index": 0.9376283537595229,
    "mean_brier": 0.025516408959947355,
    "hybrid_score": 0.9634270198558937,
    "std_c_index": 0.00436942199465013,
    "std_mean_brier": 0.002086634385673674,
    "std_hybrid": 0.002672604118451124
  }
}