{
  "trial_id": 282,
  "config": {
    "model_type": "coxnet",
    "model_params": {
      "l1_ratio": 0.24331038522751874,
      "alpha_min_ratio": 0.0002753702887036682,
      "n_alphas": 69,
      "max_iter": 6050,
      "tol": 1.5308291264938026e-07
    },
    "seed": 42,
    "cv_n_splits": 5,
    "cv_n_repeats": 10,
    "preprocessing_config": {
      "eps": 1e-06,
      "min_speed": 0.01,
      "max_hours": 9999.0
    }
  },
  "result": {
    "c_index": 0.9223501159324281,
    "mean_brier": 0.041901832673499576,
    "hybrid_score": 0.9473737519082788,
    "std_c_index": 0.011418383314115781,
    "std_mean_brier": 0.007551020784512871,
    "std_hybrid": 0.007586627147254606
  }
}