{
  "trial_id": 138,
  "config": {
    "model_type": "coxnet",
    "model_params": {
      "l1_ratio": 0.7697358531483913,
      "alpha_min_ratio": 0.08685290215919557,
      "n_alphas": 231,
      "max_iter": 571,
      "tol": 2.9975986017161606e-06
    },
    "seed": 42,
    "cv_n_splits": 5,
    "cv_n_repeats": 10,
    "preprocessing_config": {
      "eps": 1e-06,
      "min_speed": 0.01,
      "max_hours": 9999.0
    }
  },
  "result": {
    "c_index": 0.9392928121894666,
    "mean_brier": 0.026625468376630334,
    "hybrid_score": 0.9631500157931987,
    "std_c_index": 0.0022603789955747224,
    "std_mean_brier": 0.0007891799512794613,
    "std_hybrid": 0.001036118829232391
  }
}