{
  "trial_id": 290,
  "config": {
    "model_type": "coxnet",
    "model_params": {
      "l1_ratio": 0.8274431388127965,
      "alpha_min_ratio": 0.0005817021849888514,
      "n_alphas": 253,
      "max_iter": 2574,
      "tol": 1.254456513476304e-07
    },
    "seed": 1024,
    "cv_n_splits": 5,
    "cv_n_repeats": 10,
    "preprocessing_config": {
      "eps": 1e-06,
      "min_speed": 0.01,
      "max_hours": 9999.0
    }
  },
  "result": {
    "c_index": 0.9207270619410399,
    "mean_brier": 0.04075429180834062,
    "hybrid_score": 0.9476901143164735,
    "std_c_index": 0.013486261455090184,
    "std_mean_brier": 0.004210450513685513,
    "std_hybrid": 0.005786822425922005
  }
}