{
  "trial_id": 25,
  "config": {
    "model_type": "gbsa",
    "model_params": {
      "loss": "coxph",
      "n_estimators": 95,
      "learning_rate": 0.028775882077196405,
      "subsample": 0.5329906441276469,
      "max_depth": 6,
      "max_features": "sqrt",
      "max_leaf_nodes": 63,
      "min_samples_split": 15,
      "min_samples_leaf": 8,
      "min_weight_fraction_leaf": 0.0,
      "min_impurity_decrease": 0.0426798320257645,
      "criterion": "friedman_mse",
      "ccp_alpha": 0.00010409821598508005,
      "dropout_rate": 0.09103296073937811,
      "validation_fraction": 0.14700208729587882,
      "n_iter_no_change": null,
      "tol": 0.0005117305786654648,
      "random_state": 1024,
      "warm_start": false,
      "verbose": 0
    },
    "seed": 1024,
    "cv_n_splits": 5,
    "cv_n_repeats": 10,
    "preprocessing_config": {
      "eps": 1e-06,
      "min_speed": 0.01,
      "max_hours": 9999.0
    }
  },
  "result": {
    "c_index": 0.9377028817489235,
    "mean_brier": 0.18853258564171388,
    "hybrid_score": 0.8493380545754773,
    "std_c_index": 0.0031154301996616685,
    "std_mean_brier": 0.011567967346758927,
    "std_hybrid": 0.008122841391824188
  }
}