{
  "trial_id": 267,
  "config": {
    "model_type": "coxnet",
    "model_params": {
      "l1_ratio": 0.969449203752007,
      "alpha_min_ratio": 0.08298792475356499,
      "n_alphas": 119,
      "max_iter": 14256,
      "tol": 1.1663080596418316e-05
    },
    "seed": 777,
    "cv_n_splits": 5,
    "cv_n_repeats": 10,
    "preprocessing_config": {
      "eps": 1e-06,
      "min_speed": 0.01,
      "max_hours": 9999.0
    }
  },
  "result": {
    "c_index": 0.936303411725737,
    "mean_brier": 0.02570192891650035,
    "hybrid_score": 0.9628996732761707,
    "std_c_index": 0.00311757551371484,
    "std_mean_brier": 0.000520624811147794,
    "std_hybrid": 0.0011819434680349881
  }
}