{
  "trial_id": 254,
  "config": {
    "model_type": "coxnet",
    "model_params": {
      "l1_ratio": 0.8429142422225373,
      "alpha_min_ratio": 0.04039028974564219,
      "n_alphas": 289,
      "max_iter": 1989,
      "tol": 1.30971287085715e-06
    },
    "seed": 42,
    "cv_n_splits": 5,
    "cv_n_repeats": 10,
    "preprocessing_config": {
      "eps": 1e-06,
      "min_speed": 0.01,
      "max_hours": 9999.0
    }
  },
  "result": {
    "c_index": 0.9371397813845646,
    "mean_brier": 0.0260526327707514,
    "hybrid_score": 0.9629050914758432,
    "std_c_index": 0.00488466396172492,
    "std_mean_brier": 0.0026848660096058675,
    "std_hybrid": 0.00321174195224236
  }
}