{
  "trial_id": 245,
  "config": {
    "model_type": "gbsa",
    "model_params": {
      "loss": "coxph",
      "n_estimators": 90,
      "learning_rate": 0.156605783023282,
      "subsample": 0.9471606862085741,
      "max_depth": 3,
      "max_features": "log2",
      "max_leaf_nodes": 16,
      "min_samples_split": 20,
      "min_samples_leaf": 1,
      "min_weight_fraction_leaf": 0.0,
      "min_impurity_decrease": 0.003587175990087476,
      "criterion": "friedman_mse",
      "ccp_alpha": 1.447764476631163e-05,
      "dropout_rate": 0.005747352018055258,
      "validation_fraction": 0.24334855702173452,
      "n_iter_no_change": null,
      "tol": 0.0011307426657967154,
      "random_state": 1024,
      "warm_start": false,
      "verbose": 0
    },
    "seed": 1024,
    "cv_n_splits": 5,
    "cv_n_repeats": 10,
    "preprocessing_config": {
      "eps": 1e-06,
      "min_speed": 0.01,
      "max_hours": 9999.0
    }
  },
  "result": {
    "c_index": 0.9401043391851605,
    "mean_brier": 0.03783585526295501,
    "hybrid_score": 0.9555462030714796,
    "std_c_index": 0.0018565816731795002,
    "std_mean_brier": 0.0029158235657585022,
    "std_hybrid": 0.002270746810031995
  }
}