{
  "trial_id": 57,
  "config": {
    "model_type": "coxnet",
    "model_params": {
      "l1_ratio": 0.24992933724123945,
      "alpha_min_ratio": 0.052082862616647865,
      "n_alphas": 291,
      "max_iter": 10694,
      "tol": 5.00909025646924e-06
    },
    "seed": 2023,
    "cv_n_splits": 5,
    "cv_n_repeats": 10,
    "preprocessing_config": {
      "eps": 1e-06,
      "min_speed": 0.01,
      "max_hours": 9999.0
    }
  },
  "result": {
    "c_index": 0.9364441868168267,
    "mean_brier": 0.029794487075073817,
    "hybrid_score": 0.9600771150924963,
    "std_c_index": 0.002870555123298983,
    "std_mean_brier": 0.0008101098925218631,
    "std_hybrid": 0.0009591274879711835
  }
}