{
  "trial_id": 227,
  "config": {
    "model_type": "coxnet",
    "model_params": {
      "l1_ratio": 0.9305690491256465,
      "alpha_min_ratio": 0.09430354331040665,
      "n_alphas": 246,
      "max_iter": 19566,
      "tol": 1.553195606493967e-05
    },
    "seed": 42,
    "cv_n_splits": 5,
    "cv_n_repeats": 10,
    "preprocessing_config": {
      "eps": 1e-06,
      "min_speed": 0.01,
      "max_hours": 9999.0
    }
  },
  "result": {
    "c_index": 0.9397648227890031,
    "mean_brier": 0.025820580194059705,
    "hybrid_score": 0.963855040700859,
    "std_c_index": 0.0024276421929164396,
    "std_mean_brier": 0.0007607380374789512,
    "std_hybrid": 0.0010842569237000852
  }
}