{
  "trial_id": 20,
  "config": {
    "model_type": "coxnet",
    "model_params": {
      "l1_ratio": 0.9558990201007505,
      "alpha_min_ratio": 0.038924086252704715,
      "n_alphas": 206,
      "max_iter": 946,
      "tol": 4.367945169044864e-08
    },
    "seed": 42,
    "cv_n_splits": 5,
    "cv_n_repeats": 10,
    "preprocessing_config": {
      "eps": 1e-06,
      "min_speed": 0.01,
      "max_hours": 9999.0
    }
  },
  "result": {
    "c_index": 0.9366926134481617,
    "mean_brier": 0.025956685219477322,
    "hybrid_score": 0.9628381043808144,
    "std_c_index": 0.005020738481322256,
    "std_mean_brier": 0.0028593233636942826,
    "std_hybrid": 0.003367332519531688
  }
}