{
  "trial_id": 32,
  "config": {
    "model_type": "gbsa",
    "model_params": {
      "loss": "coxph",
      "n_estimators": 405,
      "learning_rate": 0.070976290238483,
      "subsample": 0.836444176606865,
      "max_depth": 1,
      "max_features": 0.5,
      "max_leaf_nodes": null,
      "min_samples_split": 17,
      "min_samples_leaf": 14,
      "min_weight_fraction_leaf": 0.0,
      "min_impurity_decrease": 0.006766588632205833,
      "criterion": "friedman_mse",
      "ccp_alpha": 0.0012338870460841815,
      "dropout_rate": 0.10367941605450919,
      "validation_fraction": 0.22435134444448784,
      "n_iter_no_change": 20,
      "tol": 0.0008210249962722558,
      "random_state": 2023,
      "warm_start": false,
      "verbose": 0
    },
    "seed": 2023,
    "cv_n_splits": 5,
    "cv_n_repeats": 10,
    "preprocessing_config": {
      "eps": 1e-06,
      "min_speed": 0.01,
      "max_hours": 9999.0
    }
  },
  "result": {
    "c_index": 0.9016354753229547,
    "mean_brier": 0.151764843851807,
    "hybrid_score": 0.8642552519006215,
    "std_c_index": 0.00645062151024611,
    "std_mean_brier": 0.011032780506750899,
    "std_hybrid": 0.008245215045755849
  }
}