{
  "trial_id": 130,
  "config": {
    "model_type": "coxnet",
    "model_params": {
      "l1_ratio": 0.8298232392186088,
      "alpha_min_ratio": 0.0781458026994856,
      "n_alphas": 247,
      "max_iter": 18995,
      "tol": 1.5060982557062627e-05
    },
    "seed": 1024,
    "cv_n_splits": 5,
    "cv_n_repeats": 10,
    "preprocessing_config": {
      "eps": 1e-06,
      "min_speed": 0.01,
      "max_hours": 9999.0
    }
  },
  "result": {
    "c_index": 0.9367257369990062,
    "mean_brier": 0.026344811809153934,
    "hybrid_score": 0.9625763528332941,
    "std_c_index": 0.003688008414680672,
    "std_mean_brier": 0.0008390137280755409,
    "std_hybrid": 0.001609137845012872
  }
}