{
  "trial_id": 117,
  "config": {
    "model_type": "coxnet",
    "model_params": {
      "l1_ratio": 0.9410497272998453,
      "alpha_min_ratio": 0.0003486658825909778,
      "n_alphas": 70,
      "max_iter": 1220,
      "tol": 1.5341295486879613e-08
    },
    "seed": 777,
    "cv_n_splits": 5,
    "cv_n_repeats": 10,
    "preprocessing_config": {
      "eps": 1e-06,
      "min_speed": 0.01,
      "max_hours": 9999.0
    }
  },
  "result": {
    "c_index": 0.9202550513415039,
    "mean_brier": 0.042781378240957055,
    "hybrid_score": 0.9461295506337812,
    "std_c_index": 0.013983376804328138,
    "std_mean_brier": 0.007841735848461531,
    "std_hybrid": 0.00859655414394154
  }
}