{
  "trial_id": 65,
  "config": {
    "model_type": "gbsa",
    "model_params": {
      "loss": "coxph",
      "n_estimators": 344,
      "learning_rate": 0.07966177344752234,
      "subsample": 0.6643555548596112,
      "max_depth": 6,
      "max_features": 0.7,
      "max_leaf_nodes": 31,
      "min_samples_split": 7,
      "min_samples_leaf": 5,
      "min_weight_fraction_leaf": 0.0,
      "min_impurity_decrease": 0.02200211024601073,
      "criterion": "friedman_mse",
      "ccp_alpha": 0.00029962264096275914,
      "dropout_rate": 0.07665292011469269,
      "validation_fraction": 0.15608112504495508,
      "n_iter_no_change": 20,
      "tol": 4.070334874127809e-05,
      "random_state": 42,
      "warm_start": false,
      "verbose": 0
    },
    "seed": 42,
    "cv_n_splits": 5,
    "cv_n_repeats": 10,
    "preprocessing_config": {
      "eps": 1e-06,
      "min_speed": 0.01,
      "max_hours": 9999.0
    }
  },
  "result": {
    "c_index": 0.9432676382908248,
    "mean_brier": 0.12544459697922952,
    "hybrid_score": 0.8951690736017868,
    "std_c_index": 0.0020477247301503698,
    "std_mean_brier": 0.006743167806557416,
    "std_hybrid": 0.004838070064611549
  }
}