{
  "trial_id": 296,
  "config": {
    "model_type": "coxnet",
    "model_params": {
      "l1_ratio": 0.7576068672005296,
      "alpha_min_ratio": 0.0006359806318234711,
      "n_alphas": 281,
      "max_iter": 11436,
      "tol": 2.929959740780073e-07
    },
    "seed": 42,
    "cv_n_splits": 5,
    "cv_n_repeats": 10,
    "preprocessing_config": {
      "eps": 1e-06,
      "min_speed": 0.01,
      "max_hours": 9999.0
    }
  },
  "result": {
    "c_index": 0.915675720437231,
    "mean_brier": 0.048033728160649054,
    "hybrid_score": 0.941079106418715,
    "std_c_index": 0.013524646883615078,
    "std_mean_brier": 0.007217905500526168,
    "std_hybrid": 0.008040198535830365
  }
}