{
  "trial_id": 162,
  "config": {
    "model_type": "coxnet",
    "model_params": {
      "l1_ratio": 0.9700725032205073,
      "alpha_min_ratio": 0.07731915392823563,
      "n_alphas": 205,
      "max_iter": 11435,
      "tol": 7.344704171590416e-07
    },
    "seed": 2023,
    "cv_n_splits": 5,
    "cv_n_repeats": 10,
    "preprocessing_config": {
      "eps": 1e-06,
      "min_speed": 0.01,
      "max_hours": 9999.0
    }
  },
  "result": {
    "c_index": 0.9360218615435576,
    "mean_brier": 0.02578324725101937,
    "hybrid_score": 0.9627582853873535,
    "std_c_index": 0.0027726014763107846,
    "std_mean_brier": 0.0008070947342724009,
    "std_hybrid": 0.0012514806449867176
  }
}