{
  "trial_id": 189,
  "config": {
    "model_type": "coxnet",
    "model_params": {
      "l1_ratio": 0.7586584633978155,
      "alpha_min_ratio": 0.03002797425022483,
      "n_alphas": 287,
      "max_iter": 16078,
      "tol": 7.443512285337598e-05
    },
    "seed": 1024,
    "cv_n_splits": 5,
    "cv_n_repeats": 10,
    "preprocessing_config": {
      "eps": 1e-06,
      "min_speed": 0.01,
      "max_hours": 9999.0
    }
  },
  "result": {
    "c_index": 0.9332229214971844,
    "mean_brier": 0.026974708290534964,
    "hybrid_score": 0.9610845806457808,
    "std_c_index": 0.003195650252413452,
    "std_mean_brier": 0.001392039635364781,
    "std_hybrid": 0.0016572490737648377
  }
}