{
  "trial_id": 219,
  "config": {
    "model_type": "coxnet",
    "model_params": {
      "l1_ratio": 0.7972102617592531,
      "alpha_min_ratio": 0.06543228423710142,
      "n_alphas": 300,
      "max_iter": 18059,
      "tol": 8.312596053035738e-06
    },
    "seed": 2023,
    "cv_n_splits": 5,
    "cv_n_repeats": 10,
    "preprocessing_config": {
      "eps": 1e-06,
      "min_speed": 0.01,
      "max_hours": 9999.0
    }
  },
  "result": {
    "c_index": 0.9361460748592251,
    "mean_brier": 0.026294266842514187,
    "hybrid_score": 0.9624378356680076,
    "std_c_index": 0.00258317245125656,
    "std_mean_brier": 0.0008470765202855519,
    "std_hybrid": 0.001213388082240851
  }
}