{
  "trial_id": 290,
  "config": {
    "model_type": "coxnet",
    "model_params": {
      "l1_ratio": 0.8065492607299718,
      "alpha_min_ratio": 0.05570445165734986,
      "n_alphas": 255,
      "max_iter": 13746,
      "tol": 3.0767317499420347e-07
    },
    "seed": 2023,
    "cv_n_splits": 5,
    "cv_n_repeats": 10,
    "preprocessing_config": {
      "eps": 1e-06,
      "min_speed": 0.01,
      "max_hours": 9999.0
    }
  },
  "result": {
    "c_index": 0.9356492215965553,
    "mean_brier": 0.02603918676194112,
    "hybrid_score": 0.9624673357456077,
    "std_c_index": 0.0026171928691339956,
    "std_mean_brier": 0.0008897190983160884,
    "std_hybrid": 0.001191897559306443
  }
}