{
  "trial_id": 267,
  "config": {
    "model_type": "coxnet",
    "model_params": {
      "l1_ratio": 0.9747119056330523,
      "alpha_min_ratio": 0.08133590823604157,
      "n_alphas": 167,
      "max_iter": 1428,
      "tol": 8.085881022936144e-05
    },
    "seed": 42,
    "cv_n_splits": 5,
    "cv_n_repeats": 10,
    "preprocessing_config": {
      "eps": 1e-06,
      "min_speed": 0.01,
      "max_hours": 9999.0
    }
  },
  "result": {
    "c_index": 0.9394915534945346,
    "mean_brier": 0.025406687536115184,
    "hybrid_score": 0.9640627847730796,
    "std_c_index": 0.0021606770486530696,
    "std_mean_brier": 0.0008239374798723486,
    "std_hybrid": 0.0010848506704644212
  }
}