{
  "trial_id": 262,
  "config": {
    "seed": 42,
    "cv_n_splits": 5,
    "cv_n_repeats": 10,
    "gbsa_config": {
      "loss": "coxph",
      "n_estimators": 274,
      "learning_rate": 0.07676600167644913,
      "subsample": 0.7215085455159361,
      "max_depth": 5,
      "max_features": "sqrt",
      "max_leaf_nodes": 31,
      "min_samples_split": 5,
      "min_samples_leaf": 8,
      "min_weight_fraction_leaf": 0.0,
      "min_impurity_decrease": 0.00842700918896383,
      "criterion": "friedman_mse",
      "ccp_alpha": 0.00047477096564478246,
      "dropout_rate": 0.23668135601903584,
      "validation_fraction": 0.2614308064343477,
      "n_iter_no_change": 5,
      "tol": 5.1506359489264404e-05,
      "random_state": 42,
      "warm_start": false,
      "verbose": 0
    },
    "preprocessing_config": {
      "eps": 1e-06,
      "min_speed": 0.01,
      "max_hours": 9999.0
    }
  },
  "result": {
    "c_index": 0.9398641934415369,
    "mean_brier": 0.1865728102210928,
    "hybrid_score": 0.8513582908776961,
    "std_c_index": 0.0038569829097163774,
    "std_mean_brier": 0.009099663020493367,
    "std_hybrid": 0.0067671865637332915
  }
}