{
  "trial_id": 172,
  "config": {
    "model_type": "coxnet",
    "model_params": {
      "l1_ratio": 0.9288609055806142,
      "alpha_min_ratio": 0.061354467985048386,
      "n_alphas": 234,
      "max_iter": 13894,
      "tol": 1.0267501273231742e-08
    },
    "seed": 2023,
    "cv_n_splits": 5,
    "cv_n_repeats": 10,
    "preprocessing_config": {
      "eps": 1e-06,
      "min_speed": 0.01,
      "max_hours": 9999.0
    }
  },
  "result": {
    "c_index": 0.9357817157999339,
    "mean_brier": 0.025693241499656655,
    "hybrid_score": 0.9627492456902205,
    "std_c_index": 0.00270475901155313,
    "std_mean_brier": 0.0009132272143320962,
    "std_hybrid": 0.0012748816837859192
  }
}