{
  "trial_id": 163,
  "config": {
    "model_type": "coxnet",
    "model_params": {
      "l1_ratio": 0.9617589064349643,
      "alpha_min_ratio": 0.057580681269990996,
      "n_alphas": 259,
      "max_iter": 18984,
      "tol": 7.310477598393754e-05
    },
    "seed": 1024,
    "cv_n_splits": 5,
    "cv_n_repeats": 10,
    "preprocessing_config": {
      "eps": 1e-06,
      "min_speed": 0.01,
      "max_hours": 9999.0
    }
  },
  "result": {
    "c_index": 0.9361046704206689,
    "mean_brier": 0.02571037299307491,
    "hybrid_score": 0.9628341400310483,
    "std_c_index": 0.0031513538075694024,
    "std_mean_brier": 0.0008373707189043515,
    "std_hybrid": 0.0013966206899938699
  }
}