{
  "trial_id": 101,
  "config": {
    "model_type": "coxnet",
    "model_params": {
      "l1_ratio": 0.918385770419289,
      "alpha_min_ratio": 0.06447302294709713,
      "n_alphas": 215,
      "max_iter": 509,
      "tol": 1.5834432397480404e-07
    },
    "seed": 42,
    "cv_n_splits": 5,
    "cv_n_repeats": 10,
    "preprocessing_config": {
      "eps": 1e-06,
      "min_speed": 0.01,
      "max_hours": 9999.0
    }
  },
  "result": {
    "c_index": 0.9394087446174229,
    "mean_brier": 0.025361840523124297,
    "hybrid_score": 0.96406933501904,
    "std_c_index": 0.0023439593528997555,
    "std_mean_brier": 0.0009433282330576669,
    "std_hybrid": 0.0011687771741750203
  }
}