{
  "trial_id": 151,
  "config": {
    "model_type": "coxnet",
    "model_params": {
      "l1_ratio": 0.8283321733154931,
      "alpha_min_ratio": 0.09244300819280042,
      "n_alphas": 251,
      "max_iter": 19324,
      "tol": 8.796908976189431e-05
    },
    "seed": 1024,
    "cv_n_splits": 5,
    "cv_n_repeats": 10,
    "preprocessing_config": {
      "eps": 1e-06,
      "min_speed": 0.01,
      "max_hours": 9999.0
    }
  },
  "result": {
    "c_index": 0.937065253395164,
    "mean_brier": 0.02668709614198527,
    "hybrid_score": 0.9624386087191594,
    "std_c_index": 0.003593752620311421,
    "std_mean_brier": 0.0007972744098184179,
    "std_hybrid": 0.0015618004993234545
  }
}