{
  "trial_id": 152,
  "config": {
    "model_type": "coxnet",
    "model_params": {
      "l1_ratio": 0.9098354216978419,
      "alpha_min_ratio": 0.03887243190455625,
      "n_alphas": 256,
      "max_iter": 293,
      "tol": 6.003644920243159e-05
    },
    "seed": 42,
    "cv_n_splits": 5,
    "cv_n_repeats": 10,
    "preprocessing_config": {
      "eps": 1e-06,
      "min_speed": 0.01,
      "max_hours": 9999.0
    }
  },
  "result": {
    "c_index": 0.936907916528652,
    "mean_brier": 0.026049390674039948,
    "hybrid_score": 0.9628378014867677,
    "std_c_index": 0.004909868143198932,
    "std_mean_brier": 0.0028592437774975516,
    "std_hybrid": 0.003341091548283255
  }
}