{
  "trial_id": 156,
  "config": {
    "model_type": "gbsa",
    "model_params": {
      "loss": "coxph",
      "n_estimators": 496,
      "learning_rate": 0.04855660215310613,
      "subsample": 0.6443222833618986,
      "max_depth": 5,
      "max_features": 0.5,
      "max_leaf_nodes": null,
      "min_samples_split": 9,
      "min_samples_leaf": 11,
      "min_weight_fraction_leaf": 0.0,
      "min_impurity_decrease": 0.03424011953942761,
      "criterion": "friedman_mse",
      "ccp_alpha": 0.006961013008372326,
      "dropout_rate": 0.16281970252968483,
      "validation_fraction": 0.24051529779305422,
      "n_iter_no_change": null,
      "tol": 1.3547322023702311e-05,
      "random_state": 777,
      "warm_start": false,
      "verbose": 0
    },
    "seed": 777,
    "cv_n_splits": 5,
    "cv_n_repeats": 10,
    "preprocessing_config": {
      "eps": 1e-06,
      "min_speed": 0.01,
      "max_hours": 9999.0
    }
  },
  "result": {
    "c_index": 0.8993623716462403,
    "mean_brier": 0.19218530432071826,
    "hybrid_score": 0.8352789984693694,
    "std_c_index": 0.009116223140521766,
    "std_mean_brier": 0.012638559950103287,
    "std_hybrid": 0.008526112387512674
  }
}