{
  "trial_id": 90,
  "config": {
    "model_type": "coxnet",
    "model_params": {
      "l1_ratio": 0.7690796068885988,
      "alpha_min_ratio": 0.0007839387164648529,
      "n_alphas": 61,
      "max_iter": 3965,
      "tol": 3.1529504985704773e-08
    },
    "seed": 2023,
    "cv_n_splits": 5,
    "cv_n_repeats": 10,
    "preprocessing_config": {
      "eps": 1e-06,
      "min_speed": 0.01,
      "max_hours": 9999.0
    }
  },
  "result": {
    "c_index": 0.916296787015568,
    "mean_brier": 0.04045632695158421,
    "hybrid_score": 0.9465696072385613,
    "std_c_index": 0.018701493446111266,
    "std_mean_brier": 0.007550788839573989,
    "std_hybrid": 0.010385390556243164
  }
}