{
  "trial_id": 213,
  "config": {
    "model_type": "gbsa",
    "model_params": {
      "loss": "coxph",
      "n_estimators": 247,
      "learning_rate": 0.11309128528828277,
      "subsample": 0.5888785334104231,
      "max_depth": 1,
      "max_features": 0.5,
      "max_leaf_nodes": 16,
      "min_samples_split": 9,
      "min_samples_leaf": 1,
      "min_weight_fraction_leaf": 0.0,
      "min_impurity_decrease": 0.04501959903011323,
      "criterion": "friedman_mse",
      "ccp_alpha": 0.06929627266485078,
      "dropout_rate": 0.05952301582480718,
      "validation_fraction": 0.17175691564921236,
      "n_iter_no_change": null,
      "tol": 0.0002510444913321784,
      "random_state": 777,
      "warm_start": false,
      "verbose": 0
    },
    "seed": 777,
    "cv_n_splits": 5,
    "cv_n_repeats": 10,
    "preprocessing_config": {
      "eps": 1e-06,
      "min_speed": 0.01,
      "max_hours": 9999.0
    }
  },
  "result": {
    "c_index": 0.9005589599205035,
    "mean_brier": 0.08010531118088983,
    "hybrid_score": 0.9140939701495281,
    "std_c_index": 0.010326237922945146,
    "std_mean_brier": 0.004020341006809941,
    "std_hybrid": 0.004072435585077169
  }
}