{
  "trial_id": 88,
  "config": {
    "model_type": "gbsa",
    "model_params": {
      "loss": "coxph",
      "n_estimators": 402,
      "learning_rate": 0.07209593449294009,
      "subsample": 0.586886137374487,
      "max_depth": 4,
      "max_features": null,
      "max_leaf_nodes": 63,
      "min_samples_split": 7,
      "min_samples_leaf": 19,
      "min_weight_fraction_leaf": 0.0,
      "min_impurity_decrease": 0.033135135502655275,
      "criterion": "friedman_mse",
      "ccp_alpha": 0.04751552572631794,
      "dropout_rate": 0.1363853369934511,
      "validation_fraction": 0.13743744162125365,
      "n_iter_no_change": null,
      "tol": 0.0010405141456385468,
      "random_state": 42,
      "warm_start": false,
      "verbose": 0
    },
    "seed": 42,
    "cv_n_splits": 5,
    "cv_n_repeats": 10,
    "preprocessing_config": {
      "eps": 1e-06,
      "min_speed": 0.01,
      "max_hours": 9999.0
    }
  },
  "result": {
    "c_index": 0.9016644584299435,
    "mean_brier": 0.16849252548618385,
    "hybrid_score": 0.8525545696886544,
    "std_c_index": 0.007411093792763727,
    "std_mean_brier": 0.007137221502146891,
    "std_hybrid": 0.005285358015590072
  }
}