{
  "trial_id": 297,
  "config": {
    "model_type": "coxnet",
    "model_params": {
      "l1_ratio": 0.6980620214691676,
      "alpha_min_ratio": 0.09932386237584094,
      "n_alphas": 189,
      "max_iter": 644,
      "tol": 8.976729708259163e-06
    },
    "seed": 42,
    "cv_n_splits": 5,
    "cv_n_repeats": 10,
    "preprocessing_config": {
      "eps": 1e-06,
      "min_speed": 0.01,
      "max_hours": 9999.0
    }
  },
  "result": {
    "c_index": 0.9386054985094402,
    "mean_brier": 0.027756939577420696,
    "hybrid_score": 0.9621517918486374,
    "std_c_index": 0.002124560147177814,
    "std_mean_brier": 0.00079503332042459,
    "std_hybrid": 0.0010038814633501123
  }
}