{
  "trial_id": 145,
  "config": {
    "model_type": "coxnet",
    "model_params": {
      "l1_ratio": 0.8982423556754233,
      "alpha_min_ratio": 0.07731060115980916,
      "n_alphas": 107,
      "max_iter": 18175,
      "tol": 3.018764779711083e-06
    },
    "seed": 777,
    "cv_n_splits": 5,
    "cv_n_repeats": 10,
    "preprocessing_config": {
      "eps": 1e-06,
      "min_speed": 0.01,
      "max_hours": 9999.0
    }
  },
  "result": {
    "c_index": 0.936808545876118,
    "mean_brier": 0.02570484621543962,
    "hybrid_score": 0.9630491714120277,
    "std_c_index": 0.003434013345177963,
    "std_mean_brier": 0.0005173570661490959,
    "std_hybrid": 0.0012795473461328375
  }
}