{
  "trial_id": 280,
  "config": {
    "model_type": "coxnet",
    "model_params": {
      "l1_ratio": 0.8959890169195367,
      "alpha_min_ratio": 0.032746881446563667,
      "n_alphas": 54,
      "max_iter": 12229,
      "tol": 2.8097701465566813e-07
    },
    "seed": 777,
    "cv_n_splits": 5,
    "cv_n_repeats": 10,
    "preprocessing_config": {
      "eps": 1e-06,
      "min_speed": 0.01,
      "max_hours": 9999.0
    }
  },
  "result": {
    "c_index": 0.9314259688638622,
    "mean_brier": 0.027493963424797024,
    "hybrid_score": 0.9601820162618007,
    "std_c_index": 0.005568482925978187,
    "std_mean_brier": 0.00240516732264334,
    "std_hybrid": 0.0030469968340028054
  }
}