{
  "trial_id": 67,
  "config": {
    "model_type": "coxnet",
    "model_params": {
      "l1_ratio": 0.9585592381714881,
      "alpha_min_ratio": 0.06052593223608344,
      "n_alphas": 147,
      "max_iter": 190,
      "tol": 4.3113992735328816e-05
    },
    "seed": 42,
    "cv_n_splits": 5,
    "cv_n_repeats": 10,
    "preprocessing_config": {
      "eps": 1e-06,
      "min_speed": 0.01,
      "max_hours": 9999.0
    }
  },
  "result": {
    "c_index": 0.939466710831401,
    "mean_brier": 0.025267771973092525,
    "hybrid_score": 0.9641525728682556,
    "std_c_index": 0.0022717419753793345,
    "std_mean_brier": 0.0010638292619585315,
    "std_hybrid": 0.0011867523972468744
  }
}