{
  "trial_id": 85,
  "config": {
    "model_type": "coxnet",
    "model_params": {
      "l1_ratio": 0.8913292599804074,
      "alpha_min_ratio": 0.04398141503609131,
      "n_alphas": 156,
      "max_iter": 19247,
      "tol": 6.831338050925432e-05
    },
    "seed": 1024,
    "cv_n_splits": 5,
    "cv_n_repeats": 10,
    "preprocessing_config": {
      "eps": 1e-06,
      "min_speed": 0.01,
      "max_hours": 9999.0
    }
  },
  "result": {
    "c_index": 0.9354918847300431,
    "mean_brier": 0.026247829036130554,
    "hybrid_score": 0.9622740850937215,
    "std_c_index": 0.003173211967813115,
    "std_mean_brier": 0.0010279939717830597,
    "std_hybrid": 0.0013904924714436859
  }
}