{
  "trial_id": 40,
  "config": {
    "model_type": "coxnet",
    "model_params": {
      "l1_ratio": 0.19234256700170294,
      "alpha_min_ratio": 0.0011901201418035845,
      "n_alphas": 56,
      "max_iter": 193,
      "tol": 1.9565265272514912e-05
    },
    "seed": 42,
    "cv_n_splits": 5,
    "cv_n_repeats": 10,
    "preprocessing_config": {
      "eps": 1e-06,
      "min_speed": 0.01,
      "max_hours": 9999.0
    }
  },
  "result": {
    "c_index": 0.9277740973832396,
    "mean_brier": 0.03471269021722237,
    "hybrid_score": 0.9540333460629162,
    "std_c_index": 0.009977820256801663,
    "std_mean_brier": 0.004089186860130635,
    "std_hybrid": 0.0049978293476470835
  }
}