{
  "trial_id": 67,
  "config": {
    "seed": 42,
    "cv_n_splits": 5,
    "cv_n_repeats": 10,
    "gbsa_config": {
      "loss": "coxph",
      "n_estimators": 238,
      "learning_rate": 0.151918905626525,
      "subsample": 0.83468948351333,
      "max_depth": 6,
      "max_features": "log2",
      "max_leaf_nodes": 16,
      "min_samples_split": 2,
      "min_samples_leaf": 8,
      "min_weight_fraction_leaf": 0.0,
      "min_impurity_decrease": 0.046743471924944116,
      "criterion": "friedman_mse",
      "ccp_alpha": 0.042111439846324865,
      "dropout_rate": 0.09048282663804447,
      "validation_fraction": 0.2913736204281982,
      "n_iter_no_change": 20,
      "tol": 2.491047762094938e-05,
      "random_state": 42,
      "warm_start": false,
      "verbose": 0
    },
    "preprocessing_config": {
      "eps": 1e-06,
      "min_speed": 0.01,
      "max_hours": 9999.0
    }
  },
  "result": {
    "c_index": 0.9381459092414705,
    "mean_brier": 0.09788998661064924,
    "hybrid_score": 0.9129207821449867,
    "std_c_index": 0.002545915124847097,
    "std_mean_brier": 0.004608845407793658,
    "std_hybrid": 0.0031951337011664332
  }
}