{
  "trial_id": 59,
  "config": {
    "model_type": "coxnet",
    "model_params": {
      "l1_ratio": 0.9428311650545977,
      "alpha_min_ratio": 0.0001393936612526936,
      "n_alphas": 250,
      "max_iter": 3506,
      "tol": 6.857900580021823e-07
    },
    "seed": 2023,
    "cv_n_splits": 5,
    "cv_n_repeats": 10,
    "preprocessing_config": {
      "eps": 1e-06,
      "min_speed": 0.01,
      "max_hours": 9999.0
    }
  },
  "result": {
    "c_index": 0.920056310036436,
    "mean_brier": 0.039216926754470666,
    "hybrid_score": 0.9485650442828012,
    "std_c_index": 0.014020313245844521,
    "std_mean_brier": 0.007452004421815464,
    "std_hybrid": 0.009105572675512569
  }
}