{
  "trial_id": 221,
  "config": {
    "model_type": "coxnet",
    "model_params": {
      "l1_ratio": 0.7897952007895371,
      "alpha_min_ratio": 0.03145656008207394,
      "n_alphas": 134,
      "max_iter": 16993,
      "tol": 2.2027309119538661e-07
    },
    "seed": 1024,
    "cv_n_splits": 5,
    "cv_n_repeats": 10,
    "preprocessing_config": {
      "eps": 1e-06,
      "min_speed": 0.01,
      "max_hours": 9999.0
    }
  },
  "result": {
    "c_index": 0.9333885392514076,
    "mean_brier": 0.026382178476014557,
    "hybrid_score": 0.9615490368422123,
    "std_c_index": 0.0034449289108437705,
    "std_mean_brier": 0.0012234190063947594,
    "std_hybrid": 0.0015854672235877624
  }
}