{
  "trial_id": 122,
  "config": {
    "model_type": "coxnet",
    "model_params": {
      "l1_ratio": 0.04919886041751104,
      "alpha_min_ratio": 0.0912506087170095,
      "n_alphas": 232,
      "max_iter": 1316,
      "tol": 2.408979983145861e-06
    },
    "seed": 42,
    "cv_n_splits": 5,
    "cv_n_repeats": 10,
    "preprocessing_config": {
      "eps": 1e-06,
      "min_speed": 0.01,
      "max_hours": 9999.0
    }
  },
  "result": {
    "c_index": 0.9372143093739649,
    "mean_brier": 0.0649854869454636,
    "hybrid_score": 0.935674451950365,
    "std_c_index": 0.001705058709274837,
    "std_mean_brier": 0.0015990670499741683,
    "std_hybrid": 0.0013363000943054709
  }
}