{
  "trial_id": 284,
  "config": {
    "model_type": "gbsa",
    "model_params": {
      "loss": "coxph",
      "n_estimators": 266,
      "learning_rate": 0.19614025219228232,
      "subsample": 0.630754292825761,
      "max_depth": 3,
      "max_features": 0.5,
      "max_leaf_nodes": 16,
      "min_samples_split": 11,
      "min_samples_leaf": 3,
      "min_weight_fraction_leaf": 0.0,
      "min_impurity_decrease": 0.04630520511056423,
      "criterion": "friedman_mse",
      "ccp_alpha": 0.09592080365309362,
      "dropout_rate": 0.198114622028901,
      "validation_fraction": 0.29211960048368263,
      "n_iter_no_change": 10,
      "tol": 0.0015883727220992602,
      "random_state": 777,
      "warm_start": false,
      "verbose": 0
    },
    "seed": 777,
    "cv_n_splits": 5,
    "cv_n_repeats": 10,
    "preprocessing_config": {
      "eps": 1e-06,
      "min_speed": 0.01,
      "max_hours": 9999.0
    }
  },
  "result": {
    "c_index": 0.9063845644253063,
    "mean_brier": 0.1231813050190907,
    "hybrid_score": 0.8856884558142284,
    "std_c_index": 0.008422277535983711,
    "std_mean_brier": 0.0087444718014892,
    "std_hybrid": 0.006667616636668959
  }
}