{
  "trial_id": 211,
  "config": {
    "model_type": "coxnet",
    "model_params": {
      "l1_ratio": 0.9553683849475888,
      "alpha_min_ratio": 0.07449247957201971,
      "n_alphas": 225,
      "max_iter": 1558,
      "tol": 5.9013053526476666e-05
    },
    "seed": 42,
    "cv_n_splits": 5,
    "cv_n_repeats": 10,
    "preprocessing_config": {
      "eps": 1e-06,
      "min_speed": 0.01,
      "max_hours": 9999.0
    }
  },
  "result": {
    "c_index": 0.9395081152699569,
    "mean_brier": 0.025257863738376664,
    "hybrid_score": 0.9641719299641235,
    "std_c_index": 0.0023110205523909338,
    "std_mean_brier": 0.0008466427814900167,
    "std_hybrid": 0.001132766763250148
  }
}