{
  "trial_id": 277,
  "config": {
    "model_type": "coxnet",
    "model_params": {
      "l1_ratio": 0.9774440052288197,
      "alpha_min_ratio": 0.06423848433735779,
      "n_alphas": 51,
      "max_iter": 17209,
      "tol": 7.166912996167434e-05
    },
    "seed": 2023,
    "cv_n_splits": 5,
    "cv_n_repeats": 10,
    "preprocessing_config": {
      "eps": 1e-06,
      "min_speed": 0.01,
      "max_hours": 9999.0
    }
  },
  "result": {
    "c_index": 0.9363945014905598,
    "mean_brier": 0.02587050521416513,
    "hybrid_score": 0.9628089967972523,
    "std_c_index": 0.002583172451256566,
    "std_mean_brier": 0.0008264526533038036,
    "std_hybrid": 0.0012095038714111913
  }
}