{
  "trial_id": 145,
  "config": {
    "model_type": "coxnet",
    "model_params": {
      "l1_ratio": 0.978808472847795,
      "alpha_min_ratio": 0.08721525440222391,
      "n_alphas": 199,
      "max_iter": 11428,
      "tol": 5.040273755673994e-06
    },
    "seed": 2023,
    "cv_n_splits": 5,
    "cv_n_repeats": 10,
    "preprocessing_config": {
      "eps": 1e-06,
      "min_speed": 0.01,
      "max_hours": 9999.0
    }
  },
  "result": {
    "c_index": 0.936402782378271,
    "mean_brier": 0.025896246596349294,
    "hybrid_score": 0.9627934620960368,
    "std_c_index": 0.002751697992854052,
    "std_mean_brier": 0.0007317607522922584,
    "std_hybrid": 0.0011738336195210174
  }
}