{
  "trial_id": 58,
  "config": {
    "model_type": "coxnet",
    "model_params": {
      "l1_ratio": 0.9648177941986513,
      "alpha_min_ratio": 0.04243351503469817,
      "n_alphas": 216,
      "max_iter": 19862,
      "tol": 8.118839984623256e-06
    },
    "seed": 1024,
    "cv_n_splits": 5,
    "cv_n_repeats": 10,
    "preprocessing_config": {
      "eps": 1e-06,
      "min_speed": 0.01,
      "max_hours": 9999.0
    }
  },
  "result": {
    "c_index": 0.9352103345478634,
    "mean_brier": 0.025957015477910895,
    "hybrid_score": 0.9623931895298214,
    "std_c_index": 0.0031777899848192018,
    "std_mean_brier": 0.0011713904561591161,
    "std_hybrid": 0.0013927352401414028
  }
}