{
  "trial_id": 224,
  "config": {
    "model_type": "gbsa",
    "model_params": {
      "loss": "coxph",
      "n_estimators": 158,
      "learning_rate": 0.14016198195587762,
      "subsample": 0.8371263497034281,
      "max_depth": 2,
      "max_features": 0.3,
      "max_leaf_nodes": 63,
      "min_samples_split": 20,
      "min_samples_leaf": 2,
      "min_weight_fraction_leaf": 0.0,
      "min_impurity_decrease": 0.02396868770045744,
      "criterion": "friedman_mse",
      "ccp_alpha": 4.482465647458355e-05,
      "dropout_rate": 0.05830137288498824,
      "validation_fraction": 0.21280103903090386,
      "n_iter_no_change": null,
      "tol": 0.00046056482366224025,
      "random_state": 1024,
      "warm_start": false,
      "verbose": 0
    },
    "seed": 1024,
    "cv_n_splits": 5,
    "cv_n_repeats": 10,
    "preprocessing_config": {
      "eps": 1e-06,
      "min_speed": 0.01,
      "max_hours": 9999.0
    }
  },
  "result": {
    "c_index": 0.9403444849287844,
    "mean_brier": 0.06336929136247023,
    "hybrid_score": 0.9377448415249061,
    "std_c_index": 0.002543580848553393,
    "std_mean_brier": 0.004364534092454886,
    "std_hybrid": 0.003215917790733921
  }
}