{
  "trial_id": 45,
  "config": {
    "model_type": "coxnet",
    "model_params": {
      "l1_ratio": 0.695768229199488,
      "alpha_min_ratio": 0.0002256148384691675,
      "n_alphas": 81,
      "max_iter": 16234,
      "tol": 3.39768886456267e-05
    },
    "seed": 1024,
    "cv_n_splits": 5,
    "cv_n_repeats": 10,
    "preprocessing_config": {
      "eps": 1e-06,
      "min_speed": 0.01,
      "max_hours": 9999.0
    }
  },
  "result": {
    "c_index": 0.9213232858562439,
    "mean_brier": 0.04057221727405946,
    "hybrid_score": 0.9479964336650314,
    "std_c_index": 0.013182978176129128,
    "std_mean_brier": 0.004577895629989335,
    "std_hybrid": 0.005888281407154947
  }
}