{
  "trial_id": 42,
  "config": {
    "model_type": "coxnet",
    "model_params": {
      "l1_ratio": 0.5890933514783279,
      "alpha_min_ratio": 0.05620104919555614,
      "n_alphas": 286,
      "max_iter": 16697,
      "tol": 1.3351773209307617e-05
    },
    "seed": 1024,
    "cv_n_splits": 5,
    "cv_n_repeats": 10,
    "preprocessing_config": {
      "eps": 1e-06,
      "min_speed": 0.01,
      "max_hours": 9999.0
    }
  },
  "result": {
    "c_index": 0.9361295130838025,
    "mean_brier": 0.027351373443699683,
    "hybrid_score": 0.9616928925145508,
    "std_c_index": 0.003107275532361587,
    "std_mean_brier": 0.0006757569078091389,
    "std_hybrid": 0.001305307666464005
  }
}