{
  "trial_id": 162,
  "config": {
    "model_type": "gbsa",
    "model_params": {
      "loss": "coxph",
      "n_estimators": 321,
      "learning_rate": 0.19630736055553527,
      "subsample": 0.6838165930044392,
      "max_depth": 2,
      "max_features": 0.3,
      "max_leaf_nodes": 63,
      "min_samples_split": 19,
      "min_samples_leaf": 2,
      "min_weight_fraction_leaf": 0.0,
      "min_impurity_decrease": 0.009167342503425087,
      "criterion": "friedman_mse",
      "ccp_alpha": 4.90031670122924e-08,
      "dropout_rate": 0.048154376773674665,
      "validation_fraction": 0.23589432793810516,
      "n_iter_no_change": null,
      "tol": 0.0024812235790221105,
      "random_state": 1024,
      "warm_start": false,
      "verbose": 0
    },
    "seed": 1024,
    "cv_n_splits": 5,
    "cv_n_repeats": 10,
    "preprocessing_config": {
      "eps": 1e-06,
      "min_speed": 0.01,
      "max_hours": 9999.0
    }
  },
  "result": {
    "c_index": 0.9390236833388539,
    "mean_brier": 0.04599004775473511,
    "hybrid_score": 0.9495140715733417,
    "std_c_index": 0.0029494407558511453,
    "std_mean_brier": 0.0031717475811487003,
    "std_hybrid": 0.0025673440490673717
  }
}