{
  "trial_id": 146,
  "config": {
    "model_type": "coxnet",
    "model_params": {
      "l1_ratio": 0.9364673689599619,
      "alpha_min_ratio": 0.04831147763769918,
      "n_alphas": 155,
      "max_iter": 13101,
      "tol": 8.54454133796945e-06
    },
    "seed": 777,
    "cv_n_splits": 5,
    "cv_n_repeats": 10,
    "preprocessing_config": {
      "eps": 1e-06,
      "min_speed": 0.01,
      "max_hours": 9999.0
    }
  },
  "result": {
    "c_index": 0.9355746936071547,
    "mean_brier": 0.02551698635025148,
    "hybrid_score": 0.9628105176369705,
    "std_c_index": 0.0033840372212160727,
    "std_mean_brier": 0.0006566852612708649,
    "std_hybrid": 0.001224527816510843
  }
}