{
  "trial_id": 36,
  "config": {
    "model_type": "coxnet",
    "model_params": {
      "l1_ratio": 0.829107499732079,
      "alpha_min_ratio": 0.09646353592529072,
      "n_alphas": 96,
      "max_iter": 1323,
      "tol": 1.1211956366706398e-06
    },
    "seed": 42,
    "cv_n_splits": 5,
    "cv_n_repeats": 10,
    "preprocessing_config": {
      "eps": 1e-06,
      "min_speed": 0.01,
      "max_hours": 9999.0
    }
  },
  "result": {
    "c_index": 0.9396902947996024,
    "mean_brier": 0.026406773026557806,
    "hybrid_score": 0.9634223473212902,
    "std_c_index": 0.002209011195203321,
    "std_mean_brier": 0.0007847419095980042,
    "std_hybrid": 0.001051069068198685
  }
}