{
  "trial_id": 61,
  "config": {
    "model_type": "coxnet",
    "model_params": {
      "l1_ratio": 0.8599031953306081,
      "alpha_min_ratio": 0.09606844522994973,
      "n_alphas": 227,
      "max_iter": 19043,
      "tol": 7.247563997110359e-06
    },
    "seed": 42,
    "cv_n_splits": 5,
    "cv_n_repeats": 10,
    "preprocessing_config": {
      "eps": 1e-06,
      "min_speed": 0.01,
      "max_hours": 9999.0
    }
  },
  "result": {
    "c_index": 0.9398641934415369,
    "mean_brier": 0.026274707055257373,
    "hybrid_score": 0.9635669630937809,
    "std_c_index": 0.0023801754842347304,
    "std_mean_brier": 0.0007765258323668096,
    "std_hybrid": 0.001102209283337267
  }
}