{
  "trial_id": 1,
  "config": {
    "model_type": "gbsa",
    "model_params": {
      "loss": "coxph",
      "n_estimators": 138,
      "learning_rate": 0.007430163173982832,
      "subsample": 0.9652659796407758,
      "max_depth": 5,
      "max_features": 0.5,
      "max_leaf_nodes": null,
      "min_samples_split": 13,
      "min_samples_leaf": 2,
      "min_weight_fraction_leaf": 0.0,
      "min_impurity_decrease": 0.048614171325276845,
      "criterion": "friedman_mse",
      "ccp_alpha": 7.571420737778929e-06,
      "dropout_rate": 0.36083220164655994,
      "validation_fraction": 0.23265749608457992,
      "n_iter_no_change": 20,
      "tol": 0.0001496790757044276,
      "random_state": 2023,
      "warm_start": false,
      "verbose": 0
    },
    "seed": 2023,
    "cv_n_splits": 5,
    "cv_n_repeats": 10,
    "preprocessing_config": {
      "eps": 1e-06,
      "min_speed": 0.01,
      "max_hours": 9999.0
    }
  },
  "result": {
    "c_index": 0.9362702881748923,
    "mean_brier": 0.23668278482277255,
    "hybrid_score": 0.8152031370765268,
    "std_c_index": 0.004472016720801574,
    "std_mean_brier": 0.019414135575752337,
    "std_hybrid": 0.013008892852689634
  }
}