{
  "trial_id": 148,
  "config": {
    "model_type": "coxnet",
    "model_params": {
      "l1_ratio": 0.9030659056368249,
      "alpha_min_ratio": 0.00019044423628632054,
      "n_alphas": 55,
      "max_iter": 12398,
      "tol": 7.768797232750587e-06
    },
    "seed": 42,
    "cv_n_splits": 5,
    "cv_n_repeats": 10,
    "preprocessing_config": {
      "eps": 1e-06,
      "min_speed": 0.01,
      "max_hours": 9999.0
    }
  },
  "result": {
    "c_index": 0.9180688969857569,
    "mean_brier": 0.04508085006135061,
    "hybrid_score": 0.9438640740527815,
    "std_c_index": 0.014283184693933398,
    "std_mean_brier": 0.00877511075385574,
    "std_hybrid": 0.009144918927323888
  }
}