{
  "trial_id": 143,
  "config": {
    "model_type": "coxnet",
    "model_params": {
      "l1_ratio": 0.6409118263137974,
      "alpha_min_ratio": 0.09759117859608771,
      "n_alphas": 172,
      "max_iter": 3665,
      "tol": 1.0020672956038534e-08
    },
    "seed": 1024,
    "cv_n_splits": 5,
    "cv_n_repeats": 10,
    "preprocessing_config": {
      "eps": 1e-06,
      "min_speed": 0.01,
      "max_hours": 9999.0
    }
  },
  "result": {
    "c_index": 0.9369244783040742,
    "mean_brier": 0.02826101597464274,
    "hybrid_score": 0.9612946323089723,
    "std_c_index": 0.0037974980939182224,
    "std_mean_brier": 0.0007140252236819569,
    "std_hybrid": 0.0015635165573303442
  }
}