{
  "trial_id": 37,
  "config": {
    "model_type": "coxnet",
    "model_params": {
      "l1_ratio": 0.925208904835623,
      "alpha_min_ratio": 0.09224307587867091,
      "n_alphas": 123,
      "max_iter": 11012,
      "tol": 2.7256620149059243e-06
    },
    "seed": 777,
    "cv_n_splits": 5,
    "cv_n_repeats": 10,
    "preprocessing_config": {
      "eps": 1e-06,
      "min_speed": 0.01,
      "max_hours": 9999.0
    }
  },
  "result": {
    "c_index": 0.9366098045710499,
    "mean_brier": 0.02599503525345801,
    "hybrid_score": 0.9627864166938945,
    "std_c_index": 0.0029327088550786073,
    "std_mean_brier": 0.0005315878674262315,
    "std_hybrid": 0.0011219219169690002
  }
}