{
  "trial_id": 103,
  "config": {
    "model_type": "coxnet",
    "model_params": {
      "l1_ratio": 0.8035523405986367,
      "alpha_min_ratio": 0.06344291345703273,
      "n_alphas": 255,
      "max_iter": 9528,
      "tol": 2.436338915382056e-07
    },
    "seed": 2023,
    "cv_n_splits": 5,
    "cv_n_repeats": 10,
    "preprocessing_config": {
      "eps": 1e-06,
      "min_speed": 0.01,
      "max_hours": 9999.0
    }
  },
  "result": {
    "c_index": 0.9360135806558464,
    "mean_brier": 0.026105154246996314,
    "hybrid_score": 0.9625304662238566,
    "std_c_index": 0.002748468921171225,
    "std_mean_brier": 0.0008599552762239536,
    "std_hybrid": 0.0012640636793123672
  }
}