{
  "trial_id": 20,
  "config": {
    "model_type": "coxnet",
    "model_params": {
      "l1_ratio": 0.7174938845445326,
      "alpha_min_ratio": 0.0840615732114167,
      "n_alphas": 223,
      "max_iter": 18670,
      "tol": 4.076154791124105e-05
    },
    "seed": 1024,
    "cv_n_splits": 5,
    "cv_n_repeats": 10,
    "preprocessing_config": {
      "eps": 1e-06,
      "min_speed": 0.01,
      "max_hours": 9999.0
    }
  },
  "result": {
    "c_index": 0.9368333885392512,
    "mean_brier": 0.02722646835250352,
    "hybrid_score": 0.9619914887150228,
    "std_c_index": 0.0039364800438911355,
    "std_mean_brier": 0.0007634713142037552,
    "std_hybrid": 0.0016374350976274517
  }
}