{
  "trial_id": 192,
  "config": {
    "model_type": "coxnet",
    "model_params": {
      "l1_ratio": 0.1641040544187503,
      "alpha_min_ratio": 0.02058163280816276,
      "n_alphas": 152,
      "max_iter": 17189,
      "tol": 1.0420113701755702e-08
    },
    "seed": 1024,
    "cv_n_splits": 5,
    "cv_n_repeats": 10,
    "preprocessing_config": {
      "eps": 1e-06,
      "min_speed": 0.01,
      "max_hours": 9999.0
    }
  },
  "result": {
    "c_index": 0.9340261676051671,
    "mean_brier": 0.02929200680626811,
    "hybrid_score": 0.9597034455171626,
    "std_c_index": 0.002888368410611835,
    "std_mean_brier": 0.0010593343080536077,
    "std_hybrid": 0.001249003690748999
  }
}