{
  "trial_id": 71,
  "config": {
    "model_type": "coxnet",
    "model_params": {
      "l1_ratio": 0.9873544465842503,
      "alpha_min_ratio": 0.020502150787327332,
      "n_alphas": 151,
      "max_iter": 566,
      "tol": 8.721551224618935e-06
    },
    "seed": 42,
    "cv_n_splits": 5,
    "cv_n_repeats": 10,
    "preprocessing_config": {
      "eps": 1e-06,
      "min_speed": 0.01,
      "max_hours": 9999.0
    }
  },
  "result": {
    "c_index": 0.9304902285525009,
    "mean_brier": 0.027505373287215203,
    "hybrid_score": 0.9598933072646995,
    "std_c_index": 0.008874639375329344,
    "std_mean_brier": 0.003207770710093587,
    "std_hybrid": 0.004855478279617633
  }
}