{
  "trial_id": 267,
  "config": {
    "model_type": "coxnet",
    "model_params": {
      "l1_ratio": 0.9750102276420972,
      "alpha_min_ratio": 0.09037213034817995,
      "n_alphas": 295,
      "max_iter": 14372,
      "tol": 3.845570924429994e-06
    },
    "seed": 42,
    "cv_n_splits": 5,
    "cv_n_repeats": 10,
    "preprocessing_config": {
      "eps": 1e-06,
      "min_speed": 0.01,
      "max_hours": 9999.0
    }
  },
  "result": {
    "c_index": 0.9393176548526002,
    "mean_brier": 0.025567922557304678,
    "hybrid_score": 0.9638977506656667,
    "std_c_index": 0.0024125112527521695,
    "std_mean_brier": 0.0007758709931738306,
    "std_hybrid": 0.0011052865280859762
  }
}