{
  "trial_id": 244,
  "config": {
    "model_type": "gbsa",
    "model_params": {
      "loss": "coxph",
      "n_estimators": 389,
      "learning_rate": 0.1040839016044307,
      "subsample": 0.8599171122311571,
      "max_depth": 4,
      "max_features": "log2",
      "max_leaf_nodes": 16,
      "min_samples_split": 10,
      "min_samples_leaf": 9,
      "min_weight_fraction_leaf": 0.0,
      "min_impurity_decrease": 0.04113992902189711,
      "criterion": "friedman_mse",
      "ccp_alpha": 0.020597749589440356,
      "dropout_rate": 0.03498223576736613,
      "validation_fraction": 0.22084938650217611,
      "n_iter_no_change": null,
      "tol": 1.345604871325762e-05,
      "random_state": 777,
      "warm_start": false,
      "verbose": 0
    },
    "seed": 777,
    "cv_n_splits": 5,
    "cv_n_repeats": 10,
    "preprocessing_config": {
      "eps": 1e-06,
      "min_speed": 0.01,
      "max_hours": 9999.0
    }
  },
  "result": {
    "c_index": 0.9374751573368665,
    "mean_brier": 0.06142508243637529,
    "hybrid_score": 0.9382449894955972,
    "std_c_index": 0.0032147793678762434,
    "std_mean_brier": 0.0031804162110392223,
    "std_hybrid": 0.002243499030533015
  }
}