{
  "trial_id": 119,
  "config": {
    "model_type": "coxnet",
    "model_params": {
      "l1_ratio": 0.017391474201343238,
      "alpha_min_ratio": 0.0012727135546699705,
      "n_alphas": 254,
      "max_iter": 853,
      "tol": 1.6739527345120445e-07
    },
    "seed": 42,
    "cv_n_splits": 5,
    "cv_n_repeats": 10,
    "preprocessing_config": {
      "eps": 1e-06,
      "min_speed": 0.01,
      "max_hours": 9999.0
    }
  },
  "result": {
    "c_index": 0.9328005962239152,
    "mean_brier": 0.030951513971962046,
    "hybrid_score": 0.9581741190868012,
    "std_c_index": 0.008284302873111576,
    "std_mean_brier": 0.002888036019500197,
    "std_hybrid": 0.004254394255606812
  }
}