{
  "trial_id": 71,
  "config": {
    "model_type": "gbsa",
    "model_params": {
      "loss": "coxph",
      "n_estimators": 240,
      "learning_rate": 0.08180332469652334,
      "subsample": 0.6921191571806222,
      "max_depth": 6,
      "max_features": null,
      "max_leaf_nodes": 8,
      "min_samples_split": 10,
      "min_samples_leaf": 1,
      "min_weight_fraction_leaf": 0.0,
      "min_impurity_decrease": 0.044241873171267224,
      "criterion": "friedman_mse",
      "ccp_alpha": 0.00018149248311382298,
      "dropout_rate": 0.042533213017662906,
      "validation_fraction": 0.1816976454390149,
      "n_iter_no_change": null,
      "tol": 3.843870952799321e-05,
      "random_state": 777,
      "warm_start": false,
      "verbose": 0
    },
    "seed": 777,
    "cv_n_splits": 5,
    "cv_n_repeats": 10,
    "preprocessing_config": {
      "eps": 1e-06,
      "min_speed": 0.01,
      "max_hours": 9999.0
    }
  },
  "result": {
    "c_index": 0.9367754223252733,
    "mean_brier": 0.0851660390472381,
    "hybrid_score": 0.9214163993645152,
    "std_c_index": 0.002773850181547383,
    "std_mean_brier": 0.011538866330367294,
    "std_hybrid": 0.008416456465335287
  }
}