{
  "trial_id": 211,
  "config": {
    "model_type": "coxnet",
    "model_params": {
      "l1_ratio": 0.9913333404873805,
      "alpha_min_ratio": 0.09800411178854572,
      "n_alphas": 86,
      "max_iter": 12086,
      "tol": 2.4311551781574197e-06
    },
    "seed": 777,
    "cv_n_splits": 5,
    "cv_n_repeats": 10,
    "preprocessing_config": {
      "eps": 1e-06,
      "min_speed": 0.01,
      "max_hours": 9999.0
    }
  },
  "result": {
    "c_index": 0.935847962901623,
    "mean_brier": 0.025979786759419955,
    "hybrid_score": 0.962568538138893,
    "std_c_index": 0.0027925260341164727,
    "std_mean_brier": 0.0005189543172582982,
    "std_hybrid": 0.0010731827047951495
  }
}