{
  "trial_id": 78,
  "config": {
    "model_type": "gbsa",
    "model_params": {
      "loss": "coxph",
      "n_estimators": 419,
      "learning_rate": 0.07125721198727021,
      "subsample": 0.9286929672994151,
      "max_depth": 2,
      "max_features": 0.3,
      "max_leaf_nodes": 63,
      "min_samples_split": 3,
      "min_samples_leaf": 3,
      "min_weight_fraction_leaf": 0.0,
      "min_impurity_decrease": 0.03082989470736883,
      "criterion": "friedman_mse",
      "ccp_alpha": 1.0193681995369045e-05,
      "dropout_rate": 0.0788579642406752,
      "validation_fraction": 0.2799796715209728,
      "n_iter_no_change": 5,
      "tol": 8.959059671090893e-05,
      "random_state": 1024,
      "warm_start": false,
      "verbose": 0
    },
    "seed": 1024,
    "cv_n_splits": 5,
    "cv_n_repeats": 10,
    "preprocessing_config": {
      "eps": 1e-06,
      "min_speed": 0.01,
      "max_hours": 9999.0
    }
  },
  "result": {
    "c_index": 0.939123053991388,
    "mean_brier": 0.12555118153007314,
    "hybrid_score": 0.893851089126365,
    "std_c_index": 0.0035266301937281097,
    "std_mean_brier": 0.007810656598508378,
    "std_hybrid": 0.0053294510752401655
  }
}