{
  "trial_id": 281,
  "config": {
    "model_type": "gbsa",
    "model_params": {
      "loss": "coxph",
      "n_estimators": 354,
      "learning_rate": 0.09350648571792516,
      "subsample": 0.8810069353968089,
      "max_depth": 1,
      "max_features": 0.3,
      "max_leaf_nodes": null,
      "min_samples_split": 8,
      "min_samples_leaf": 6,
      "min_weight_fraction_leaf": 0.0,
      "min_impurity_decrease": 0.03788705553645765,
      "criterion": "friedman_mse",
      "ccp_alpha": 1.6575107428818313e-05,
      "dropout_rate": 0.09601624721571093,
      "validation_fraction": 0.23011053403460294,
      "n_iter_no_change": null,
      "tol": 0.0003358264354307634,
      "random_state": 1024,
      "warm_start": false,
      "verbose": 0
    },
    "seed": 1024,
    "cv_n_splits": 5,
    "cv_n_repeats": 10,
    "preprocessing_config": {
      "eps": 1e-06,
      "min_speed": 0.01,
      "max_hours": 9999.0
    }
  },
  "result": {
    "c_index": 0.9122267307055315,
    "mean_brier": 0.12362803632675053,
    "hybrid_score": 0.8871283937829342,
    "std_c_index": 0.007951430022653427,
    "std_mean_brier": 0.00737357863576444,
    "std_hybrid": 0.005105840032029509
  }
}