{
  "trial_id": 286,
  "config": {
    "model_type": "gbsa",
    "model_params": {
      "loss": "coxph",
      "n_estimators": 162,
      "learning_rate": 0.1199261732434706,
      "subsample": 0.8949713693745247,
      "max_depth": 1,
      "max_features": 0.3,
      "max_leaf_nodes": 63,
      "min_samples_split": 15,
      "min_samples_leaf": 5,
      "min_weight_fraction_leaf": 0.0,
      "min_impurity_decrease": 0.007964710141716699,
      "criterion": "friedman_mse",
      "ccp_alpha": 0.0014235099837327397,
      "dropout_rate": 0.04898560785506205,
      "validation_fraction": 0.2933768398736356,
      "n_iter_no_change": null,
      "tol": 0.0010327590738346498,
      "random_state": 1024,
      "warm_start": false,
      "verbose": 0
    },
    "seed": 1024,
    "cv_n_splits": 5,
    "cv_n_repeats": 10,
    "preprocessing_config": {
      "eps": 1e-06,
      "min_speed": 0.01,
      "max_hours": 9999.0
    }
  },
  "result": {
    "c_index": 0.922043723087115,
    "mean_brier": 0.06526909795315218,
    "hybrid_score": 0.930924748358928,
    "std_c_index": 0.006722601928882006,
    "std_mean_brier": 0.003035167582727447,
    "std_hybrid": 0.002831856248240783
  }
}