{
  "trial_id": 51,
  "config": {
    "model_type": "coxnet",
    "model_params": {
      "l1_ratio": 0.6844586435068789,
      "alpha_min_ratio": 0.05159210698719211,
      "n_alphas": 131,
      "max_iter": 19390,
      "tol": 3.5743947135614145e-07
    },
    "seed": 777,
    "cv_n_splits": 5,
    "cv_n_repeats": 10,
    "preprocessing_config": {
      "eps": 1e-06,
      "min_speed": 0.01,
      "max_hours": 9999.0
    }
  },
  "result": {
    "c_index": 0.9354670420669094,
    "mean_brier": 0.02642350190570896,
    "hybrid_score": 0.9621436612860768,
    "std_c_index": 0.002863810658331565,
    "std_mean_brier": 0.0006064496485686959,
    "std_hybrid": 0.001012894242917097
  }
}