{
  "trial_id": 215,
  "config": {
    "model_type": "coxnet",
    "model_params": {
      "l1_ratio": 0.8616806545152054,
      "alpha_min_ratio": 0.09190332108594694,
      "n_alphas": 270,
      "max_iter": 19340,
      "tol": 4.0929060814376893e-07
    },
    "seed": 2023,
    "cv_n_splits": 5,
    "cv_n_repeats": 10,
    "preprocessing_config": {
      "eps": 1e-06,
      "min_speed": 0.01,
      "max_hours": 9999.0
    }
  },
  "result": {
    "c_index": 0.9372639947002318,
    "mean_brier": 0.02629126393510358,
    "hybrid_score": 0.9627753136554971,
    "std_c_index": 0.0025564214920185927,
    "std_mean_brier": 0.0006866118478713076,
    "std_hybrid": 0.0010818609243196738
  }
}