{
  "trial_id": 291,
  "config": {
    "model_type": "gbsa",
    "model_params": {
      "loss": "coxph",
      "n_estimators": 231,
      "learning_rate": 0.0407157935350976,
      "subsample": 0.6025211493129295,
      "max_depth": 4,
      "max_features": 1.0,
      "max_leaf_nodes": 31,
      "min_samples_split": 11,
      "min_samples_leaf": 2,
      "min_weight_fraction_leaf": 0.0,
      "min_impurity_decrease": 0.020056807002791426,
      "criterion": "friedman_mse",
      "ccp_alpha": 0.00040007016696027464,
      "dropout_rate": 0.02996892925420136,
      "validation_fraction": 0.1982677219461579,
      "n_iter_no_change": null,
      "tol": 1.0632945549020276e-05,
      "random_state": 777,
      "warm_start": false,
      "verbose": 0
    },
    "seed": 777,
    "cv_n_splits": 5,
    "cv_n_repeats": 10,
    "preprocessing_config": {
      "eps": 1e-06,
      "min_speed": 0.01,
      "max_hours": 9999.0
    }
  },
  "result": {
    "c_index": 0.9393010930771778,
    "mean_brier": 0.10652705635565456,
    "hybrid_score": 0.9072213884741951,
    "std_c_index": 0.0026277959013948993,
    "std_mean_brier": 0.009159881364657823,
    "std_hybrid": 0.006585997623418277
  }
}