{
  "trial_id": 20,
  "config": {
    "model_type": "gbsa",
    "model_params": {
      "loss": "coxph",
      "n_estimators": 369,
      "learning_rate": 0.087385365479488,
      "subsample": 0.5623362028054888,
      "max_depth": 5,
      "max_features": 0.7,
      "max_leaf_nodes": null,
      "min_samples_split": 17,
      "min_samples_leaf": 16,
      "min_weight_fraction_leaf": 0.0,
      "min_impurity_decrease": 0.04516455945854273,
      "criterion": "friedman_mse",
      "ccp_alpha": 1.8249395945153847e-07,
      "dropout_rate": 0.14556956887856548,
      "validation_fraction": 0.28154256540034517,
      "n_iter_no_change": 20,
      "tol": 0.0038288282288822537,
      "random_state": 1024,
      "warm_start": false,
      "verbose": 0
    },
    "seed": 1024,
    "cv_n_splits": 5,
    "cv_n_repeats": 10,
    "preprocessing_config": {
      "eps": 1e-06,
      "min_speed": 0.01,
      "max_hours": 9999.0
    }
  },
  "result": {
    "c_index": 0.9063762835375953,
    "mean_brier": 0.14950171639836946,
    "hybrid_score": 0.8672616835824198,
    "std_c_index": 0.0069110395696918205,
    "std_mean_brier": 0.009187680828784557,
    "std_hybrid": 0.006820050974261293
  }
}