{
  "trial_id": 86,
  "config": {
    "model_type": "gbsa",
    "model_params": {
      "loss": "coxph",
      "n_estimators": 411,
      "learning_rate": 0.1821715417226284,
      "subsample": 0.5573964060076202,
      "max_depth": 5,
      "max_features": 1.0,
      "max_leaf_nodes": null,
      "min_samples_split": 7,
      "min_samples_leaf": 18,
      "min_weight_fraction_leaf": 0.0,
      "min_impurity_decrease": 0.026242158135537336,
      "criterion": "friedman_mse",
      "ccp_alpha": 0.00047039001276931826,
      "dropout_rate": 0.09133164109537177,
      "validation_fraction": 0.1471053532726497,
      "n_iter_no_change": null,
      "tol": 2.0136871324672473e-05,
      "random_state": 42,
      "warm_start": false,
      "verbose": 0
    },
    "seed": 42,
    "cv_n_splits": 5,
    "cv_n_repeats": 10,
    "preprocessing_config": {
      "eps": 1e-06,
      "min_speed": 0.01,
      "max_hours": 9999.0
    }
  },
  "result": {
    "c_index": 0.924188473004306,
    "mean_brier": 0.07968682134318483,
    "hybrid_score": 0.9214757669610624,
    "std_c_index": 0.005623875132471131,
    "std_mean_brier": 0.0025757034086420017,
    "std_hybrid": 0.0021629344332348794
  }
}