{
  "trial_id": 27,
  "config": {
    "model_type": "coxnet",
    "model_params": {
      "l1_ratio": 0.4914603259926309,
      "alpha_min_ratio": 0.03333629505820502,
      "n_alphas": 56,
      "max_iter": 1800,
      "tol": 1.2660612322438322e-07
    },
    "seed": 42,
    "cv_n_splits": 5,
    "cv_n_repeats": 10,
    "preprocessing_config": {
      "eps": 1e-06,
      "min_speed": 0.01,
      "max_hours": 9999.0
    }
  },
  "result": {
    "c_index": 0.9356575024842664,
    "mean_brier": 0.027332847190319764,
    "hybrid_score": 0.961564257712056,
    "std_c_index": 0.0048178828114570395,
    "std_mean_brier": 0.0025714928142645628,
    "std_hybrid": 0.003145266811437342
  }
}