{
  "trial_id": 108,
  "config": {
    "model_type": "gbsa",
    "model_params": {
      "loss": "coxph",
      "n_estimators": 366,
      "learning_rate": 0.10219204512744338,
      "subsample": 0.565882221147445,
      "max_depth": 3,
      "max_features": 0.3,
      "max_leaf_nodes": 8,
      "min_samples_split": 15,
      "min_samples_leaf": 10,
      "min_weight_fraction_leaf": 0.0,
      "min_impurity_decrease": 0.015533036695604992,
      "criterion": "friedman_mse",
      "ccp_alpha": 3.266812562242688e-05,
      "dropout_rate": 0.034280384488714274,
      "validation_fraction": 0.25426233295120676,
      "n_iter_no_change": null,
      "tol": 1.5151336586340159e-05,
      "random_state": 2023,
      "warm_start": false,
      "verbose": 0
    },
    "seed": 2023,
    "cv_n_splits": 5,
    "cv_n_repeats": 10,
    "preprocessing_config": {
      "eps": 1e-06,
      "min_speed": 0.01,
      "max_hours": 9999.0
    }
  },
  "result": {
    "c_index": 0.9425306392845314,
    "mean_brier": 0.0610042915220647,
    "hybrid_score": 0.940056187719914,
    "std_c_index": 0.002548845938013888,
    "std_mean_brier": 0.00378151896036136,
    "std_hybrid": 0.002958645135300385
  }
}