{
  "trial_id": 18,
  "config": {
    "model_type": "gbsa",
    "model_params": {
      "loss": "coxph",
      "n_estimators": 263,
      "learning_rate": 0.12211790965594073,
      "subsample": 0.5388326300559987,
      "max_depth": 5,
      "max_features": 1.0,
      "max_leaf_nodes": null,
      "min_samples_split": 13,
      "min_samples_leaf": 6,
      "min_weight_fraction_leaf": 0.0,
      "min_impurity_decrease": 0.0379175157238292,
      "criterion": "friedman_mse",
      "ccp_alpha": 0.0016457394442106353,
      "dropout_rate": 0.12339427680356219,
      "validation_fraction": 0.10072182064999764,
      "n_iter_no_change": 20,
      "tol": 0.0004050178369940571,
      "random_state": 1024,
      "warm_start": false,
      "verbose": 0
    },
    "seed": 1024,
    "cv_n_splits": 5,
    "cv_n_repeats": 10,
    "preprocessing_config": {
      "eps": 1e-06,
      "min_speed": 0.01,
      "max_hours": 9999.0
    }
  },
  "result": {
    "c_index": 0.9398434912222591,
    "mean_brier": 0.12625622678309015,
    "hybrid_score": 0.8935736886185145,
    "std_c_index": 0.0028813711427094855,
    "std_mean_brier": 0.00833048777430052,
    "std_hybrid": 0.006067423066149445
  }
}