{
  "trial_id": 131,
  "config": {
    "model_type": "gbsa",
    "model_params": {
      "loss": "coxph",
      "n_estimators": 359,
      "learning_rate": 0.1657041315072966,
      "subsample": 0.89867287497455,
      "max_depth": 1,
      "max_features": 0.3,
      "max_leaf_nodes": 63,
      "min_samples_split": 19,
      "min_samples_leaf": 5,
      "min_weight_fraction_leaf": 0.0,
      "min_impurity_decrease": 0.02148462811664403,
      "criterion": "friedman_mse",
      "ccp_alpha": 2.0970014391691524e-05,
      "dropout_rate": 0.06015151528211357,
      "validation_fraction": 0.2856195524550807,
      "n_iter_no_change": 20,
      "tol": 0.005713195143597482,
      "random_state": 1024,
      "warm_start": false,
      "verbose": 0
    },
    "seed": 1024,
    "cv_n_splits": 5,
    "cv_n_repeats": 10,
    "preprocessing_config": {
      "eps": 1e-06,
      "min_speed": 0.01,
      "max_hours": 9999.0
    }
  },
  "result": {
    "c_index": 0.9064218284200066,
    "mean_brier": 0.06161906877092491,
    "hybrid_score": 0.9287932003863544,
    "std_c_index": 0.007430001983773243,
    "std_mean_brier": 0.0022886640427286988,
    "std_hybrid": 0.00308815036921646
  }
}