{
  "trial_id": 264,
  "config": {
    "model_type": "coxnet",
    "model_params": {
      "l1_ratio": 0.8821800424896762,
      "alpha_min_ratio": 0.09654793482075842,
      "n_alphas": 225,
      "max_iter": 16622,
      "tol": 7.30194444553704e-06
    },
    "seed": 42,
    "cv_n_splits": 5,
    "cv_n_repeats": 10,
    "preprocessing_config": {
      "eps": 1e-06,
      "min_speed": 0.01,
      "max_hours": 9999.0
    }
  },
  "result": {
    "c_index": 0.9399884067572044,
    "mean_brier": 0.026133319126310284,
    "hybrid_score": 0.9637031986387441,
    "std_c_index": 0.0025394257260120314,
    "std_mean_brier": 0.0007739109220318417,
    "std_hybrid": 0.0011441099926232782
  }
}