{
  "trial_id": 34,
  "config": {
    "model_type": "coxnet",
    "model_params": {
      "l1_ratio": 0.9082705192031979,
      "alpha_min_ratio": 0.04947330176868376,
      "n_alphas": 242,
      "max_iter": 15958,
      "tol": 4.094998930590532e-07
    },
    "seed": 2023,
    "cv_n_splits": 5,
    "cv_n_repeats": 10,
    "preprocessing_config": {
      "eps": 1e-06,
      "min_speed": 0.01,
      "max_hours": 9999.0
    }
  },
  "result": {
    "c_index": 0.9353676714143757,
    "mean_brier": 0.025767321493405704,
    "hybrid_score": 0.9625731763789286,
    "std_c_index": 0.003117674492570703,
    "std_mean_brier": 0.0009610908034469785,
    "std_hybrid": 0.0013387024294469936
  }
}