{
  "trial_id": 90,
  "config": {
    "model_type": "gbsa",
    "model_params": {
      "loss": "coxph",
      "n_estimators": 492,
      "learning_rate": 0.08877627186667528,
      "subsample": 0.5268545349938861,
      "max_depth": 2,
      "max_features": 0.3,
      "max_leaf_nodes": 16,
      "min_samples_split": 17,
      "min_samples_leaf": 20,
      "min_weight_fraction_leaf": 0.0,
      "min_impurity_decrease": 0.0129735043656052,
      "criterion": "friedman_mse",
      "ccp_alpha": 0.0036684091659540284,
      "dropout_rate": 0.0037826811968616667,
      "validation_fraction": 0.1519279675284646,
      "n_iter_no_change": null,
      "tol": 0.00021745982029757952,
      "random_state": 2023,
      "warm_start": false,
      "verbose": 0
    },
    "seed": 2023,
    "cv_n_splits": 5,
    "cv_n_repeats": 10,
    "preprocessing_config": {
      "eps": 1e-06,
      "min_speed": 0.01,
      "max_hours": 9999.0
    }
  },
  "result": {
    "c_index": 0.9402202716131169,
    "mean_brier": 0.03095471738682285,
    "hybrid_score": 0.960397779313159,
    "std_c_index": 0.0023526175416136324,
    "std_mean_brier": 0.0036206439713325758,
    "std_hybrid": 0.0029896137263922054
  }
}