{
  "trial_id": 52,
  "config": {
    "model_type": "coxnet",
    "model_params": {
      "l1_ratio": 0.9955051312902431,
      "alpha_min_ratio": 0.0595709448265719,
      "n_alphas": 211,
      "max_iter": 17417,
      "tol": 8.521805373619164e-06
    },
    "seed": 1024,
    "cv_n_splits": 5,
    "cv_n_repeats": 10,
    "preprocessing_config": {
      "eps": 1e-06,
      "min_speed": 0.01,
      "max_hours": 9999.0
    }
  },
  "result": {
    "c_index": 0.9359059291156011,
    "mean_brier": 0.02566384758007436,
    "hybrid_score": 0.9628070854286281,
    "std_c_index": 0.003323515481379511,
    "std_mean_brier": 0.0008140804960069548,
    "std_hybrid": 0.0014450441222327109
  }
}