{
  "trial_id": 21,
  "config": {
    "model_type": "gbsa",
    "model_params": {
      "loss": "coxph",
      "n_estimators": 454,
      "learning_rate": 0.031466698439557725,
      "subsample": 0.6036478592535093,
      "max_depth": 3,
      "max_features": 0.3,
      "max_leaf_nodes": 8,
      "min_samples_split": 13,
      "min_samples_leaf": 15,
      "min_weight_fraction_leaf": 0.0,
      "min_impurity_decrease": 0.035275705814228626,
      "criterion": "friedman_mse",
      "ccp_alpha": 0.0017751775804636329,
      "dropout_rate": 0.03643722596657186,
      "validation_fraction": 0.2622712989492526,
      "n_iter_no_change": 10,
      "tol": 0.0006325861765510167,
      "random_state": 2023,
      "warm_start": false,
      "verbose": 0
    },
    "seed": 2023,
    "cv_n_splits": 5,
    "cv_n_repeats": 10,
    "preprocessing_config": {
      "eps": 1e-06,
      "min_speed": 0.01,
      "max_hours": 9999.0
    }
  },
  "result": {
    "c_index": 0.9129844319311031,
    "mean_brier": 0.14228126759996435,
    "hybrid_score": 0.8742984422593558,
    "std_c_index": 0.00481311950611803,
    "std_mean_brier": 0.010168800434896099,
    "std_hybrid": 0.007783575615123444
  }
}