{
  "trial_id": 229,
  "config": {
    "model_type": "coxnet",
    "model_params": {
      "l1_ratio": 0.9069982829628808,
      "alpha_min_ratio": 0.09392142312855174,
      "n_alphas": 151,
      "max_iter": 13821,
      "tol": 8.483969486696039e-07
    },
    "seed": 777,
    "cv_n_splits": 5,
    "cv_n_repeats": 10,
    "preprocessing_config": {
      "eps": 1e-06,
      "min_speed": 0.01,
      "max_hours": 9999.0
    }
  },
  "result": {
    "c_index": 0.9366594898973171,
    "mean_brier": 0.026071039569175797,
    "hybrid_score": 0.962748119270772,
    "std_c_index": 0.002908336890800158,
    "std_mean_brier": 0.0005407889535496194,
    "std_hybrid": 0.001118632900686363
  }
}