{
  "trial_id": 150,
  "config": {
    "model_type": "coxnet",
    "model_params": {
      "l1_ratio": 0.7769302722466956,
      "alpha_min_ratio": 0.0013493931635474628,
      "n_alphas": 198,
      "max_iter": 1874,
      "tol": 1.1285666089604207e-05
    },
    "seed": 42,
    "cv_n_splits": 5,
    "cv_n_repeats": 10,
    "preprocessing_config": {
      "eps": 1e-06,
      "min_speed": 0.01,
      "max_hours": 9999.0
    }
  },
  "result": {
    "c_index": 0.9253892017224248,
    "mean_brier": 0.03719845580689684,
    "hybrid_score": 0.9515778414518996,
    "std_c_index": 0.012272487916560357,
    "std_mean_brier": 0.006137677399072558,
    "std_hybrid": 0.007662094595960451
  }
}