{
  "trial_id": 182,
  "config": {
    "model_type": "coxnet",
    "model_params": {
      "l1_ratio": 0.998633194183136,
      "alpha_min_ratio": 0.05393064395060667,
      "n_alphas": 299,
      "max_iter": 17810,
      "tol": 3.272400769935471e-05
    },
    "seed": 42,
    "cv_n_splits": 5,
    "cv_n_repeats": 10,
    "preprocessing_config": {
      "eps": 1e-06,
      "min_speed": 0.01,
      "max_hours": 9999.0
    }
  },
  "result": {
    "c_index": 0.9375869493209672,
    "mean_brier": 0.025415935370212445,
    "hybrid_score": 0.9634849300371414,
    "std_c_index": 0.004427456979621404,
    "std_mean_brier": 0.001902463757231189,
    "std_hybrid": 0.002571231392609363
  }
}