{
  "trial_id": 167,
  "config": {
    "model_type": "coxnet",
    "model_params": {
      "l1_ratio": 0.9970907536290127,
      "alpha_min_ratio": 0.06563982940460839,
      "n_alphas": 236,
      "max_iter": 17322,
      "tol": 1.0796486593130646e-05
    },
    "seed": 42,
    "cv_n_splits": 5,
    "cv_n_repeats": 10,
    "preprocessing_config": {
      "eps": 1e-06,
      "min_speed": 0.01,
      "max_hours": 9999.0
    }
  },
  "result": {
    "c_index": 0.9392265650877775,
    "mean_brier": 0.02508533226178524,
    "hybrid_score": 0.9642082369430834,
    "std_c_index": 0.002539803745325181,
    "std_mean_brier": 0.0009515129355557466,
    "std_hybrid": 0.001262928898243044
  }
}