{
  "trial_id": 139,
  "config": {
    "model_type": "gbsa",
    "model_params": {
      "loss": "coxph",
      "n_estimators": 399,
      "learning_rate": 0.13674633000185443,
      "subsample": 0.6893410237917386,
      "max_depth": 3,
      "max_features": "log2",
      "max_leaf_nodes": null,
      "min_samples_split": 10,
      "min_samples_leaf": 19,
      "min_weight_fraction_leaf": 0.0,
      "min_impurity_decrease": 0.01381361864344119,
      "criterion": "friedman_mse",
      "ccp_alpha": 2.287739135450647e-07,
      "dropout_rate": 0.04554270079639131,
      "validation_fraction": 0.22304315037030606,
      "n_iter_no_change": null,
      "tol": 0.00018985656921530523,
      "random_state": 2023,
      "warm_start": false,
      "verbose": 0
    },
    "seed": 2023,
    "cv_n_splits": 5,
    "cv_n_repeats": 10,
    "preprocessing_config": {
      "eps": 1e-06,
      "min_speed": 0.01,
      "max_hours": 9999.0
    }
  },
  "result": {
    "c_index": 0.9379430274925472,
    "mean_brier": 0.06801605212210418,
    "hybrid_score": 0.9337716717622913,
    "std_c_index": 0.004067290160090713,
    "std_mean_brier": 0.003679413651684044,
    "std_hybrid": 0.003505478279755139
  }
}