{
  "trial_id": 226,
  "config": {
    "model_type": "gbsa",
    "model_params": {
      "loss": "coxph",
      "n_estimators": 321,
      "learning_rate": 0.1531570394134858,
      "subsample": 0.9672127715527735,
      "max_depth": 4,
      "max_features": 0.5,
      "max_leaf_nodes": 63,
      "min_samples_split": 17,
      "min_samples_leaf": 6,
      "min_weight_fraction_leaf": 0.0,
      "min_impurity_decrease": 0.03965309971949871,
      "criterion": "friedman_mse",
      "ccp_alpha": 1.2412638993583162e-06,
      "dropout_rate": 0.10948773970906664,
      "validation_fraction": 0.2704696492005084,
      "n_iter_no_change": null,
      "tol": 0.0004176953446278547,
      "random_state": 1024,
      "warm_start": false,
      "verbose": 0
    },
    "seed": 1024,
    "cv_n_splits": 5,
    "cv_n_repeats": 10,
    "preprocessing_config": {
      "eps": 1e-06,
      "min_speed": 0.01,
      "max_hours": 9999.0
    }
  },
  "result": {
    "c_index": 0.9401664458429944,
    "mean_brier": 0.09747531898317222,
    "hybrid_score": 0.9138172104646779,
    "std_c_index": 0.004060188153074212,
    "std_mean_brier": 0.007294712526439434,
    "std_hybrid": 0.00570954212892228
  }
}