{
  "trial_id": 7,
  "config": {
    "model_type": "coxnet",
    "model_params": {
      "l1_ratio": 0.774681357713942,
      "alpha_min_ratio": 0.0005920505873699811,
      "n_alphas": 63,
      "max_iter": 17430,
      "tol": 1.0661346681812166e-07
    },
    "seed": 1024,
    "cv_n_splits": 5,
    "cv_n_repeats": 10,
    "preprocessing_config": {
      "eps": 1e-06,
      "min_speed": 0.01,
      "max_hours": 9999.0
    }
  },
  "result": {
    "c_index": 0.9052335210334549,
    "mean_brier": 0.05644905853619266,
    "hybrid_score": 0.9320557153347014,
    "std_c_index": 0.012051818600773267,
    "std_mean_brier": 0.008516968796307442,
    "std_hybrid": 0.007307687303149942
  }
}