{
  "trial_id": 280,
  "config": {
    "model_type": "coxnet",
    "model_params": {
      "l1_ratio": 0.9068560745010921,
      "alpha_min_ratio": 0.09701484224404207,
      "n_alphas": 254,
      "max_iter": 14086,
      "tol": 7.652126818063614e-06
    },
    "seed": 1024,
    "cv_n_splits": 5,
    "cv_n_repeats": 10,
    "preprocessing_config": {
      "eps": 1e-06,
      "min_speed": 0.01,
      "max_hours": 9999.0
    }
  },
  "result": {
    "c_index": 0.9371149387214309,
    "mean_brier": 0.026322300649654747,
    "hybrid_score": 0.9627088711616711,
    "std_c_index": 0.0035257915555700426,
    "std_mean_brier": 0.0007400456525401741,
    "std_hybrid": 0.0015023713677023943
  }
}