{
  "trial_id": 258,
  "config": {
    "model_type": "gbsa",
    "model_params": {
      "loss": "coxph",
      "n_estimators": 435,
      "learning_rate": 0.08538206479499365,
      "subsample": 0.7367032119513583,
      "max_depth": 1,
      "max_features": 0.7,
      "max_leaf_nodes": 31,
      "min_samples_split": 15,
      "min_samples_leaf": 10,
      "min_weight_fraction_leaf": 0.0,
      "min_impurity_decrease": 0.036460545136734135,
      "criterion": "friedman_mse",
      "ccp_alpha": 1.6002344305949174e-08,
      "dropout_rate": 0.0003728538271642347,
      "validation_fraction": 0.2570743442733275,
      "n_iter_no_change": null,
      "tol": 1.27283194890256e-05,
      "random_state": 2023,
      "warm_start": false,
      "verbose": 0
    },
    "seed": 2023,
    "cv_n_splits": 5,
    "cv_n_repeats": 10,
    "preprocessing_config": {
      "eps": 1e-06,
      "min_speed": 0.01,
      "max_hours": 9999.0
    }
  },
  "result": {
    "c_index": 0.9382618416694269,
    "mean_brier": 0.030563520005748145,
    "hybrid_score": 0.9600840884968042,
    "std_c_index": 0.002855432722417138,
    "std_mean_brier": 0.0038034739994872576,
    "std_hybrid": 0.0033378625056524145
  }
}