{
  "trial_id": 160,
  "config": {
    "model_type": "coxnet",
    "model_params": {
      "l1_ratio": 0.9996844351723294,
      "alpha_min_ratio": 0.051239447891557335,
      "n_alphas": 94,
      "max_iter": 18310,
      "tol": 4.287370590635425e-06
    },
    "seed": 777,
    "cv_n_splits": 5,
    "cv_n_repeats": 10,
    "preprocessing_config": {
      "eps": 1e-06,
      "min_speed": 0.01,
      "max_hours": 9999.0
    }
  },
  "result": {
    "c_index": 0.9357320304736667,
    "mean_brier": 0.025307258363784342,
    "hybrid_score": 0.9630045282874509,
    "std_c_index": 0.0034015100774063976,
    "std_mean_brier": 0.0006593493955139507,
    "std_hybrid": 0.00126754325904529
  }
}