{
  "trial_id": 133,
  "config": {
    "model_type": "coxnet",
    "model_params": {
      "l1_ratio": 0.9605661168893397,
      "alpha_min_ratio": 0.07437753056033826,
      "n_alphas": 237,
      "max_iter": 19989,
      "tol": 6.0720768788532273e-05
    },
    "seed": 1024,
    "cv_n_splits": 5,
    "cv_n_repeats": 10,
    "preprocessing_config": {
      "eps": 1e-06,
      "min_speed": 0.01,
      "max_hours": 9999.0
    }
  },
  "result": {
    "c_index": 0.9363779397151376,
    "mean_brier": 0.025748190642065478,
    "hybrid_score": 0.9628896484650953,
    "std_c_index": 0.0036127929184588225,
    "std_mean_brier": 0.0007981017666214302,
    "std_hybrid": 0.0015388500754601872
  }
}