{
  "trial_id": 28,
  "config": {
    "model_type": "coxnet",
    "model_params": {
      "l1_ratio": 0.9909523663412898,
      "alpha_min_ratio": 0.05120933705518133,
      "n_alphas": 252,
      "max_iter": 11154,
      "tol": 7.265536029882081e-06
    },
    "seed": 1024,
    "cv_n_splits": 5,
    "cv_n_repeats": 10,
    "preprocessing_config": {
      "eps": 1e-06,
      "min_speed": 0.01,
      "max_hours": 9999.0
    }
  },
  "result": {
    "c_index": 0.9358810864524678,
    "mean_brier": 0.025702618750550014,
    "hybrid_score": 0.9627724928103554,
    "std_c_index": 0.0031975487446914154,
    "std_mean_brier": 0.0008773224912197327,
    "std_hybrid": 0.0014050736337426516
  }
}