{
  "trial_id": 180,
  "config": {
    "model_type": "coxnet",
    "model_params": {
      "l1_ratio": 0.9191373807467572,
      "alpha_min_ratio": 0.09111117609751601,
      "n_alphas": 276,
      "max_iter": 1471,
      "tol": 3.560545652278417e-05
    },
    "seed": 42,
    "cv_n_splits": 5,
    "cv_n_repeats": 10,
    "preprocessing_config": {
      "eps": 1e-06,
      "min_speed": 0.01,
      "max_hours": 9999.0
    }
  },
  "result": {
    "c_index": 0.9397813845644253,
    "mean_brier": 0.025757020615481713,
    "hybrid_score": 0.9639045009384904,
    "std_c_index": 0.002276205008491253,
    "std_mean_brier": 0.0007640646693660227,
    "std_hybrid": 0.0010621455378140008
  }
}