{
  "trial_id": 89,
  "config": {
    "model_type": "coxnet",
    "model_params": {
      "l1_ratio": 0.9331541076764998,
      "alpha_min_ratio": 0.09859405477401985,
      "n_alphas": 278,
      "max_iter": 19248,
      "tol": 1.3630624763101932e-06
    },
    "seed": 1024,
    "cv_n_splits": 5,
    "cv_n_repeats": 10,
    "preprocessing_config": {
      "eps": 1e-06,
      "min_speed": 0.01,
      "max_hours": 9999.0
    }
  },
  "result": {
    "c_index": 0.936700894335873,
    "mean_brier": 0.02622713922566719,
    "hybrid_score": 0.9626512708427948,
    "std_c_index": 0.003518198271036866,
    "std_mean_brier": 0.0007242709103317996,
    "std_hybrid": 0.0014799665177731424
  }
}