{
  "trial_id": 273,
  "config": {
    "model_type": "coxnet",
    "model_params": {
      "l1_ratio": 0.7216383643163724,
      "alpha_min_ratio": 0.05224793638835194,
      "n_alphas": 241,
      "max_iter": 1466,
      "tol": 1.5206870005814243e-06
    },
    "seed": 42,
    "cv_n_splits": 5,
    "cv_n_repeats": 10,
    "preprocessing_config": {
      "eps": 1e-06,
      "min_speed": 0.01,
      "max_hours": 9999.0
    }
  },
  "result": {
    "c_index": 0.9375538257701225,
    "mean_brier": 0.026478221540258667,
    "hybrid_score": 0.9627313926528555,
    "std_c_index": 0.004573037297655681,
    "std_mean_brier": 0.00189001137744183,
    "std_hybrid": 0.002515739360687852
  }
}