{
  "trial_id": 244,
  "config": {
    "model_type": "coxnet",
    "model_params": {
      "l1_ratio": 0.9974266045496165,
      "alpha_min_ratio": 0.05084849640163436,
      "n_alphas": 221,
      "max_iter": 19882,
      "tol": 9.098022916137624e-06
    },
    "seed": 42,
    "cv_n_splits": 5,
    "cv_n_repeats": 10,
    "preprocessing_config": {
      "eps": 1e-06,
      "min_speed": 0.01,
      "max_hours": 9999.0
    }
  },
  "result": {
    "c_index": 0.937570387545545,
    "mean_brier": 0.025579056979537718,
    "hybrid_score": 0.9633657763779869,
    "std_c_index": 0.004547323401667788,
    "std_mean_brier": 0.00230616542412085,
    "std_hybrid": 0.0028738478112848203
  }
}