{
  "trial_id": 258,
  "config": {
    "model_type": "coxnet",
    "model_params": {
      "l1_ratio": 0.9268286595940245,
      "alpha_min_ratio": 0.05862284871021926,
      "n_alphas": 69,
      "max_iter": 11100,
      "tol": 7.945401895159421e-06
    },
    "seed": 2023,
    "cv_n_splits": 5,
    "cv_n_repeats": 10,
    "preprocessing_config": {
      "eps": 1e-06,
      "min_speed": 0.01,
      "max_hours": 9999.0
    }
  },
  "result": {
    "c_index": 0.9359721762172907,
    "mean_brier": 0.0257566607943506,
    "hybrid_score": 0.9627619903091416,
    "std_c_index": 0.002678147139720629,
    "std_mean_brier": 0.0009090064435420256,
    "std_hybrid": 0.0012357692922055062
  }
}