{
  "trial_id": 272,
  "config": {
    "model_type": "coxnet",
    "model_params": {
      "l1_ratio": 0.9874394395884453,
      "alpha_min_ratio": 0.057180708593663865,
      "n_alphas": 86,
      "max_iter": 15429,
      "tol": 1.2123550656315874e-07
    },
    "seed": 777,
    "cv_n_splits": 5,
    "cv_n_repeats": 10,
    "preprocessing_config": {
      "eps": 1e-06,
      "min_speed": 0.01,
      "max_hours": 9999.0
    }
  },
  "result": {
    "c_index": 0.9359224908910235,
    "mean_brier": 0.025256904220118837,
    "hybrid_score": 0.9630969143132238,
    "std_c_index": 0.003836795419544011,
    "std_mean_brier": 0.0005831421488555544,
    "std_hybrid": 0.0014119357302336331
  }
}