{
  "trial_id": 72,
  "config": {
    "model_type": "coxnet",
    "model_params": {
      "l1_ratio": 0.8841803871864394,
      "alpha_min_ratio": 0.015669222093821676,
      "n_alphas": 109,
      "max_iter": 18983,
      "tol": 4.014764121605745e-07
    },
    "seed": 777,
    "cv_n_splits": 5,
    "cv_n_repeats": 10,
    "preprocessing_config": {
      "eps": 1e-06,
      "min_speed": 0.01,
      "max_hours": 9999.0
    }
  },
  "result": {
    "c_index": 0.9241470685657502,
    "mean_brier": 0.03276939074775983,
    "hybrid_score": 0.9543055470462931,
    "std_c_index": 0.012263544582950255,
    "std_mean_brier": 0.0053828166419001445,
    "std_hybrid": 0.006927952069417427
  }
}