{
  "trial_id": 14,
  "config": {
    "model_type": "coxnet",
    "model_params": {
      "l1_ratio": 0.899077240430685,
      "alpha_min_ratio": 0.08644478501850812,
      "n_alphas": 147,
      "max_iter": 19107,
      "tol": 4.354362175904294e-05
    },
    "seed": 1024,
    "cv_n_splits": 5,
    "cv_n_repeats": 10,
    "preprocessing_config": {
      "eps": 1e-06,
      "min_speed": 0.01,
      "max_hours": 9999.0
    }
  },
  "result": {
    "c_index": 0.9371066578337199,
    "mean_brier": 0.026198337575873393,
    "hybrid_score": 0.9627931610470044,
    "std_c_index": 0.0036989252538901815,
    "std_mean_brier": 0.0008011515232887756,
    "std_hybrid": 0.0015840535854594765
  }
}