{
  "trial_id": 112,
  "config": {
    "model_type": "gbsa",
    "model_params": {
      "loss": "coxph",
      "n_estimators": 362,
      "learning_rate": 0.03200769113953085,
      "subsample": 0.651910165855468,
      "max_depth": 6,
      "max_features": "sqrt",
      "max_leaf_nodes": 31,
      "min_samples_split": 6,
      "min_samples_leaf": 11,
      "min_weight_fraction_leaf": 0.0,
      "min_impurity_decrease": 0.02584614628474357,
      "criterion": "friedman_mse",
      "ccp_alpha": 0.0001353279765015332,
      "dropout_rate": 0.0032491159868984886,
      "validation_fraction": 0.2608794152896854,
      "n_iter_no_change": null,
      "tol": 6.0056064669197734e-05,
      "random_state": 42,
      "warm_start": false,
      "verbose": 0
    },
    "seed": 42,
    "cv_n_splits": 5,
    "cv_n_repeats": 10,
    "preprocessing_config": {
      "eps": 1e-06,
      "min_speed": 0.01,
      "max_hours": 9999.0
    }
  },
  "result": {
    "c_index": 0.9438141768797615,
    "mean_brier": 0.046636616528458526,
    "hybrid_score": 0.9504986214940073,
    "std_c_index": 0.0011505666952874413,
    "std_mean_brier": 0.0017120386093049027,
    "std_hybrid": 0.0010811517593300446
  }
}