{
  "trial_id": 43,
  "config": {
    "model_type": "coxnet",
    "model_params": {
      "l1_ratio": 0.7699141048787412,
      "alpha_min_ratio": 0.05417829825527852,
      "n_alphas": 92,
      "max_iter": 10522,
      "tol": 1.8246058934723652e-07
    },
    "seed": 42,
    "cv_n_splits": 5,
    "cv_n_repeats": 10,
    "preprocessing_config": {
      "eps": 1e-06,
      "min_speed": 0.01,
      "max_hours": 9999.0
    }
  },
  "result": {
    "c_index": 0.9376200728718118,
    "mean_brier": 0.02616065061051916,
    "hybrid_score": 0.9629735664341801,
    "std_c_index": 0.0045719275264115644,
    "std_mean_brier": 0.0018421454533510194,
    "std_hybrid": 0.0025160510961917187
  }
}