{
  "trial_id": 282,
  "config": {
    "model_type": "coxnet",
    "model_params": {
      "l1_ratio": 0.9866170126835534,
      "alpha_min_ratio": 0.07786001368673877,
      "n_alphas": 114,
      "max_iter": 16432,
      "tol": 5.559096216076543e-05
    },
    "seed": 2023,
    "cv_n_splits": 5,
    "cv_n_repeats": 10,
    "preprocessing_config": {
      "eps": 1e-06,
      "min_speed": 0.01,
      "max_hours": 9999.0
    }
  },
  "result": {
    "c_index": 0.9364607485922491,
    "mean_brier": 0.025855439750994063,
    "hybrid_score": 0.9628394167519788,
    "std_c_index": 0.0025957776301821452,
    "std_mean_brier": 0.0007614087139809881,
    "std_hybrid": 0.0011580361819149717
  }
}