{
  "trial_id": 67,
  "config": {
    "model_type": "gbsa",
    "model_params": {
      "loss": "coxph",
      "n_estimators": 489,
      "learning_rate": 0.07157150835780933,
      "subsample": 0.9679616720457824,
      "max_depth": 1,
      "max_features": 0.3,
      "max_leaf_nodes": 63,
      "min_samples_split": 17,
      "min_samples_leaf": 1,
      "min_weight_fraction_leaf": 0.0,
      "min_impurity_decrease": 0.034004807020259514,
      "criterion": "friedman_mse",
      "ccp_alpha": 5.081596090376027e-05,
      "dropout_rate": 0.028287777460558515,
      "validation_fraction": 0.2031224753838692,
      "n_iter_no_change": 10,
      "tol": 0.0018008908638770169,
      "random_state": 1024,
      "warm_start": false,
      "verbose": 0
    },
    "seed": 1024,
    "cv_n_splits": 5,
    "cv_n_repeats": 10,
    "preprocessing_config": {
      "eps": 1e-06,
      "min_speed": 0.01,
      "max_hours": 9999.0
    }
  },
  "result": {
    "c_index": 0.9148310698906922,
    "mean_brier": 0.07033632940699379,
    "hybrid_score": 0.9252138903823119,
    "std_c_index": 0.008481343245491473,
    "std_mean_brier": 0.003392178532391052,
    "std_hybrid": 0.0035590396848607306
  }
}