{
  "trial_id": 211,
  "config": {
    "model_type": "coxnet",
    "model_params": {
      "l1_ratio": 0.975671038957015,
      "alpha_min_ratio": 0.06992920338478863,
      "n_alphas": 109,
      "max_iter": 9955,
      "tol": 2.0689963883207518e-08
    },
    "seed": 1024,
    "cv_n_splits": 5,
    "cv_n_repeats": 10,
    "preprocessing_config": {
      "eps": 1e-06,
      "min_speed": 0.01,
      "max_hours": 9999.0
    }
  },
  "result": {
    "c_index": 0.9359556144418683,
    "mean_brier": 0.025663460109083536,
    "hybrid_score": 0.9628222622562019,
    "std_c_index": 0.0036304303270218367,
    "std_mean_brier": 0.0008361462900480621,
    "std_hybrid": 0.001581565936785274
  }
}