{
  "trial_id": 185,
  "config": {
    "model_type": "coxnet",
    "model_params": {
      "l1_ratio": 0.9961354403607089,
      "alpha_min_ratio": 0.08411776793974793,
      "n_alphas": 58,
      "max_iter": 14695,
      "tol": 3.941527206034066e-08
    },
    "seed": 1024,
    "cv_n_splits": 5,
    "cv_n_repeats": 10,
    "preprocessing_config": {
      "eps": 1e-06,
      "min_speed": 0.01,
      "max_hours": 9999.0
    }
  },
  "result": {
    "c_index": 0.9358355415700563,
    "mean_brier": 0.025741376415725103,
    "hybrid_score": 0.9627316989800093,
    "std_c_index": 0.003693501037347939,
    "std_mean_brier": 0.0007986909786861299,
    "std_hybrid": 0.0015794577612933838
  }
}