{
  "trial_id": 191,
  "config": {
    "model_type": "coxnet",
    "model_params": {
      "l1_ratio": 0.9631682508451692,
      "alpha_min_ratio": 0.050555028293077287,
      "n_alphas": 245,
      "max_iter": 17252,
      "tol": 3.649001844974601e-05
    },
    "seed": 42,
    "cv_n_splits": 5,
    "cv_n_repeats": 10,
    "preprocessing_config": {
      "eps": 1e-06,
      "min_speed": 0.01,
      "max_hours": 9999.0
    }
  },
  "result": {
    "c_index": 0.9377360052997682,
    "mean_brier": 0.025603962980138645,
    "hybrid_score": 0.9633980275038333,
    "std_c_index": 0.004253096497240384,
    "std_mean_brier": 0.002114750513121378,
    "std_hybrid": 0.002649672215994438
  }
}