{
  "trial_id": 132,
  "config": {
    "model_type": "coxnet",
    "model_params": {
      "l1_ratio": 0.9882224545581377,
      "alpha_min_ratio": 0.042643678444253846,
      "n_alphas": 132,
      "max_iter": 18372,
      "tol": 2.890176931378788e-07
    },
    "seed": 2023,
    "cv_n_splits": 5,
    "cv_n_repeats": 10,
    "preprocessing_config": {
      "eps": 1e-06,
      "min_speed": 0.01,
      "max_hours": 9999.0
    }
  },
  "result": {
    "c_index": 0.9344484928784367,
    "mean_brier": 0.02580543030573314,
    "hybrid_score": 0.9622707466495177,
    "std_c_index": 0.003276386358099574,
    "std_mean_brier": 0.0010314308148958755,
    "std_hybrid": 0.0013813343590770156
  }
}