{
  "trial_id": 289,
  "config": {
    "model_type": "coxnet",
    "model_params": {
      "l1_ratio": 0.7284368623110533,
      "alpha_min_ratio": 0.07173133689869682,
      "n_alphas": 69,
      "max_iter": 8044,
      "tol": 1.9048551317322835e-08
    },
    "seed": 777,
    "cv_n_splits": 5,
    "cv_n_repeats": 10,
    "preprocessing_config": {
      "eps": 1e-06,
      "min_speed": 0.01,
      "max_hours": 9999.0
    }
  },
  "result": {
    "c_index": 0.9362868499503147,
    "mean_brier": 0.026444549533404395,
    "hybrid_score": 0.9623748703117112,
    "std_c_index": 0.0028846029886819987,
    "std_mean_brier": 0.00045935401496020824,
    "std_hybrid": 0.0010340336714532161
  }
}