{
  "trial_id": 41,
  "config": {
    "model_type": "gbsa",
    "model_params": {
      "loss": "coxph",
      "n_estimators": 498,
      "learning_rate": 0.0290754954744757,
      "subsample": 0.606456373825913,
      "max_depth": 2,
      "max_features": 0.5,
      "max_leaf_nodes": null,
      "min_samples_split": 8,
      "min_samples_leaf": 17,
      "min_weight_fraction_leaf": 0.0,
      "min_impurity_decrease": 0.010867493293063286,
      "criterion": "friedman_mse",
      "ccp_alpha": 0.0007519183608084972,
      "dropout_rate": 0.1082758816947421,
      "validation_fraction": 0.23136676769636028,
      "n_iter_no_change": null,
      "tol": 0.0001853209448849905,
      "random_state": 2023,
      "warm_start": false,
      "verbose": 0
    },
    "seed": 2023,
    "cv_n_splits": 5,
    "cv_n_repeats": 10,
    "preprocessing_config": {
      "eps": 1e-06,
      "min_speed": 0.01,
      "max_hours": 9999.0
    }
  },
  "result": {
    "c_index": 0.9355622722755881,
    "mean_brier": 0.20093586746505965,
    "hybrid_score": 0.8400135744571345,
    "std_c_index": 0.004773127309654044,
    "std_mean_brier": 0.009935406107434852,
    "std_hybrid": 0.006713790326362198
  }
}