{
  "trial_id": 130,
  "config": {
    "model_type": "coxnet",
    "model_params": {
      "l1_ratio": 0.9149003166614423,
      "alpha_min_ratio": 0.04006185522274364,
      "n_alphas": 136,
      "max_iter": 103,
      "tol": 7.969592409827025e-05
    },
    "seed": 42,
    "cv_n_splits": 5,
    "cv_n_repeats": 10,
    "preprocessing_config": {
      "eps": 1e-06,
      "min_speed": 0.01,
      "max_hours": 9999.0
    }
  },
  "result": {
    "c_index": 0.9372971182510765,
    "mean_brier": 0.026173646632675747,
    "hybrid_score": 0.96286758283245,
    "std_c_index": 0.004328267202775863,
    "std_mean_brier": 0.0027259015923785175,
    "std_hybrid": 0.0030607946693328204
  }
}