{
  "trial_id": 60,
  "config": {
    "model_type": "coxnet",
    "model_params": {
      "l1_ratio": 0.9587512560660302,
      "alpha_min_ratio": 0.0780029019431484,
      "n_alphas": 220,
      "max_iter": 581,
      "tol": 4.799072636891795e-06
    },
    "seed": 42,
    "cv_n_splits": 5,
    "cv_n_repeats": 10,
    "preprocessing_config": {
      "eps": 1e-06,
      "min_speed": 0.01,
      "max_hours": 9999.0
    }
  },
  "result": {
    "c_index": 0.9393507784034449,
    "mean_brier": 0.025375348797456447,
    "hybrid_score": 0.9640424893628138,
    "std_c_index": 0.002302682453955056,
    "std_mean_brier": 0.0008090595470616664,
    "std_hybrid": 0.0011126186921941847
  }
}