{
  "trial_id": 176,
  "config": {
    "model_type": "coxnet",
    "model_params": {
      "l1_ratio": 0.9566457162639587,
      "alpha_min_ratio": 0.06781806594306287,
      "n_alphas": 120,
      "max_iter": 12820,
      "tol": 3.0469303086575516e-08
    },
    "seed": 1024,
    "cv_n_splits": 5,
    "cv_n_repeats": 10,
    "preprocessing_config": {
      "eps": 1e-06,
      "min_speed": 0.01,
      "max_hours": 9999.0
    }
  },
  "result": {
    "c_index": 0.9361129513083803,
    "mean_brier": 0.02567232055757813,
    "hybrid_score": 0.9628632610022093,
    "std_c_index": 0.003586159823609875,
    "std_mean_brier": 0.0008273219547614094,
    "std_hybrid": 0.0015688506649437046
  }
}