{
  "trial_id": 97,
  "config": {
    "model_type": "coxnet",
    "model_params": {
      "l1_ratio": 0.9741651077643491,
      "alpha_min_ratio": 0.06269235501668276,
      "n_alphas": 120,
      "max_iter": 11448,
      "tol": 2.3266770880357787e-06
    },
    "seed": 777,
    "cv_n_splits": 5,
    "cv_n_repeats": 10,
    "preprocessing_config": {
      "eps": 1e-06,
      "min_speed": 0.01,
      "max_hours": 9999.0
    }
  },
  "result": {
    "c_index": 0.9362288837363366,
    "mean_brier": 0.025306875544700146,
    "hybrid_score": 0.9631538522396109,
    "std_c_index": 0.003527784514265638,
    "std_mean_brier": 0.0005328072545728876,
    "std_hybrid": 0.0013106535634098266
  }
}