{
  "trial_id": 43,
  "config": {
    "model_type": "coxnet",
    "model_params": {
      "l1_ratio": 0.9057906030784191,
      "alpha_min_ratio": 0.06876504107464655,
      "n_alphas": 234,
      "max_iter": 12356,
      "tol": 1.1586909279122641e-07
    },
    "seed": 2023,
    "cv_n_splits": 5,
    "cv_n_repeats": 10,
    "preprocessing_config": {
      "eps": 1e-06,
      "min_speed": 0.01,
      "max_hours": 9999.0
    }
  },
  "result": {
    "c_index": 0.9362288837363366,
    "mean_brier": 0.025793443746527478,
    "hybrid_score": 0.9628132544983317,
    "std_c_index": 0.0026349493224715314,
    "std_mean_brier": 0.0008478971695561956,
    "std_hybrid": 0.001248463193356825
  }
}