{
  "trial_id": 247,
  "config": {
    "model_type": "coxnet",
    "model_params": {
      "l1_ratio": 0.6136345633744538,
      "alpha_min_ratio": 0.05838306335558034,
      "n_alphas": 172,
      "max_iter": 10854,
      "tol": 2.945609508543856e-05
    },
    "seed": 777,
    "cv_n_splits": 5,
    "cv_n_repeats": 10,
    "preprocessing_config": {
      "eps": 1e-06,
      "min_speed": 0.01,
      "max_hours": 9999.0
    }
  },
  "result": {
    "c_index": 0.9357817157999337,
    "mean_brier": 0.02715530671447926,
    "hybrid_score": 0.9617258000398445,
    "std_c_index": 0.0030261518156050674,
    "std_mean_brier": 0.0004698779560735968,
    "std_hybrid": 0.00101558514691838
  }
}