{
  "trial_id": 182,
  "config": {
    "model_type": "coxnet",
    "model_params": {
      "l1_ratio": 0.9810411454530519,
      "alpha_min_ratio": 0.05940060932735831,
      "n_alphas": 297,
      "max_iter": 19589,
      "tol": 7.043103506892873e-06
    },
    "seed": 1024,
    "cv_n_splits": 5,
    "cv_n_repeats": 10,
    "preprocessing_config": {
      "eps": 1e-06,
      "min_speed": 0.01,
      "max_hours": 9999.0
    }
  },
  "result": {
    "c_index": 0.935847962901623,
    "mean_brier": 0.025673271736035834,
    "hybrid_score": 0.9627830986552617,
    "std_c_index": 0.0032041899596425474,
    "std_mean_brier": 0.0008307741127299724,
    "std_hybrid": 0.001425503807880102
  }
}