{
  "trial_id": 290,
  "config": {
    "model_type": "coxnet",
    "model_params": {
      "l1_ratio": 0.3587677640439189,
      "alpha_min_ratio": 0.0027955933803236266,
      "n_alphas": 58,
      "max_iter": 1657,
      "tol": 4.027866747304448e-05
    },
    "seed": 42,
    "cv_n_splits": 5,
    "cv_n_repeats": 10,
    "preprocessing_config": {
      "eps": 1e-06,
      "min_speed": 0.01,
      "max_hours": 9999.0
    }
  },
  "result": {
    "c_index": 0.9271778734680357,
    "mean_brier": 0.03400646904114835,
    "hybrid_score": 0.9543488337116068,
    "std_c_index": 0.010629073411323471,
    "std_mean_brier": 0.0042287273306276215,
    "std_hybrid": 0.0052941555087936765
  }
}