{
  "trial_id": 210,
  "config": {
    "model_type": "coxnet",
    "model_params": {
      "l1_ratio": 0.9690014787000054,
      "alpha_min_ratio": 0.05076563023793321,
      "n_alphas": 265,
      "max_iter": 12886,
      "tol": 3.61232941368337e-05
    },
    "seed": 777,
    "cv_n_splits": 5,
    "cv_n_repeats": 10,
    "preprocessing_config": {
      "eps": 1e-06,
      "min_speed": 0.01,
      "max_hours": 9999.0
    }
  },
  "result": {
    "c_index": 0.9359142100033123,
    "mean_brier": 0.025320380974727948,
    "hybrid_score": 0.963049996318684,
    "std_c_index": 0.003489674552745773,
    "std_mean_brier": 0.0005916399212718002,
    "std_hybrid": 0.0012709618881671764
  }
}