{
  "trial_id": 18,
  "config": {
    "model_type": "coxnet",
    "model_params": {
      "l1_ratio": 0.7975155050020206,
      "alpha_min_ratio": 0.04122140898028521,
      "n_alphas": 109,
      "max_iter": 1631,
      "tol": 3.8428850572589166e-07
    },
    "seed": 42,
    "cv_n_splits": 5,
    "cv_n_repeats": 10,
    "preprocessing_config": {
      "eps": 1e-06,
      "min_speed": 0.01,
      "max_hours": 9999.0
    }
  },
  "result": {
    "c_index": 0.9373964889036103,
    "mean_brier": 0.026254659561034455,
    "hybrid_score": 0.962840684978359,
    "std_c_index": 0.0048447085678903525,
    "std_mean_brier": 0.0025949441932877453,
    "std_hybrid": 0.0031272649566690333
  }
}