{
  "trial_id": 139,
  "config": {
    "model_type": "coxnet",
    "model_params": {
      "l1_ratio": 0.9662834099789335,
      "alpha_min_ratio": 0.0715097614187505,
      "n_alphas": 255,
      "max_iter": 531,
      "tol": 3.605426688207769e-05
    },
    "seed": 42,
    "cv_n_splits": 5,
    "cv_n_repeats": 10,
    "preprocessing_config": {
      "eps": 1e-06,
      "min_speed": 0.01,
      "max_hours": 9999.0
    }
  },
  "result": {
    "c_index": 0.9395660814839351,
    "mean_brier": 0.025149281205154778,
    "hybrid_score": 0.9642653276015721,
    "std_c_index": 0.0024073895048772713,
    "std_mean_brier": 0.0008589940737714295,
    "std_hybrid": 0.0011804149542773406
  }
}