{
  "trial_id": 131,
  "config": {
    "model_type": "coxnet",
    "model_params": {
      "l1_ratio": 0.8176018521360885,
      "alpha_min_ratio": 0.07323007476196544,
      "n_alphas": 299,
      "max_iter": 19747,
      "tol": 5.0169372869458745e-05
    },
    "seed": 1024,
    "cv_n_splits": 5,
    "cv_n_repeats": 10,
    "preprocessing_config": {
      "eps": 1e-06,
      "min_speed": 0.01,
      "max_hours": 9999.0
    }
  },
  "result": {
    "c_index": 0.9366180854587611,
    "mean_brier": 0.026311349912729626,
    "hybrid_score": 0.9625674806987176,
    "std_c_index": 0.003489232393309955,
    "std_mean_brier": 0.0008260687391847716,
    "std_hybrid": 0.0015499781829353637
  }
}