{
  "trial_id": 104,
  "config": {
    "seed": 42,
    "cv_n_splits": 5,
    "cv_n_repeats": 10,
    "gbsa_config": {
      "loss": "coxph",
      "n_estimators": 117,
      "learning_rate": 0.07414953616214105,
      "subsample": 0.7569857990644103,
      "max_depth": 6,
      "max_features": 0.3,
      "max_leaf_nodes": 8,
      "min_samples_split": 8,
      "min_samples_leaf": 12,
      "min_weight_fraction_leaf": 0.0,
      "min_impurity_decrease": 0.011038593812985251,
      "criterion": "friedman_mse",
      "ccp_alpha": 0.004371201245956887,
      "dropout_rate": 0.01720979955212696,
      "validation_fraction": 0.2785708829592938,
      "n_iter_no_change": 20,
      "tol": 1.5234155891134106e-05,
      "random_state": 42,
      "warm_start": false,
      "verbose": 0
    },
    "preprocessing_config": {
      "eps": 1e-06,
      "min_speed": 0.01,
      "max_hours": 9999.0
    }
  },
  "result": {
    "c_index": 0.9400794965220272,
    "mean_brier": 0.060562567224496544,
    "hybrid_score": 0.9396300518994606,
    "std_c_index": 0.002666188660165724,
    "std_mean_brier": 0.003642727618114519,
    "std_hybrid": 0.0028198223419414886
  }
}