{
  "trial_id": 294,
  "config": {
    "model_type": "coxnet",
    "model_params": {
      "l1_ratio": 0.9648911086497628,
      "alpha_min_ratio": 0.05276453282008483,
      "n_alphas": 130,
      "max_iter": 13015,
      "tol": 2.0575807423547139e-07
    },
    "seed": 777,
    "cv_n_splits": 5,
    "cv_n_repeats": 10,
    "preprocessing_config": {
      "eps": 1e-06,
      "min_speed": 0.01,
      "max_hours": 9999.0
    }
  },
  "result": {
    "c_index": 0.9358893673401788,
    "mean_brier": 0.0253215985834783,
    "hybrid_score": 0.9630416911936189,
    "std_c_index": 0.0037511233105901906,
    "std_mean_brier": 0.0006428209628843231,
    "std_hybrid": 0.001380977572430137
  }
}