{
  "trial_id": 101,
  "config": {
    "model_type": "gbsa",
    "model_params": {
      "loss": "coxph",
      "n_estimators": 448,
      "learning_rate": 0.06279421187858561,
      "subsample": 0.5283537192097034,
      "max_depth": 4,
      "max_features": "sqrt",
      "max_leaf_nodes": 8,
      "min_samples_split": 7,
      "min_samples_leaf": 19,
      "min_weight_fraction_leaf": 0.0,
      "min_impurity_decrease": 0.04418518622317336,
      "criterion": "friedman_mse",
      "ccp_alpha": 0.006559830262601811,
      "dropout_rate": 0.07070439352933124,
      "validation_fraction": 0.13956040907795061,
      "n_iter_no_change": null,
      "tol": 0.00012152595556921384,
      "random_state": 42,
      "warm_start": false,
      "verbose": 0
    },
    "seed": 42,
    "cv_n_splits": 5,
    "cv_n_repeats": 10,
    "preprocessing_config": {
      "eps": 1e-06,
      "min_speed": 0.01,
      "max_hours": 9999.0
    }
  },
  "result": {
    "c_index": 0.9268424975157338,
    "mean_brier": 0.14140268437616457,
    "hybrid_score": 0.879070870191405,
    "std_c_index": 0.003849430574270504,
    "std_mean_brier": 0.005680048707657208,
    "std_hybrid": 0.004164334956605441
  }
}