{
  "trial_id": 54,
  "config": {
    "model_type": "coxnet",
    "model_params": {
      "l1_ratio": 0.978454422442809,
      "alpha_min_ratio": 0.05310848819657903,
      "n_alphas": 119,
      "max_iter": 14612,
      "tol": 5.331478297830267e-06
    },
    "seed": 777,
    "cv_n_splits": 5,
    "cv_n_repeats": 10,
    "preprocessing_config": {
      "eps": 1e-06,
      "min_speed": 0.01,
      "max_hours": 9999.0
    }
  },
  "result": {
    "c_index": 0.9357899966876448,
    "mean_brier": 0.02528775536297332,
    "hybrid_score": 0.963035570252212,
    "std_c_index": 0.0035362784170249683,
    "std_mean_brier": 0.0006063846856240497,
    "std_hybrid": 0.001311614038897474
  }
}