{
  "trial_id": 79,
  "config": {
    "model_type": "coxnet",
    "model_params": {
      "l1_ratio": 0.8675135504808187,
      "alpha_min_ratio": 0.09199946285671325,
      "n_alphas": 57,
      "max_iter": 15964,
      "tol": 3.404453471059608e-06
    },
    "seed": 777,
    "cv_n_splits": 5,
    "cv_n_repeats": 10,
    "preprocessing_config": {
      "eps": 1e-06,
      "min_speed": 0.01,
      "max_hours": 9999.0
    }
  },
  "result": {
    "c_index": 0.9369327591917855,
    "mean_brier": 0.026261624257730827,
    "hybrid_score": 0.962696690777124,
    "std_c_index": 0.0029571466260998195,
    "std_mean_brier": 0.0005433266551069141,
    "std_hybrid": 0.0011337356427320335
  }
}