{
  "trial_id": 234,
  "config": {
    "model_type": "coxnet",
    "model_params": {
      "l1_ratio": 0.9965378464230545,
      "alpha_min_ratio": 0.06120676342730584,
      "n_alphas": 247,
      "max_iter": 19195,
      "tol": 2.9124334056771395e-06
    },
    "seed": 42,
    "cv_n_splits": 5,
    "cv_n_repeats": 10,
    "preprocessing_config": {
      "eps": 1e-06,
      "min_speed": 0.01,
      "max_hours": 9999.0
    }
  },
  "result": {
    "c_index": 0.9387131500496851,
    "mean_brier": 0.02528618390359911,
    "hybrid_score": 0.9639136162823861,
    "std_c_index": 0.002537372638485832,
    "std_mean_brier": 0.0015483950782977805,
    "std_hybrid": 0.0016107849028451548
  }
}