{
  "trial_id": 165,
  "config": {
    "model_type": "coxnet",
    "model_params": {
      "l1_ratio": 0.6068146544623152,
      "alpha_min_ratio": 0.04359646233830617,
      "n_alphas": 299,
      "max_iter": 677,
      "tol": 3.1558369954876623e-06
    },
    "seed": 42,
    "cv_n_splits": 5,
    "cv_n_repeats": 10,
    "preprocessing_config": {
      "eps": 1e-06,
      "min_speed": 0.01,
      "max_hours": 9999.0
    }
  },
  "result": {
    "c_index": 0.9370404107320305,
    "mean_brier": 0.027042980633938018,
    "hybrid_score": 0.9621820367758523,
    "std_c_index": 0.004469386196938918,
    "std_mean_brier": 0.002264943530348203,
    "std_hybrid": 0.00278728017580609
  }
}