{
  "trial_id": 87,
  "config": {
    "model_type": "coxnet",
    "model_params": {
      "l1_ratio": 0.8429957401671117,
      "alpha_min_ratio": 0.054409753032886136,
      "n_alphas": 203,
      "max_iter": 18370,
      "tol": 2.7664868072539363e-08
    },
    "seed": 2023,
    "cv_n_splits": 5,
    "cv_n_repeats": 10,
    "preprocessing_config": {
      "eps": 1e-06,
      "min_speed": 0.01,
      "max_hours": 9999.0
    }
  },
  "result": {
    "c_index": 0.9358810864524678,
    "mean_brier": 0.02588077351145604,
    "hybrid_score": 0.9626477844777209,
    "std_c_index": 0.002688688325290572,
    "std_mean_brier": 0.000901284394989952,
    "std_hybrid": 0.0012116583094258855
  }
}