{
  "trial_id": 36,
  "config": {
    "model_type": "gbsa",
    "model_params": {
      "loss": "coxph",
      "n_estimators": 488,
      "learning_rate": 0.07711031061178597,
      "subsample": 0.617413153904991,
      "max_depth": 3,
      "max_features": 0.5,
      "max_leaf_nodes": null,
      "min_samples_split": 13,
      "min_samples_leaf": 19,
      "min_weight_fraction_leaf": 0.0,
      "min_impurity_decrease": 0.003504881775293843,
      "criterion": "friedman_mse",
      "ccp_alpha": 0.0008482233875812862,
      "dropout_rate": 0.02769597684956454,
      "validation_fraction": 0.2248966259234485,
      "n_iter_no_change": null,
      "tol": 0.0009412002680482047,
      "random_state": 2023,
      "warm_start": false,
      "verbose": 0
    },
    "seed": 2023,
    "cv_n_splits": 5,
    "cv_n_repeats": 10,
    "preprocessing_config": {
      "eps": 1e-06,
      "min_speed": 0.01,
      "max_hours": 9999.0
    }
  },
  "result": {
    "c_index": 0.9298691619741636,
    "mean_brier": 0.06420958036393667,
    "hybrid_score": 0.9340140423374933,
    "std_c_index": 0.007547446556932936,
    "std_mean_brier": 0.003669137341120376,
    "std_hybrid": 0.0041027793714905605
  }
}