{
  "trial_id": 202,
  "config": {
    "model_type": "coxnet",
    "model_params": {
      "l1_ratio": 0.9920125230746331,
      "alpha_min_ratio": 0.04587102759603405,
      "n_alphas": 187,
      "max_iter": 9639,
      "tol": 3.180849451755897e-06
    },
    "seed": 777,
    "cv_n_splits": 5,
    "cv_n_repeats": 10,
    "preprocessing_config": {
      "eps": 1e-06,
      "min_speed": 0.01,
      "max_hours": 9999.0
    }
  },
  "result": {
    "c_index": 0.9350778403444849,
    "mean_brier": 0.025626654658075176,
    "hybrid_score": 0.9625846938426929,
    "std_c_index": 0.0031958219139011316,
    "std_mean_brier": 0.0008906871748419653,
    "std_hybrid": 0.0013015797801356674
  }
}