{
  "trial_id": 193,
  "config": {
    "model_type": "coxnet",
    "model_params": {
      "l1_ratio": 0.9189891995945424,
      "alpha_min_ratio": 0.03682961472962002,
      "n_alphas": 228,
      "max_iter": 1693,
      "tol": 5.245577133868561e-06
    },
    "seed": 42,
    "cv_n_splits": 5,
    "cv_n_repeats": 10,
    "preprocessing_config": {
      "eps": 1e-06,
      "min_speed": 0.01,
      "max_hours": 9999.0
    }
  },
  "result": {
    "c_index": 0.9364855912553827,
    "mean_brier": 0.025969778514044993,
    "hybrid_score": 0.9627668324167832,
    "std_c_index": 0.004832662499658538,
    "std_mean_brier": 0.002877564345562761,
    "std_hybrid": 0.00333280261510281
  }
}