{
  "trial_id": 128,
  "config": {
    "model_type": "coxnet",
    "model_params": {
      "l1_ratio": 0.8597523427061505,
      "alpha_min_ratio": 0.090823456061789,
      "n_alphas": 113,
      "max_iter": 17464,
      "tol": 1.4080937011431198e-06
    },
    "seed": 2023,
    "cv_n_splits": 5,
    "cv_n_repeats": 10,
    "preprocessing_config": {
      "eps": 1e-06,
      "min_speed": 0.01,
      "max_hours": 9999.0
    }
  },
  "result": {
    "c_index": 0.9372557138125206,
    "mean_brier": 0.02630500706960671,
    "hybrid_score": 0.9627632091950316,
    "std_c_index": 0.002464325957110925,
    "std_mean_brier": 0.0006911590068080433,
    "std_hybrid": 0.0010597465356258354
  }
}