{
  "trial_id": 280,
  "config": {
    "model_type": "gbsa",
    "model_params": {
      "loss": "coxph",
      "n_estimators": 188,
      "learning_rate": 0.05354711545316111,
      "subsample": 0.7316191781767071,
      "max_depth": 2,
      "max_features": "log2",
      "max_leaf_nodes": 63,
      "min_samples_split": 8,
      "min_samples_leaf": 12,
      "min_weight_fraction_leaf": 0.0,
      "min_impurity_decrease": 0.03951029920480286,
      "criterion": "friedman_mse",
      "ccp_alpha": 0.013242425081106839,
      "dropout_rate": 0.041387417296843254,
      "validation_fraction": 0.14912388761790876,
      "n_iter_no_change": null,
      "tol": 8.347300072714673e-05,
      "random_state": 777,
      "warm_start": false,
      "verbose": 0
    },
    "seed": 777,
    "cv_n_splits": 5,
    "cv_n_repeats": 10,
    "preprocessing_config": {
      "eps": 1e-06,
      "min_speed": 0.01,
      "max_hours": 9999.0
    }
  },
  "result": {
    "c_index": 0.9317613448161642,
    "mean_brier": 0.11654169104513061,
    "hybrid_score": 0.8979492197132579,
    "std_c_index": 0.005262875496813684,
    "std_mean_brier": 0.006674808494837829,
    "std_hybrid": 0.004681302931053589
  }
}