{
  "trial_id": 19,
  "config": {
    "model_type": "gbsa",
    "model_params": {
      "loss": "coxph",
      "n_estimators": 338,
      "learning_rate": 0.19902212591243376,
      "subsample": 0.7999489749999124,
      "max_depth": 6,
      "max_features": 1.0,
      "max_leaf_nodes": 16,
      "min_samples_split": 2,
      "min_samples_leaf": 7,
      "min_weight_fraction_leaf": 0.0,
      "min_impurity_decrease": 0.011261518066726305,
      "criterion": "friedman_mse",
      "ccp_alpha": 4.1246639745183286e-05,
      "dropout_rate": 0.07664737361220028,
      "validation_fraction": 0.2642512200154793,
      "n_iter_no_change": 20,
      "tol": 6.479405948250645e-05,
      "random_state": 42,
      "warm_start": false,
      "verbose": 0
    },
    "seed": 42,
    "cv_n_splits": 5,
    "cv_n_repeats": 10,
    "preprocessing_config": {
      "eps": 1e-06,
      "min_speed": 0.01,
      "max_hours": 9999.0
    }
  },
  "result": {
    "c_index": 0.9416114607485924,
    "mean_brier": 0.06745427694257664,
    "hybrid_score": 0.935265444364774,
    "std_c_index": 0.002450415279276071,
    "std_mean_brier": 0.005058569416107031,
    "std_hybrid": 0.0037552073048477863
  }
}