{
  "trial_id": 215,
  "config": {
    "model_type": "coxnet",
    "model_params": {
      "l1_ratio": 0.725547341114945,
      "alpha_min_ratio": 0.03592914116057597,
      "n_alphas": 205,
      "max_iter": 1439,
      "tol": 6.736390359081174e-05
    },
    "seed": 42,
    "cv_n_splits": 5,
    "cv_n_repeats": 10,
    "preprocessing_config": {
      "eps": 1e-06,
      "min_speed": 0.01,
      "max_hours": 9999.0
    }
  },
  "result": {
    "c_index": 0.9358893673401789,
    "mean_brier": 0.026902001820559657,
    "hybrid_score": 0.9619354089276619,
    "std_c_index": 0.00502381740975022,
    "std_mean_brier": 0.0028441752684101045,
    "std_hybrid": 0.00342712445591954
  }
}