{
  "trial_id": 298,
  "config": {
    "model_type": "coxnet",
    "model_params": {
      "l1_ratio": 0.812176863966536,
      "alpha_min_ratio": 0.06648769006323871,
      "n_alphas": 243,
      "max_iter": 8518,
      "tol": 1.4260674121459296e-05
    },
    "seed": 2023,
    "cv_n_splits": 5,
    "cv_n_repeats": 10,
    "preprocessing_config": {
      "eps": 1e-06,
      "min_speed": 0.01,
      "max_hours": 9999.0
    }
  },
  "result": {
    "c_index": 0.9361709175223585,
    "mean_brier": 0.02626740931169553,
    "hybrid_score": 0.9624640887385205,
    "std_c_index": 0.0026891346134209726,
    "std_mean_brier": 0.0008344200086291744,
    "std_hybrid": 0.0012392196578080612
  }
}