{
  "trial_id": 288,
  "config": {
    "model_type": "gbsa",
    "model_params": {
      "loss": "coxph",
      "n_estimators": 333,
      "learning_rate": 0.16625736002973013,
      "subsample": 0.9338170416667101,
      "max_depth": 5,
      "max_features": null,
      "max_leaf_nodes": 63,
      "min_samples_split": 20,
      "min_samples_leaf": 4,
      "min_weight_fraction_leaf": 0.0,
      "min_impurity_decrease": 0.04282285575637862,
      "criterion": "friedman_mse",
      "ccp_alpha": 0.0026528104122029448,
      "dropout_rate": 0.021328745063571977,
      "validation_fraction": 0.288425326159891,
      "n_iter_no_change": null,
      "tol": 0.0031736388651312513,
      "random_state": 1024,
      "warm_start": false,
      "verbose": 0
    },
    "seed": 1024,
    "cv_n_splits": 5,
    "cv_n_repeats": 10,
    "preprocessing_config": {
      "eps": 1e-06,
      "min_speed": 0.01,
      "max_hours": 9999.0
    }
  },
  "result": {
    "c_index": 0.9356989069228222,
    "mean_brier": 0.03490986166480917,
    "hybrid_score": 0.9562727689114802,
    "std_c_index": 0.004255804316092334,
    "std_mean_brier": 0.002786967953461435,
    "std_hybrid": 0.0027403576830925926
  }
}