{
  "trial_id": 167,
  "config": {
    "model_type": "gbsa",
    "model_params": {
      "loss": "coxph",
      "n_estimators": 481,
      "learning_rate": 0.13974519569610952,
      "subsample": 0.9005003709362429,
      "max_depth": 5,
      "max_features": "sqrt",
      "max_leaf_nodes": 31,
      "min_samples_split": 3,
      "min_samples_leaf": 9,
      "min_weight_fraction_leaf": 0.0,
      "min_impurity_decrease": 0.016491582126986575,
      "criterion": "friedman_mse",
      "ccp_alpha": 0.014393860258987288,
      "dropout_rate": 0.08917932728553532,
      "validation_fraction": 0.24705681598131546,
      "n_iter_no_change": null,
      "tol": 1.0285847652404311e-05,
      "random_state": 42,
      "warm_start": false,
      "verbose": 0
    },
    "seed": 42,
    "cv_n_splits": 5,
    "cv_n_repeats": 10,
    "preprocessing_config": {
      "eps": 1e-06,
      "min_speed": 0.01,
      "max_hours": 9999.0
    }
  },
  "result": {
    "c_index": 0.9357444518052336,
    "mean_brier": 0.09694231852736707,
    "hybrid_score": 0.912863712572413,
    "std_c_index": 0.0038236029453141704,
    "std_mean_brier": 0.0035622375785481237,
    "std_hybrid": 0.002450108513082253
  }
}