{
  "trial_id": 121,
  "config": {
    "model_type": "gbsa",
    "model_params": {
      "loss": "coxph",
      "n_estimators": 240,
      "learning_rate": 0.17617003788111094,
      "subsample": 0.5210127526516241,
      "max_depth": 2,
      "max_features": 0.7,
      "max_leaf_nodes": 31,
      "min_samples_split": 18,
      "min_samples_leaf": 8,
      "min_weight_fraction_leaf": 0.0,
      "min_impurity_decrease": 0.02344011081852452,
      "criterion": "friedman_mse",
      "ccp_alpha": 0.00010012613926687048,
      "dropout_rate": 0.08939226129876546,
      "validation_fraction": 0.15484224145713768,
      "n_iter_no_change": 5,
      "tol": 1.3853511273253207e-05,
      "random_state": 777,
      "warm_start": false,
      "verbose": 0
    },
    "seed": 777,
    "cv_n_splits": 5,
    "cv_n_repeats": 10,
    "preprocessing_config": {
      "eps": 1e-06,
      "min_speed": 0.01,
      "max_hours": 9999.0
    }
  },
  "result": {
    "c_index": 0.9363282543888705,
    "mean_brier": 0.08448276291522197,
    "hybrid_score": 0.9217605422760057,
    "std_c_index": 0.0038746148829526933,
    "std_mean_brier": 0.008877541313989315,
    "std_hybrid": 0.006630518594326097
  }
}