{
  "trial_id": 257,
  "config": {
    "model_type": "coxnet",
    "model_params": {
      "l1_ratio": 0.7630223326851469,
      "alpha_min_ratio": 0.071740992272492,
      "n_alphas": 88,
      "max_iter": 15806,
      "tol": 3.31237364734941e-05
    },
    "seed": 2023,
    "cv_n_splits": 5,
    "cv_n_repeats": 10,
    "preprocessing_config": {
      "eps": 1e-06,
      "min_speed": 0.01,
      "max_hours": 9999.0
    }
  },
  "result": {
    "c_index": 0.9365518383570718,
    "mean_brier": 0.026801590671745895,
    "hybrid_score": 0.9622044380368994,
    "std_c_index": 0.0028066712638288036,
    "std_mean_brier": 0.000770185941121115,
    "std_hybrid": 0.001164260237690747
  }
}