{
  "trial_id": 63,
  "config": {
    "model_type": "gbsa",
    "model_params": {
      "loss": "coxph",
      "n_estimators": 86,
      "learning_rate": 0.0883893848232312,
      "subsample": 0.6933974541792773,
      "max_depth": 5,
      "max_features": 0.3,
      "max_leaf_nodes": 8,
      "min_samples_split": 16,
      "min_samples_leaf": 20,
      "min_weight_fraction_leaf": 0.0,
      "min_impurity_decrease": 0.02214219863417384,
      "criterion": "friedman_mse",
      "ccp_alpha": 1.0709296030364081e-05,
      "dropout_rate": 0.0035489022545621488,
      "validation_fraction": 0.2604467746418212,
      "n_iter_no_change": 5,
      "tol": 0.004844943098688307,
      "random_state": 2023,
      "warm_start": false,
      "verbose": 0
    },
    "seed": 2023,
    "cv_n_splits": 5,
    "cv_n_repeats": 10,
    "preprocessing_config": {
      "eps": 1e-06,
      "min_speed": 0.01,
      "max_hours": 9999.0
    }
  },
  "result": {
    "c_index": 0.9120445511758861,
    "mean_brier": 0.06337644736176484,
    "hybrid_score": 0.9292498521995304,
    "std_c_index": 0.00835565883012632,
    "std_mean_brier": 0.00407830714894073,
    "std_hybrid": 0.004078817802095081
  }
}