{
  "trial_id": 162,
  "config": {
    "model_type": "coxnet",
    "model_params": {
      "l1_ratio": 0.7391018069086646,
      "alpha_min_ratio": 0.011942584043705027,
      "n_alphas": 278,
      "max_iter": 5691,
      "tol": 8.253700658679055e-05
    },
    "seed": 42,
    "cv_n_splits": 5,
    "cv_n_repeats": 10,
    "preprocessing_config": {
      "eps": 1e-06,
      "min_speed": 0.01,
      "max_hours": 9999.0
    }
  },
  "result": {
    "c_index": 0.9277823782709506,
    "mean_brier": 0.030493244319466456,
    "hybrid_score": 0.9569894424576585,
    "std_c_index": 0.009011146947719501,
    "std_mean_brier": 0.0028615794595851893,
    "std_hybrid": 0.004554914556883339
  }
}