{
  "trial_id": 217,
  "config": {
    "model_type": "coxnet",
    "model_params": {
      "l1_ratio": 0.6984933301728227,
      "alpha_min_ratio": 0.03406802955205328,
      "n_alphas": 186,
      "max_iter": 19996,
      "tol": 8.528569273674443e-05
    },
    "seed": 42,
    "cv_n_splits": 5,
    "cv_n_repeats": 10,
    "preprocessing_config": {
      "eps": 1e-06,
      "min_speed": 0.01,
      "max_hours": 9999.0
    }
  },
  "result": {
    "c_index": 0.9352600198741305,
    "mean_brier": 0.027090200160749277,
    "hybrid_score": 0.9616148658497146,
    "std_c_index": 0.0055576787825816435,
    "std_mean_brier": 0.002884040633273386,
    "std_hybrid": 0.0036250992027135674
  }
}