{
  "trial_id": 129,
  "config": {
    "model_type": "coxnet",
    "model_params": {
      "l1_ratio": 0.9344951319845021,
      "alpha_min_ratio": 0.0834882797972127,
      "n_alphas": 154,
      "max_iter": 8818,
      "tol": 4.159220969304085e-06
    },
    "seed": 777,
    "cv_n_splits": 5,
    "cv_n_repeats": 10,
    "preprocessing_config": {
      "eps": 1e-06,
      "min_speed": 0.01,
      "max_hours": 9999.0
    }
  },
  "result": {
    "c_index": 0.9365104339185161,
    "mean_brier": 0.025746696772324624,
    "hybrid_score": 0.9629304424349275,
    "std_c_index": 0.0033196032819573953,
    "std_mean_brier": 0.0005212188900795703,
    "std_hybrid": 0.0012490091337429242
  }
}