{
  "trial_id": 252,
  "config": {
    "model_type": "gbsa",
    "model_params": {
      "loss": "coxph",
      "n_estimators": 425,
      "learning_rate": 0.026881490995297713,
      "subsample": 0.7236321478384731,
      "max_depth": 4,
      "max_features": 0.3,
      "max_leaf_nodes": 63,
      "min_samples_split": 7,
      "min_samples_leaf": 18,
      "min_weight_fraction_leaf": 0.0,
      "min_impurity_decrease": 0.021784647860638093,
      "criterion": "friedman_mse",
      "ccp_alpha": 1.0616978346867765e-07,
      "dropout_rate": 0.02372033753282933,
      "validation_fraction": 0.2148699006485336,
      "n_iter_no_change": null,
      "tol": 0.001529975635175595,
      "random_state": 2023,
      "warm_start": false,
      "verbose": 0
    },
    "seed": 2023,
    "cv_n_splits": 5,
    "cv_n_repeats": 10,
    "preprocessing_config": {
      "eps": 1e-06,
      "min_speed": 0.01,
      "max_hours": 9999.0
    }
  },
  "result": {
    "c_index": 0.9399428618747929,
    "mean_brier": 0.12169353370953936,
    "hybrid_score": 0.8967973849657602,
    "std_c_index": 0.004282358017844041,
    "std_mean_brier": 0.006280407333843461,
    "std_hybrid": 0.004588584506366478
  }
}