{
  "trial_id": 166,
  "config": {
    "model_type": "coxnet",
    "model_params": {
      "l1_ratio": 0.9489257845511231,
      "alpha_min_ratio": 0.06244172704957286,
      "n_alphas": 158,
      "max_iter": 850,
      "tol": 9.932350954242099e-05
    },
    "seed": 42,
    "cv_n_splits": 5,
    "cv_n_repeats": 10,
    "preprocessing_config": {
      "eps": 1e-06,
      "min_speed": 0.01,
      "max_hours": 9999.0
    }
  },
  "result": {
    "c_index": 0.9395909241470685,
    "mean_brier": 0.025215474529234498,
    "hybrid_score": 0.9642264450736564,
    "std_c_index": 0.0023553994904163505,
    "std_mean_brier": 0.0009450562586854046,
    "std_hybrid": 0.0011745550053324423
  }
}