{
  "trial_id": 57,
  "config": {
    "model_type": "gbsa",
    "model_params": {
      "loss": "coxph",
      "n_estimators": 178,
      "learning_rate": 0.10827434492091487,
      "subsample": 0.9680959190051165,
      "max_depth": 4,
      "max_features": 0.7,
      "max_leaf_nodes": 8,
      "min_samples_split": 7,
      "min_samples_leaf": 13,
      "min_weight_fraction_leaf": 0.0,
      "min_impurity_decrease": 0.02759981617200047,
      "criterion": "friedman_mse",
      "ccp_alpha": 0.002979352389681551,
      "dropout_rate": 0.027093039537023245,
      "validation_fraction": 0.2906771155390539,
      "n_iter_no_change": 5,
      "tol": 0.00013350139467690496,
      "random_state": 42,
      "warm_start": false,
      "verbose": 0
    },
    "seed": 42,
    "cv_n_splits": 5,
    "cv_n_repeats": 10,
    "preprocessing_config": {
      "eps": 1e-06,
      "min_speed": 0.01,
      "max_hours": 9999.0
    }
  },
  "result": {
    "c_index": 0.9371646240476978,
    "mean_brier": 0.06829419698672737,
    "hybrid_score": 0.9333434493236001,
    "std_c_index": 0.003603765839430407,
    "std_mean_brier": 0.007993098438780785,
    "std_hybrid": 0.006270377768651198
  }
}