{
  "trial_id": 267,
  "config": {
    "model_type": "gbsa",
    "model_params": {
      "loss": "coxph",
      "n_estimators": 335,
      "learning_rate": 0.1753495968323864,
      "subsample": 0.6669364871187561,
      "max_depth": 4,
      "max_features": 0.5,
      "max_leaf_nodes": 8,
      "min_samples_split": 16,
      "min_samples_leaf": 6,
      "min_weight_fraction_leaf": 0.0,
      "min_impurity_decrease": 0.04430059280550596,
      "criterion": "friedman_mse",
      "ccp_alpha": 6.194808270999707e-06,
      "dropout_rate": 0.04429217681747199,
      "validation_fraction": 0.18531946588008497,
      "n_iter_no_change": null,
      "tol": 1.5319581118600475e-05,
      "random_state": 777,
      "warm_start": false,
      "verbose": 0
    },
    "seed": 777,
    "cv_n_splits": 5,
    "cv_n_repeats": 10,
    "preprocessing_config": {
      "eps": 1e-06,
      "min_speed": 0.01,
      "max_hours": 9999.0
    }
  },
  "result": {
    "c_index": 0.9400380920834713,
    "mean_brier": 0.04903754563289364,
    "hybrid_score": 0.9476851456820159,
    "std_c_index": 0.002431664029156611,
    "std_mean_brier": 0.004074894325063837,
    "std_hybrid": 0.0029678947254082565
  }
}