{
  "trial_id": 269,
  "config": {
    "model_type": "coxnet",
    "model_params": {
      "l1_ratio": 0.8166438452457695,
      "alpha_min_ratio": 0.09197124470411805,
      "n_alphas": 257,
      "max_iter": 12168,
      "tol": 9.298562190117237e-05
    },
    "seed": 1024,
    "cv_n_splits": 5,
    "cv_n_repeats": 10,
    "preprocessing_config": {
      "eps": 1e-06,
      "min_speed": 0.01,
      "max_hours": 9999.0
    }
  },
  "result": {
    "c_index": 0.9369741636303411,
    "mean_brier": 0.026748932165331828,
    "hybrid_score": 0.96236799657337,
    "std_c_index": 0.0035681786870142983,
    "std_mean_brier": 0.0007960746863323713,
    "std_hybrid": 0.001551025584207523
  }
}