{
  "trial_id": 191,
  "config": {
    "model_type": "coxnet",
    "model_params": {
      "l1_ratio": 0.7330014926226001,
      "alpha_min_ratio": 0.07591867180692081,
      "n_alphas": 257,
      "max_iter": 1377,
      "tol": 7.580200330495974e-06
    },
    "seed": 42,
    "cv_n_splits": 5,
    "cv_n_repeats": 10,
    "preprocessing_config": {
      "eps": 1e-06,
      "min_speed": 0.01,
      "max_hours": 9999.0
    }
  },
  "result": {
    "c_index": 0.9387462736005301,
    "mean_brier": 0.026507825931455974,
    "hybrid_score": 0.9630684039281399,
    "std_c_index": 0.0024514924372121757,
    "std_mean_brier": 0.0008365827411734962,
    "std_hybrid": 0.0010812786511655611
  }
}