{
  "trial_id": 153,
  "config": {
    "model_type": "coxnet",
    "model_params": {
      "l1_ratio": 0.9444279719474329,
      "alpha_min_ratio": 0.09453569792004614,
      "n_alphas": 262,
      "max_iter": 446,
      "tol": 3.0280301798126083e-05
    },
    "seed": 42,
    "cv_n_splits": 5,
    "cv_n_repeats": 10,
    "preprocessing_config": {
      "eps": 1e-06,
      "min_speed": 0.01,
      "max_hours": 9999.0
    }
  },
  "result": {
    "c_index": 0.9396488903610466,
    "mean_brier": 0.0257770937752378,
    "hybrid_score": 0.9638507014656474,
    "std_c_index": 0.0024295057658292635,
    "std_mean_brier": 0.0007598450993305368,
    "std_hybrid": 0.0010835864567229898
  }
}