{
  "trial_id": 48,
  "config": {
    "model_type": "coxnet",
    "model_params": {
      "l1_ratio": 0.1324599948468589,
      "alpha_min_ratio": 0.02478029951346205,
      "n_alphas": 68,
      "max_iter": 2404,
      "tol": 4.8173737830717606e-05
    },
    "seed": 1024,
    "cv_n_splits": 5,
    "cv_n_repeats": 10,
    "preprocessing_config": {
      "eps": 1e-06,
      "min_speed": 0.01,
      "max_hours": 9999.0
    }
  },
  "result": {
    "c_index": 0.9357651540245113,
    "mean_brier": 0.030509684203475784,
    "hybrid_score": 0.9593727672649204,
    "std_c_index": 0.0021112366415489327,
    "std_mean_brier": 0.0009909325848169255,
    "std_hybrid": 0.0010463752653479556
  }
}