{
  "trial_id": 77,
  "config": {
    "model_type": "coxnet",
    "model_params": {
      "l1_ratio": 0.8621844270646744,
      "alpha_min_ratio": 0.07036518422262,
      "n_alphas": 123,
      "max_iter": 496,
      "tol": 3.477415077003916e-05
    },
    "seed": 42,
    "cv_n_splits": 5,
    "cv_n_repeats": 10,
    "preprocessing_config": {
      "eps": 1e-06,
      "min_speed": 0.01,
      "max_hours": 9999.0
    }
  },
  "result": {
    "c_index": 0.939309373964889,
    "mean_brier": 0.025766280267734455,
    "hybrid_score": 0.9637564160020526,
    "std_c_index": 0.0026813841754994416,
    "std_mean_brier": 0.0009036205502067964,
    "std_hybrid": 0.00125120989423619
  }
}