{
  "trial_id": 250,
  "config": {
    "model_type": "coxnet",
    "model_params": {
      "l1_ratio": 0.9862693581776086,
      "alpha_min_ratio": 0.017391698781690237,
      "n_alphas": 235,
      "max_iter": 19958,
      "tol": 3.9363115505345404e-07
    },
    "seed": 42,
    "cv_n_splits": 5,
    "cv_n_repeats": 10,
    "preprocessing_config": {
      "eps": 1e-06,
      "min_speed": 0.01,
      "max_hours": 9999.0
    }
  },
  "result": {
    "c_index": 0.9282212653196422,
    "mean_brier": 0.02900287119916074,
    "hybrid_score": 0.95816436975648,
    "std_c_index": 0.008872521962928136,
    "std_mean_brier": 0.002818784868664315,
    "std_hybrid": 0.004503158056725508
  }
}