{
  "trial_id": 71,
  "config": {
    "model_type": "coxnet",
    "model_params": {
      "l1_ratio": 0.8324810741580271,
      "alpha_min_ratio": 0.08500207727798746,
      "n_alphas": 125,
      "max_iter": 19742,
      "tol": 2.702993044872349e-06
    },
    "seed": 777,
    "cv_n_splits": 5,
    "cv_n_repeats": 10,
    "preprocessing_config": {
      "eps": 1e-06,
      "min_speed": 0.01,
      "max_hours": 9999.0
    }
  },
  "result": {
    "c_index": 0.936709175223584,
    "mean_brier": 0.02628016412009785,
    "hybrid_score": 0.9626166376830068,
    "std_c_index": 0.002782932739434458,
    "std_mean_brier": 0.0005102724263677153,
    "std_hybrid": 0.0010583138846180732
  }
}