{
  "trial_id": 9,
  "config": {
    "model_type": "coxnet",
    "model_params": {
      "l1_ratio": 0.8720615461335466,
      "alpha_min_ratio": 0.00017143787611455973,
      "n_alphas": 242,
      "max_iter": 13192,
      "tol": 5.976846372114737e-08
    },
    "seed": 1024,
    "cv_n_splits": 5,
    "cv_n_repeats": 10,
    "preprocessing_config": {
      "eps": 1e-06,
      "min_speed": 0.01,
      "max_hours": 9999.0
    }
  },
  "result": {
    "c_index": 0.9156591586618086,
    "mean_brier": 0.04006570046515005,
    "hybrid_score": 0.9466517572729376,
    "std_c_index": 0.013253728286898877,
    "std_mean_brier": 0.006025954429491208,
    "std_hybrid": 0.007370744132948429
  }
}