{
  "trial_id": 124,
  "config": {
    "model_type": "gbsa",
    "model_params": {
      "loss": "coxph",
      "n_estimators": 478,
      "learning_rate": 0.01664103392742072,
      "subsample": 0.7218677990284333,
      "max_depth": 6,
      "max_features": "sqrt",
      "max_leaf_nodes": 31,
      "min_samples_split": 7,
      "min_samples_leaf": 12,
      "min_weight_fraction_leaf": 0.0,
      "min_impurity_decrease": 0.030133734731218012,
      "criterion": "friedman_mse",
      "ccp_alpha": 3.4799876974039296e-05,
      "dropout_rate": 0.03123952971231099,
      "validation_fraction": 0.23298149609080407,
      "n_iter_no_change": null,
      "tol": 3.645895777423378e-05,
      "random_state": 42,
      "warm_start": false,
      "verbose": 0
    },
    "seed": 42,
    "cv_n_splits": 5,
    "cv_n_repeats": 10,
    "preprocessing_config": {
      "eps": 1e-06,
      "min_speed": 0.01,
      "max_hours": 9999.0
    }
  },
  "result": {
    "c_index": 0.9438969857568733,
    "mean_brier": 0.16932433785003984,
    "hybrid_score": 0.8646420592320341,
    "std_c_index": 0.0018387486937728082,
    "std_mean_brier": 0.007467331998892524,
    "std_hybrid": 0.005335388187665744
  }
}