{
  "trial_id": 212,
  "config": {
    "model_type": "coxnet",
    "model_params": {
      "l1_ratio": 0.9347499021714933,
      "alpha_min_ratio": 0.07125082017840978,
      "n_alphas": 108,
      "max_iter": 14818,
      "tol": 9.881189775263431e-08
    },
    "seed": 1024,
    "cv_n_splits": 5,
    "cv_n_repeats": 10,
    "preprocessing_config": {
      "eps": 1e-06,
      "min_speed": 0.01,
      "max_hours": 9999.0
    }
  },
  "result": {
    "c_index": 0.9362537263994699,
    "mean_brier": 0.025718825001222044,
    "hybrid_score": 0.9628729404189855,
    "std_c_index": 0.0035239628758384086,
    "std_mean_brier": 0.0008110612989465807,
    "std_hybrid": 0.0015334869586134277
  }
}