{
  "trial_id": 155,
  "config": {
    "model_type": "coxnet",
    "model_params": {
      "l1_ratio": 0.9611602845524763,
      "alpha_min_ratio": 0.05982906733419187,
      "n_alphas": 280,
      "max_iter": 19252,
      "tol": 5.430474210692953e-06
    },
    "seed": 42,
    "cv_n_splits": 5,
    "cv_n_repeats": 10,
    "preprocessing_config": {
      "eps": 1e-06,
      "min_speed": 0.01,
      "max_hours": 9999.0
    }
  },
  "result": {
    "c_index": 0.9388704869161973,
    "mean_brier": 0.025350486930974976,
    "hybrid_score": 0.9639158052231768,
    "std_c_index": 0.0023315662498544754,
    "std_mean_brier": 0.0015332492962476442,
    "std_hybrid": 0.00155203535258134
  }
}