{
  "trial_id": 160,
  "config": {
    "model_type": "gbsa",
    "model_params": {
      "loss": "coxph",
      "n_estimators": 410,
      "learning_rate": 0.05119505053570278,
      "subsample": 0.7138873643365699,
      "max_depth": 6,
      "max_features": 0.5,
      "max_leaf_nodes": 16,
      "min_samples_split": 17,
      "min_samples_leaf": 4,
      "min_weight_fraction_leaf": 0.0,
      "min_impurity_decrease": 0.040379591638995675,
      "criterion": "friedman_mse",
      "ccp_alpha": 0.001423817102686943,
      "dropout_rate": 0.021233206663018575,
      "validation_fraction": 0.208896297663758,
      "n_iter_no_change": null,
      "tol": 1.7979080458856766e-05,
      "random_state": 777,
      "warm_start": false,
      "verbose": 0
    },
    "seed": 777,
    "cv_n_splits": 5,
    "cv_n_repeats": 10,
    "preprocessing_config": {
      "eps": 1e-06,
      "min_speed": 0.01,
      "max_hours": 9999.0
    }
  },
  "result": {
    "c_index": 0.9398476316661146,
    "mean_brier": 0.06894266562896786,
    "hybrid_score": 0.9336944235595569,
    "std_c_index": 0.0030029380798423677,
    "std_mean_brier": 0.0058426372462171,
    "std_hybrid": 0.004273782932965461
  }
}