{
  "trial_id": 28,
  "config": {
    "model_type": "coxnet",
    "model_params": {
      "l1_ratio": 0.605067336463432,
      "alpha_min_ratio": 0.009950890949456054,
      "n_alphas": 188,
      "max_iter": 14579,
      "tol": 2.1220223908266973e-08
    },
    "seed": 2023,
    "cv_n_splits": 5,
    "cv_n_repeats": 10,
    "preprocessing_config": {
      "eps": 1e-06,
      "min_speed": 0.01,
      "max_hours": 9999.0
    }
  },
  "result": {
    "c_index": 0.9244617422987744,
    "mean_brier": 0.03341061026810972,
    "hybrid_score": 0.9539510955019554,
    "std_c_index": 0.012297260447316079,
    "std_mean_brier": 0.0053995431594866545,
    "std_hybrid": 0.007189950096375724
  }
}