{
  "trial_id": 95,
  "config": {
    "model_type": "gbsa",
    "model_params": {
      "loss": "coxph",
      "n_estimators": 136,
      "learning_rate": 0.0821386093147695,
      "subsample": 0.8926427158913205,
      "max_depth": 3,
      "max_features": "log2",
      "max_leaf_nodes": 16,
      "min_samples_split": 13,
      "min_samples_leaf": 5,
      "min_weight_fraction_leaf": 0.0,
      "min_impurity_decrease": 0.04844565604356767,
      "criterion": "friedman_mse",
      "ccp_alpha": 0.0016578592700706796,
      "dropout_rate": 0.14517960666897756,
      "validation_fraction": 0.17105731676228525,
      "n_iter_no_change": 10,
      "tol": 0.0006189342142830914,
      "random_state": 1024,
      "warm_start": false,
      "verbose": 0
    },
    "seed": 1024,
    "cv_n_splits": 5,
    "cv_n_repeats": 10,
    "preprocessing_config": {
      "eps": 1e-06,
      "min_speed": 0.01,
      "max_hours": 9999.0
    }
  },
  "result": {
    "c_index": 0.9365518383570718,
    "mean_brier": 0.1586390250825981,
    "hybrid_score": 0.8699182339493028,
    "std_c_index": 0.004448740743225926,
    "std_mean_brier": 0.009943953080540824,
    "std_hybrid": 0.0074156767078968604
  }
}