{
  "trial_id": 268,
  "config": {
    "model_type": "gbsa",
    "model_params": {
      "loss": "coxph",
      "n_estimators": 236,
      "learning_rate": 0.1969561884342415,
      "subsample": 0.5924785190995182,
      "max_depth": 2,
      "max_features": "log2",
      "max_leaf_nodes": 63,
      "min_samples_split": 13,
      "min_samples_leaf": 14,
      "min_weight_fraction_leaf": 0.0,
      "min_impurity_decrease": 0.021883005092621286,
      "criterion": "friedman_mse",
      "ccp_alpha": 0.0024445345481391286,
      "dropout_rate": 0.02291431610288831,
      "validation_fraction": 0.11079395923298868,
      "n_iter_no_change": null,
      "tol": 4.625812165505145e-05,
      "random_state": 777,
      "warm_start": false,
      "verbose": 0
    },
    "seed": 777,
    "cv_n_splits": 5,
    "cv_n_repeats": 10,
    "preprocessing_config": {
      "eps": 1e-06,
      "min_speed": 0.01,
      "max_hours": 9999.0
    }
  },
  "result": {
    "c_index": 0.9414541238820802,
    "mean_brier": 0.03582663983295707,
    "hybrid_score": 0.957357589281554,
    "std_c_index": 0.0024188131390469767,
    "std_mean_brier": 0.0014828431046911908,
    "std_hybrid": 0.0007933525951460126
  }
}