{
  "trial_id": 263,
  "config": {
    "model_type": "coxnet",
    "model_params": {
      "l1_ratio": 0.9965217439021615,
      "alpha_min_ratio": 0.06449285750048273,
      "n_alphas": 233,
      "max_iter": 1627,
      "tol": 1.6818881423536088e-05
    },
    "seed": 42,
    "cv_n_splits": 5,
    "cv_n_repeats": 10,
    "preprocessing_config": {
      "eps": 1e-06,
      "min_speed": 0.01,
      "max_hours": 9999.0
    }
  },
  "result": {
    "c_index": 0.9391934415369327,
    "mean_brier": 0.02508490652417732,
    "hybrid_score": 0.9641985978941557,
    "std_c_index": 0.002482899590924375,
    "std_mean_brier": 0.0009710711775547075,
    "std_hybrid": 0.0012475633236408868
  }
}