{
  "trial_id": 92,
  "config": {
    "model_type": "gbsa",
    "model_params": {
      "loss": "coxph",
      "n_estimators": 169,
      "learning_rate": 0.01620039143794832,
      "subsample": 0.5689930759201381,
      "max_depth": 1,
      "max_features": 0.5,
      "max_leaf_nodes": null,
      "min_samples_split": 13,
      "min_samples_leaf": 8,
      "min_weight_fraction_leaf": 0.0,
      "min_impurity_decrease": 0.04424693853961045,
      "criterion": "friedman_mse",
      "ccp_alpha": 7.778937934000993e-05,
      "dropout_rate": 0.11200708305974018,
      "validation_fraction": 0.16620847976778252,
      "n_iter_no_change": null,
      "tol": 0.0001019535362800755,
      "random_state": 777,
      "warm_start": false,
      "verbose": 0
    },
    "seed": 777,
    "cv_n_splits": 5,
    "cv_n_repeats": 10,
    "preprocessing_config": {
      "eps": 1e-06,
      "min_speed": 0.01,
      "max_hours": 9999.0
    }
  },
  "result": {
    "c_index": 0.9032957933090427,
    "mean_brier": 0.2121705976405665,
    "hybrid_score": 0.8224693196443162,
    "std_c_index": 0.010135552851620221,
    "std_mean_brier": 0.014493236683226524,
    "std_hybrid": 0.009400484731017792
  }
}