{
  "trial_id": 233,
  "config": {
    "model_type": "coxnet",
    "model_params": {
      "l1_ratio": 0.9078200013646623,
      "alpha_min_ratio": 0.08268428761503993,
      "n_alphas": 219,
      "max_iter": 15064,
      "tol": 2.070464954618174e-06
    },
    "seed": 2023,
    "cv_n_splits": 5,
    "cv_n_repeats": 10,
    "preprocessing_config": {
      "eps": 1e-06,
      "min_speed": 0.01,
      "max_hours": 9999.0
    }
  },
  "result": {
    "c_index": 0.9369493209672077,
    "mean_brier": 0.025987313700502494,
    "hybrid_score": 0.9628936766998105,
    "std_c_index": 0.0026720976026686103,
    "std_mean_brier": 0.0007486762839690145,
    "std_hybrid": 0.0011758479520536727
  }
}