{
  "trial_id": 142,
  "config": {
    "model_type": "coxnet",
    "model_params": {
      "l1_ratio": 0.9251956980363008,
      "alpha_min_ratio": 0.05994647311336458,
      "n_alphas": 299,
      "max_iter": 19637,
      "tol": 5.101065458281886e-06
    },
    "seed": 42,
    "cv_n_splits": 5,
    "cv_n_repeats": 10,
    "preprocessing_config": {
      "eps": 1e-06,
      "min_speed": 0.01,
      "max_hours": 9999.0
    }
  },
  "result": {
    "c_index": 0.9391437562106656,
    "mean_brier": 0.025422827666385185,
    "hybrid_score": 0.9639471474967302,
    "std_c_index": 0.0022788094231863663,
    "std_mean_brier": 0.0014658407789137802,
    "std_hybrid": 0.0014267135265780074
  }
}