{
  "trial_id": 252,
  "config": {
    "model_type": "coxnet",
    "model_params": {
      "l1_ratio": 0.9468671088661511,
      "alpha_min_ratio": 0.0887110628703949,
      "n_alphas": 287,
      "max_iter": 15049,
      "tol": 9.77399532961946e-05
    },
    "seed": 1024,
    "cv_n_splits": 5,
    "cv_n_repeats": 10,
    "preprocessing_config": {
      "eps": 1e-06,
      "min_speed": 0.01,
      "max_hours": 9999.0
    }
  },
  "result": {
    "c_index": 0.9368416694269627,
    "mean_brier": 0.025968143959382177,
    "hybrid_score": 0.9628748000565212,
    "std_c_index": 0.0037109188583330606,
    "std_mean_brier": 0.000747541868915451,
    "std_hybrid": 0.001556584239999206
  }
}