{
  "trial_id": 53,
  "config": {
    "model_type": "coxnet",
    "model_params": {
      "l1_ratio": 0.864551798060942,
      "alpha_min_ratio": 0.09203646732106176,
      "n_alphas": 194,
      "max_iter": 18454,
      "tol": 5.531358774222797e-07
    },
    "seed": 777,
    "cv_n_splits": 5,
    "cv_n_repeats": 10,
    "preprocessing_config": {
      "eps": 1e-06,
      "min_speed": 0.01,
      "max_hours": 9999.0
    }
  },
  "result": {
    "c_index": 0.9368499503146737,
    "mean_brier": 0.026221769476169728,
    "hybrid_score": 0.9626997464610831,
    "std_c_index": 0.002847036154367989,
    "std_mean_brier": 0.0005423476823559493,
    "std_hybrid": 0.001105145904502574
  }
}