{
  "trial_id": 184,
  "config": {
    "model_type": "gbsa",
    "model_params": {
      "loss": "coxph",
      "n_estimators": 441,
      "learning_rate": 0.0993192074961208,
      "subsample": 0.5067131571394746,
      "max_depth": 2,
      "max_features": 0.3,
      "max_leaf_nodes": 16,
      "min_samples_split": 17,
      "min_samples_leaf": 20,
      "min_weight_fraction_leaf": 0.0,
      "min_impurity_decrease": 0.01931196497509004,
      "criterion": "friedman_mse",
      "ccp_alpha": 0.027847321886350942,
      "dropout_rate": 0.01299612441745473,
      "validation_fraction": 0.12372618937387017,
      "n_iter_no_change": 10,
      "tol": 0.00041670408394879355,
      "random_state": 2023,
      "warm_start": false,
      "verbose": 0
    },
    "seed": 2023,
    "cv_n_splits": 5,
    "cv_n_repeats": 10,
    "preprocessing_config": {
      "eps": 1e-06,
      "min_speed": 0.01,
      "max_hours": 9999.0
    }
  },
  "result": {
    "c_index": 0.9061071546869824,
    "mean_brier": 0.05832815789317215,
    "hybrid_score": 0.9310024358808742,
    "std_c_index": 0.006412531719981519,
    "std_mean_brier": 0.004641545835578444,
    "std_hybrid": 0.0030411868291419807
  }
}