{
  "trial_id": 34,
  "config": {
    "model_type": "gbsa",
    "model_params": {
      "loss": "coxph",
      "n_estimators": 444,
      "learning_rate": 0.07827073021345016,
      "subsample": 0.6388425221224375,
      "max_depth": 3,
      "max_features": 1.0,
      "max_leaf_nodes": 16,
      "min_samples_split": 17,
      "min_samples_leaf": 10,
      "min_weight_fraction_leaf": 0.0,
      "min_impurity_decrease": 0.031227461256270798,
      "criterion": "friedman_mse",
      "ccp_alpha": 0.0010469805558801957,
      "dropout_rate": 0.039381785227422014,
      "validation_fraction": 0.252163613885084,
      "n_iter_no_change": null,
      "tol": 0.0019054792714878967,
      "random_state": 1024,
      "warm_start": false,
      "verbose": 0
    },
    "seed": 1024,
    "cv_n_splits": 5,
    "cv_n_repeats": 10,
    "preprocessing_config": {
      "eps": 1e-06,
      "min_speed": 0.01,
      "max_hours": 9999.0
    }
  },
  "result": {
    "c_index": 0.9413837363365353,
    "mean_brier": 0.0764549633741321,
    "hybrid_score": 0.9288966465390681,
    "std_c_index": 0.0024217915880957713,
    "std_mean_brier": 0.005179771281942485,
    "std_hybrid": 0.003880982943519942
  }
}