{
  "trial_id": 121,
  "config": {
    "model_type": "coxnet",
    "model_params": {
      "l1_ratio": 0.9717646192371412,
      "alpha_min_ratio": 0.06787195402473739,
      "n_alphas": 253,
      "max_iter": 17062,
      "tol": 9.947894450003555e-05
    },
    "seed": 42,
    "cv_n_splits": 5,
    "cv_n_repeats": 10,
    "preprocessing_config": {
      "eps": 1e-06,
      "min_speed": 0.01,
      "max_hours": 9999.0
    }
  },
  "result": {
    "c_index": 0.9393839019542897,
    "mean_brier": 0.025078046161070417,
    "hybrid_score": 0.9642605382735375,
    "std_c_index": 0.0024637554516911604,
    "std_mean_brier": 0.0008784418999622836,
    "std_hybrid": 0.001201113742575212
  }
}