{
  "trial_id": 291,
  "config": {
    "seed": 42,
    "cv_n_splits": 5,
    "cv_n_repeats": 10,
    "gbsa_config": {
      "loss": "coxph",
      "n_estimators": 357,
      "learning_rate": 0.157422288380583,
      "subsample": 0.6857230565676017,
      "max_depth": 6,
      "max_features": 0.5,
      "max_leaf_nodes": 8,
      "min_samples_split": 10,
      "min_samples_leaf": 19,
      "min_weight_fraction_leaf": 0.0,
      "min_impurity_decrease": 0.0493359203432747,
      "criterion": "friedman_mse",
      "ccp_alpha": 0.0007848616591508118,
      "dropout_rate": 0.10748295396727674,
      "validation_fraction": 0.16883868576788089,
      "n_iter_no_change": null,
      "tol": 9.835229271938559e-05,
      "random_state": 42,
      "warm_start": false,
      "verbose": 0
    },
    "preprocessing_config": {
      "eps": 1e-06,
      "min_speed": 0.01,
      "max_hours": 9999.0
    }
  },
  "result": {
    "c_index": 0.9399801258694932,
    "mean_brier": 0.09881544943176226,
    "hybrid_score": 0.9128232231586143,
    "std_c_index": 0.0027862572332006765,
    "std_mean_brier": 0.00398954843896859,
    "std_hybrid": 0.003243147370970326
  }
}