{
  "trial_id": 181,
  "config": {
    "model_type": "coxnet",
    "model_params": {
      "l1_ratio": 0.9888152292109972,
      "alpha_min_ratio": 0.028287219124703618,
      "n_alphas": 67,
      "max_iter": 6148,
      "tol": 4.4225766634596284e-05
    },
    "seed": 777,
    "cv_n_splits": 5,
    "cv_n_repeats": 10,
    "preprocessing_config": {
      "eps": 1e-06,
      "min_speed": 0.01,
      "max_hours": 9999.0
    }
  },
  "result": {
    "c_index": 0.9302086783703212,
    "mean_brier": 0.028466719041692172,
    "hybrid_score": 0.9591359001819117,
    "std_c_index": 0.0053020707568219045,
    "std_mean_brier": 0.0035457030971023265,
    "std_hybrid": 0.003777372120577367
  }
}