{
  "trial_id": 261,
  "config": {
    "model_type": "coxnet",
    "model_params": {
      "l1_ratio": 0.7834455306843604,
      "alpha_min_ratio": 0.0973424883604436,
      "n_alphas": 216,
      "max_iter": 1889,
      "tol": 4.385234887234965e-05
    },
    "seed": 42,
    "cv_n_splits": 5,
    "cv_n_repeats": 10,
    "preprocessing_config": {
      "eps": 1e-06,
      "min_speed": 0.01,
      "max_hours": 9999.0
    }
  },
  "result": {
    "c_index": 0.9391437562106658,
    "mean_brier": 0.026948273975319577,
    "hybrid_score": 0.962879335080476,
    "std_c_index": 0.002228297487082292,
    "std_mean_brier": 0.0008045752447892293,
    "std_hybrid": 0.0010813150592919212
  }
}