{
  "trial_id": 159,
  "config": {
    "model_type": "coxnet",
    "model_params": {
      "l1_ratio": 0.5792796199022383,
      "alpha_min_ratio": 0.09826808270331198,
      "n_alphas": 122,
      "max_iter": 16584,
      "tol": 5.291768978166908e-06
    },
    "seed": 777,
    "cv_n_splits": 5,
    "cv_n_repeats": 10,
    "preprocessing_config": {
      "eps": 1e-06,
      "min_speed": 0.01,
      "max_hours": 9999.0
    }
  },
  "result": {
    "c_index": 0.9362206028486254,
    "mean_brier": 0.02920856507564142,
    "hybrid_score": 0.9604201853016386,
    "std_c_index": 0.0029769301835369487,
    "std_mean_brier": 0.0006160001620824961,
    "std_hybrid": 0.001094356505811371
  }
}