{
  "trial_id": 31,
  "config": {
    "model_type": "coxnet",
    "model_params": {
      "l1_ratio": 0.8494051999518819,
      "alpha_min_ratio": 0.031129915833717398,
      "n_alphas": 168,
      "max_iter": 14113,
      "tol": 1.1347850492197183e-07
    },
    "seed": 2023,
    "cv_n_splits": 5,
    "cv_n_repeats": 10,
    "preprocessing_config": {
      "eps": 1e-06,
      "min_speed": 0.01,
      "max_hours": 9999.0
    }
  },
  "result": {
    "c_index": 0.9329662139781384,
    "mean_brier": 0.02731897052834737,
    "hybrid_score": 0.9607665848235983,
    "std_c_index": 0.004112234142453348,
    "std_mean_brier": 0.0019676213060802962,
    "std_hybrid": 0.0024958043388520206
  }
}