{
  "trial_id": 284,
  "config": {
    "model_type": "gbsa",
    "model_params": {
      "loss": "coxph",
      "n_estimators": 247,
      "learning_rate": 0.0837364970618362,
      "subsample": 0.9046598215703063,
      "max_depth": 2,
      "max_features": "log2",
      "max_leaf_nodes": 63,
      "min_samples_split": 16,
      "min_samples_leaf": 9,
      "min_weight_fraction_leaf": 0.0,
      "min_impurity_decrease": 0.04334130988382425,
      "criterion": "friedman_mse",
      "ccp_alpha": 0.0003365253754591958,
      "dropout_rate": 0.03720548743302507,
      "validation_fraction": 0.25587986697498627,
      "n_iter_no_change": 20,
      "tol": 2.1648757704174235e-05,
      "random_state": 1024,
      "warm_start": false,
      "verbose": 0
    },
    "seed": 1024,
    "cv_n_splits": 5,
    "cv_n_repeats": 10,
    "preprocessing_config": {
      "eps": 1e-06,
      "min_speed": 0.01,
      "max_hours": 9999.0
    }
  },
  "result": {
    "c_index": 0.9396199072540575,
    "mean_brier": 0.07741439778361531,
    "hybrid_score": 0.9276958937276867,
    "std_c_index": 0.002184102775548424,
    "std_mean_brier": 0.00494279982244679,
    "std_hybrid": 0.0035870353310577395
  }
}