{
  "trial_id": 286,
  "config": {
    "model_type": "coxnet",
    "model_params": {
      "l1_ratio": 0.9680836387581931,
      "alpha_min_ratio": 0.0921597623508595,
      "n_alphas": 289,
      "max_iter": 15158,
      "tol": 5.892679262675528e-05
    },
    "seed": 1024,
    "cv_n_splits": 5,
    "cv_n_repeats": 10,
    "preprocessing_config": {
      "eps": 1e-06,
      "min_speed": 0.01,
      "max_hours": 9999.0
    }
  },
  "result": {
    "c_index": 0.9364193441536933,
    "mean_brier": 0.025992515406574913,
    "hybrid_score": 0.9627310424615055,
    "std_c_index": 0.0037644445565221327,
    "std_mean_brier": 0.0007416280839066567,
    "std_hybrid": 0.0015668822611110775
  }
}