{
  "trial_id": 114,
  "config": {
    "model_type": "coxnet",
    "model_params": {
      "l1_ratio": 0.8567290081944933,
      "alpha_min_ratio": 0.04375105269318637,
      "n_alphas": 140,
      "max_iter": 18570,
      "tol": 2.1336907671677762e-07
    },
    "seed": 1024,
    "cv_n_splits": 5,
    "cv_n_repeats": 10,
    "preprocessing_config": {
      "eps": 1e-06,
      "min_speed": 0.01,
      "max_hours": 9999.0
    }
  },
  "result": {
    "c_index": 0.9354587611791982,
    "mean_brier": 0.025962452256702497,
    "hybrid_score": 0.9624639117740678,
    "std_c_index": 0.0031902811764964656,
    "std_mean_brier": 0.0012154948811504498,
    "std_hybrid": 0.00145489492196836
  }
}