{
  "trial_id": 177,
  "config": {
    "model_type": "gbsa",
    "model_params": {
      "loss": "coxph",
      "n_estimators": 289,
      "learning_rate": 0.049633163004158314,
      "subsample": 0.8132121519444007,
      "max_depth": 1,
      "max_features": 0.7,
      "max_leaf_nodes": 8,
      "min_samples_split": 11,
      "min_samples_leaf": 16,
      "min_weight_fraction_leaf": 0.0,
      "min_impurity_decrease": 0.03177096612452642,
      "criterion": "friedman_mse",
      "ccp_alpha": 3.208622640536569e-07,
      "dropout_rate": 0.06292857832722215,
      "validation_fraction": 0.2387097714655001,
      "n_iter_no_change": 20,
      "tol": 1.510218167980051e-05,
      "random_state": 2023,
      "warm_start": false,
      "verbose": 0
    },
    "seed": 2023,
    "cv_n_splits": 5,
    "cv_n_repeats": 10,
    "preprocessing_config": {
      "eps": 1e-06,
      "min_speed": 0.01,
      "max_hours": 9999.0
    }
  },
  "result": {
    "c_index": 0.9022234183504473,
    "mean_brier": 0.14530745114120905,
    "hybrid_score": 0.8689518097062876,
    "std_c_index": 0.005824686295636832,
    "std_mean_brier": 0.010599666334073237,
    "std_hybrid": 0.006768380449255707
  }
}