{
  "trial_id": 29,
  "config": {
    "model_type": "gbsa",
    "model_params": {
      "loss": "coxph",
      "n_estimators": 367,
      "learning_rate": 0.1870571167307726,
      "subsample": 0.5446967579812351,
      "max_depth": 5,
      "max_features": 1.0,
      "max_leaf_nodes": null,
      "min_samples_split": 20,
      "min_samples_leaf": 19,
      "min_weight_fraction_leaf": 0.0,
      "min_impurity_decrease": 0.045954478426866126,
      "criterion": "friedman_mse",
      "ccp_alpha": 0.004962105049080539,
      "dropout_rate": 0.23216254033865036,
      "validation_fraction": 0.21628018428159443,
      "n_iter_no_change": 20,
      "tol": 0.0008692433688840442,
      "random_state": 1024,
      "warm_start": false,
      "verbose": 0
    },
    "seed": 1024,
    "cv_n_splits": 5,
    "cv_n_repeats": 10,
    "preprocessing_config": {
      "eps": 1e-06,
      "min_speed": 0.01,
      "max_hours": 9999.0
    }
  },
  "result": {
    "c_index": 0.9062851937727723,
    "mean_brier": 0.1335359021806396,
    "hybrid_score": 0.8784104266053842,
    "std_c_index": 0.008858521962268344,
    "std_mean_brier": 0.00781756348508736,
    "std_hybrid": 0.006134432484167183
  }
}