{
  "trial_id": 177,
  "config": {
    "model_type": "coxnet",
    "model_params": {
      "l1_ratio": 0.8163098558726033,
      "alpha_min_ratio": 0.025334965803069303,
      "n_alphas": 264,
      "max_iter": 1451,
      "tol": 5.942263869008876e-05
    },
    "seed": 42,
    "cv_n_splits": 5,
    "cv_n_repeats": 10,
    "preprocessing_config": {
      "eps": 1e-06,
      "min_speed": 0.01,
      "max_hours": 9999.0
    }
  },
  "result": {
    "c_index": 0.9327260682345149,
    "mean_brier": 0.02713158268308897,
    "hybrid_score": 0.960825712592192,
    "std_c_index": 0.007444071294709663,
    "std_mean_brier": 0.0030371996300846598,
    "std_hybrid": 0.00429647161107364
  }
}