{
  "trial_id": 105,
  "config": {
    "model_type": "gbsa",
    "model_params": {
      "loss": "coxph",
      "n_estimators": 463,
      "learning_rate": 0.06501314735815736,
      "subsample": 0.6469269389951409,
      "max_depth": 5,
      "max_features": "sqrt",
      "max_leaf_nodes": 31,
      "min_samples_split": 6,
      "min_samples_leaf": 10,
      "min_weight_fraction_leaf": 0.0,
      "min_impurity_decrease": 0.031229461862018908,
      "criterion": "friedman_mse",
      "ccp_alpha": 0.012042521812788316,
      "dropout_rate": 0.00023175928815361707,
      "validation_fraction": 0.1538662506434551,
      "n_iter_no_change": null,
      "tol": 9.491485466330113e-05,
      "random_state": 42,
      "warm_start": false,
      "verbose": 0
    },
    "seed": 42,
    "cv_n_splits": 5,
    "cv_n_repeats": 10,
    "preprocessing_config": {
      "eps": 1e-06,
      "min_speed": 0.01,
      "max_hours": 9999.0
    }
  },
  "result": {
    "c_index": 0.9417108314011262,
    "mean_brier": 0.030430978979239208,
    "hybrid_score": 0.9612115641348703,
    "std_c_index": 0.0013695797211359386,
    "std_mean_brier": 0.0009762914494955622,
    "std_hybrid": 0.0009653683516701683
  }
}