{
  "trial_id": 259,
  "config": {
    "model_type": "coxnet",
    "model_params": {
      "l1_ratio": 0.9722330354855074,
      "alpha_min_ratio": 0.02962941118261064,
      "n_alphas": 228,
      "max_iter": 19579,
      "tol": 9.422817430932229e-05
    },
    "seed": 1024,
    "cv_n_splits": 5,
    "cv_n_repeats": 10,
    "preprocessing_config": {
      "eps": 1e-06,
      "min_speed": 0.01,
      "max_hours": 9999.0
    }
  },
  "result": {
    "c_index": 0.9331069890692282,
    "mean_brier": 0.026516271431755733,
    "hybrid_score": 0.9613707067185393,
    "std_c_index": 0.003455184892490287,
    "std_mean_brier": 0.0014910823733085502,
    "std_hybrid": 0.0018108171363979985
  }
}