{
  "trial_id": 147,
  "config": {
    "model_type": "gbsa",
    "model_params": {
      "loss": "coxph",
      "n_estimators": 397,
      "learning_rate": 0.10032807180597951,
      "subsample": 0.5804309281650512,
      "max_depth": 5,
      "max_features": 0.5,
      "max_leaf_nodes": 16,
      "min_samples_split": 8,
      "min_samples_leaf": 15,
      "min_weight_fraction_leaf": 0.0,
      "min_impurity_decrease": 0.019692993932798126,
      "criterion": "friedman_mse",
      "ccp_alpha": 7.523552626442687e-06,
      "dropout_rate": 0.03463437019035194,
      "validation_fraction": 0.17175458553028689,
      "n_iter_no_change": null,
      "tol": 0.005815106362178363,
      "random_state": 2023,
      "warm_start": false,
      "verbose": 0
    },
    "seed": 2023,
    "cv_n_splits": 5,
    "cv_n_repeats": 10,
    "preprocessing_config": {
      "eps": 1e-06,
      "min_speed": 0.01,
      "max_hours": 9999.0
    }
  },
  "result": {
    "c_index": 0.9400091089764822,
    "mean_brier": 0.06129458390414955,
    "hybrid_score": 0.93909652396004,
    "std_c_index": 0.004059259143886074,
    "std_mean_brier": 0.0037722416470807926,
    "std_hybrid": 0.0032983562112256473
  }
}