{
  "trial_id": 216,
  "config": {
    "model_type": "gbsa",
    "model_params": {
      "loss": "coxph",
      "n_estimators": 271,
      "learning_rate": 0.1727388964888962,
      "subsample": 0.7253143340929566,
      "max_depth": 5,
      "max_features": "sqrt",
      "max_leaf_nodes": 8,
      "min_samples_split": 6,
      "min_samples_leaf": 19,
      "min_weight_fraction_leaf": 0.0,
      "min_impurity_decrease": 0.042103241712632626,
      "criterion": "friedman_mse",
      "ccp_alpha": 3.2826499198186586e-05,
      "dropout_rate": 0.005419690916750429,
      "validation_fraction": 0.28413826757630156,
      "n_iter_no_change": null,
      "tol": 2.6075207836217004e-05,
      "random_state": 777,
      "warm_start": false,
      "verbose": 0
    },
    "seed": 777,
    "cv_n_splits": 5,
    "cv_n_repeats": 10,
    "preprocessing_config": {
      "eps": 1e-06,
      "min_speed": 0.01,
      "max_hours": 9999.0
    }
  },
  "result": {
    "c_index": 0.9422573699900629,
    "mean_brier": 0.0277643000782802,
    "hybrid_score": 0.9632422009422227,
    "std_c_index": 0.0020141631624858523,
    "std_mean_brier": 0.0007686709907043725,
    "std_hybrid": 0.0006268569413098071
  }
}