{
  "trial_id": 81,
  "config": {
    "model_type": "coxnet",
    "model_params": {
      "l1_ratio": 0.6954513868547546,
      "alpha_min_ratio": 0.09088188236508453,
      "n_alphas": 230,
      "max_iter": 327,
      "tol": 1.5711371384379225e-06
    },
    "seed": 42,
    "cv_n_splits": 5,
    "cv_n_repeats": 10,
    "preprocessing_config": {
      "eps": 1e-06,
      "min_speed": 0.01,
      "max_hours": 9999.0
    }
  },
  "result": {
    "c_index": 0.9387214309373965,
    "mean_brier": 0.02736569846829711,
    "hybrid_score": 0.9624604403534109,
    "std_c_index": 0.00230857129668139,
    "std_mean_brier": 0.000776928946042619,
    "std_hybrid": 0.001056561061562735
  }
}