{
  "trial_id": 83,
  "config": {
    "model_type": "coxnet",
    "model_params": {
      "l1_ratio": 0.9939289923230654,
      "alpha_min_ratio": 0.07861997685323702,
      "n_alphas": 86,
      "max_iter": 1466,
      "tol": 1.3702975250018858e-07
    },
    "seed": 42,
    "cv_n_splits": 5,
    "cv_n_repeats": 10,
    "preprocessing_config": {
      "eps": 1e-06,
      "min_speed": 0.01,
      "max_hours": 9999.0
    }
  },
  "result": {
    "c_index": 0.9393176548526002,
    "mean_brier": 0.025433121774175872,
    "hybrid_score": 0.963992111213857,
    "std_c_index": 0.0023951098849715165,
    "std_mean_brier": 0.000816813890686211,
    "std_hybrid": 0.001137799783005894
  }
}