{
  "trial_id": 129,
  "config": {
    "model_type": "coxnet",
    "model_params": {
      "l1_ratio": 0.9974773251180404,
      "alpha_min_ratio": 0.08557099074969372,
      "n_alphas": 230,
      "max_iter": 277,
      "tol": 4.15467583122089e-07
    },
    "seed": 42,
    "cv_n_splits": 5,
    "cv_n_repeats": 10,
    "preprocessing_config": {
      "eps": 1e-06,
      "min_speed": 0.01,
      "max_hours": 9999.0
    }
  },
  "result": {
    "c_index": 0.9390278237827093,
    "mean_brier": 0.025464234340604762,
    "hybrid_score": 0.9638833830963895,
    "std_c_index": 0.0022771838951354466,
    "std_mean_brier": 0.0008016655165959659,
    "std_hybrid": 0.0010685137075082333
  }
}