{
  "trial_id": 265,
  "config": {
    "model_type": "coxnet",
    "model_params": {
      "l1_ratio": 0.13422841639199695,
      "alpha_min_ratio": 0.0012262746329316971,
      "n_alphas": 51,
      "max_iter": 10269,
      "tol": 1.6775614929616737e-06
    },
    "seed": 777,
    "cv_n_splits": 5,
    "cv_n_repeats": 10,
    "preprocessing_config": {
      "eps": 1e-06,
      "min_speed": 0.01,
      "max_hours": 9999.0
    }
  },
  "result": {
    "c_index": 0.9224163630341172,
    "mean_brier": 0.040002962772745856,
    "hybrid_score": 0.948722834969313,
    "std_c_index": 0.012840634574403442,
    "std_mean_brier": 0.0068937933170730116,
    "std_hybrid": 0.007513460027341778
  }
}