{
  "trial_id": 200,
  "config": {
    "model_type": "coxnet",
    "model_params": {
      "l1_ratio": 0.923984687042708,
      "alpha_min_ratio": 0.03625550986502961,
      "n_alphas": 202,
      "max_iter": 14092,
      "tol": 1.7576288999781355e-06
    },
    "seed": 777,
    "cv_n_splits": 5,
    "cv_n_repeats": 10,
    "preprocessing_config": {
      "eps": 1e-06,
      "min_speed": 0.01,
      "max_hours": 9999.0
    }
  },
  "result": {
    "c_index": 0.9332229214971847,
    "mean_brier": 0.027257832259725688,
    "hybrid_score": 0.9608863938673473,
    "std_c_index": 0.0037020662224225803,
    "std_mean_brier": 0.002482594770974129,
    "std_hybrid": 0.0023295036033964055
  }
}