{
  "trial_id": 116,
  "config": {
    "model_type": "gbsa",
    "model_params": {
      "loss": "coxph",
      "n_estimators": 214,
      "learning_rate": 0.15106777190161466,
      "subsample": 0.8232934305821921,
      "max_depth": 5,
      "max_features": 1.0,
      "max_leaf_nodes": 63,
      "min_samples_split": 19,
      "min_samples_leaf": 6,
      "min_weight_fraction_leaf": 0.0,
      "min_impurity_decrease": 0.013737819398546217,
      "criterion": "friedman_mse",
      "ccp_alpha": 3.0884296739374704e-08,
      "dropout_rate": 0.055419061361171626,
      "validation_fraction": 0.25174853596913765,
      "n_iter_no_change": null,
      "tol": 0.0037007825501737816,
      "random_state": 1024,
      "warm_start": false,
      "verbose": 0
    },
    "seed": 1024,
    "cv_n_splits": 5,
    "cv_n_repeats": 10,
    "preprocessing_config": {
      "eps": 1e-06,
      "min_speed": 0.01,
      "max_hours": 9999.0
    }
  },
  "result": {
    "c_index": 0.9391934415369327,
    "mean_brier": 0.05864778314538928,
    "hybrid_score": 0.9407045842593073,
    "std_c_index": 0.003484089402204203,
    "std_mean_brier": 0.004772313241343969,
    "std_hybrid": 0.0038713014978421422
  }
}