{
  "trial_id": 12,
  "config": {
    "seed": 42,
    "cv_n_splits": 5,
    "cv_n_repeats": 10,
    "gbsa_config": {
      "loss": "coxph",
      "n_estimators": 260,
      "learning_rate": 0.14188574991454947,
      "subsample": 0.9765740867332343,
      "max_depth": 6,
      "max_features": 1.0,
      "max_leaf_nodes": null,
      "min_samples_split": 7,
      "min_samples_leaf": 8,
      "min_weight_fraction_leaf": 0.0,
      "min_impurity_decrease": 0.021828586584823173,
      "criterion": "friedman_mse",
      "ccp_alpha": 6.8803490391368734e-06,
      "dropout_rate": 0.10671780018702018,
      "validation_fraction": 0.2630198604050845,
      "n_iter_no_change": 20,
      "tol": 8.47362466043664e-05,
      "random_state": 42,
      "warm_start": false,
      "verbose": 0
    },
    "preprocessing_config": {
      "eps": 1e-06,
      "min_speed": 0.01,
      "max_hours": 9999.0
    }
  },
  "result": {
    "c_index": 0.9399552832063595,
    "mean_brier": 0.09985574045732824,
    "hybrid_score": 0.9120875666417779,
    "std_c_index": 0.0024528626813652703,
    "std_mean_brier": 0.00587050262766155,
    "std_hybrid": 0.004335748558417027
  }
}