{
  "trial_id": 223,
  "config": {
    "model_type": "coxnet",
    "model_params": {
      "l1_ratio": 0.9476106451574394,
      "alpha_min_ratio": 0.051963863324498684,
      "n_alphas": 177,
      "max_iter": 788,
      "tol": 8.925452533131278e-05
    },
    "seed": 42,
    "cv_n_splits": 5,
    "cv_n_repeats": 10,
    "preprocessing_config": {
      "eps": 1e-06,
      "min_speed": 0.01,
      "max_hours": 9999.0
    }
  },
  "result": {
    "c_index": 0.9377194435243459,
    "mean_brier": 0.025585995445346833,
    "hybrid_score": 0.963405636245561,
    "std_c_index": 0.0042973658599112724,
    "std_mean_brier": 0.0018233307077879688,
    "std_hybrid": 0.0024567478827219845
  }
}