{
  "trial_id": 284,
  "config": {
    "model_type": "gbsa",
    "model_params": {
      "loss": "coxph",
      "n_estimators": 190,
      "learning_rate": 0.10809409193604075,
      "subsample": 0.5383444606077958,
      "max_depth": 3,
      "max_features": null,
      "max_leaf_nodes": 16,
      "min_samples_split": 7,
      "min_samples_leaf": 3,
      "min_weight_fraction_leaf": 0.0,
      "min_impurity_decrease": 0.03780082887334268,
      "criterion": "friedman_mse",
      "ccp_alpha": 1.022181340748044e-05,
      "dropout_rate": 0.03179234053593653,
      "validation_fraction": 0.1868462216183912,
      "n_iter_no_change": null,
      "tol": 0.0010393617772568085,
      "random_state": 2023,
      "warm_start": false,
      "verbose": 0
    },
    "seed": 2023,
    "cv_n_splits": 5,
    "cv_n_repeats": 10,
    "preprocessing_config": {
      "eps": 1e-06,
      "min_speed": 0.01,
      "max_hours": 9999.0
    }
  },
  "result": {
    "c_index": 0.9390940708843987,
    "mean_brier": 0.05584550981631038,
    "hybrid_score": 0.9426363643939023,
    "std_c_index": 0.0021888032623487504,
    "std_mean_brier": 0.004198126038902356,
    "std_hybrid": 0.00296470987956884
  }
}