{
  "trial_id": 166,
  "config": {
    "model_type": "gbsa",
    "model_params": {
      "loss": "coxph",
      "n_estimators": 263,
      "learning_rate": 0.057342700080143326,
      "subsample": 0.6206548619531069,
      "max_depth": 1,
      "max_features": 0.3,
      "max_leaf_nodes": 31,
      "min_samples_split": 10,
      "min_samples_leaf": 5,
      "min_weight_fraction_leaf": 0.0,
      "min_impurity_decrease": 0.033857619393402566,
      "criterion": "friedman_mse",
      "ccp_alpha": 0.033746982665698054,
      "dropout_rate": 0.0008031518019765149,
      "validation_fraction": 0.18184716794108835,
      "n_iter_no_change": null,
      "tol": 0.00017849635640123434,
      "random_state": 1024,
      "warm_start": false,
      "verbose": 0
    },
    "seed": 1024,
    "cv_n_splits": 5,
    "cv_n_repeats": 10,
    "preprocessing_config": {
      "eps": 1e-06,
      "min_speed": 0.01,
      "max_hours": 9999.0
    }
  },
  "result": {
    "c_index": 0.9335500165617754,
    "mean_brier": 0.03990554908348479,
    "hybrid_score": 0.9521311206100933,
    "std_c_index": 0.004070477493112043,
    "std_mean_brier": 0.001422998689389516,
    "std_hybrid": 0.0009320982231256316
  }
}