{
  "trial_id": 276,
  "config": {
    "model_type": "coxnet",
    "model_params": {
      "l1_ratio": 0.8770582629170766,
      "alpha_min_ratio": 0.06857762961288325,
      "n_alphas": 55,
      "max_iter": 14503,
      "tol": 5.0759364373234e-08
    },
    "seed": 777,
    "cv_n_splits": 5,
    "cv_n_repeats": 10,
    "preprocessing_config": {
      "eps": 1e-06,
      "min_speed": 0.01,
      "max_hours": 9999.0
    }
  },
  "result": {
    "c_index": 0.9367174561112952,
    "mean_brier": 0.025564851214417577,
    "hybrid_score": 0.9631198409832962,
    "std_c_index": 0.003468456515082014,
    "std_mean_brier": 0.0004877237687322123,
    "std_hybrid": 0.0012532900549842008
  }
}