{
  "trial_id": 287,
  "config": {
    "model_type": "coxnet",
    "model_params": {
      "l1_ratio": 0.7368025560151308,
      "alpha_min_ratio": 0.08607852235147549,
      "n_alphas": 58,
      "max_iter": 11414,
      "tol": 2.3928487524646563e-07
    },
    "seed": 777,
    "cv_n_splits": 5,
    "cv_n_repeats": 10,
    "preprocessing_config": {
      "eps": 1e-06,
      "min_speed": 0.01,
      "max_hours": 9999.0
    }
  },
  "result": {
    "c_index": 0.9365021530308049,
    "mean_brier": 0.026900956872843447,
    "hybrid_score": 0.962119976098251,
    "std_c_index": 0.002523375495820878,
    "std_mean_brier": 0.0005129442242810481,
    "std_hybrid": 0.0009397128061704434
  }
}