{
  "trial_id": 20,
  "config": {
    "model_type": "coxnet",
    "model_params": {
      "l1_ratio": 0.9558990201007505,
      "alpha_min_ratio": 0.038924086252704715,
      "n_alphas": 206,
      "max_iter": 9462,
      "tol": 4.367945169044864e-08
    },
    "seed": 42,
    "cv_n_splits": 5,
    "cv_n_repeats": 10,
    "preprocessing_config": {
      "eps": 1e-06,
      "min_speed": 0.01,
      "max_hours": 9999.0
    }
  },
  "result": {
    "c_index": 0.9365684001324942,
    "mean_brier": 0.025757028713500545,
    "hybrid_score": 0.9629405999402977,
    "std_c_index": 0.005133883248561287,
    "std_mean_brier": 0.0027408055082918433,
    "std_hybrid": 0.003320761824099654
  }
}