{
  "trial_id": 172,
  "config": {
    "model_type": "coxnet",
    "model_params": {
      "l1_ratio": 0.9971758721585553,
      "alpha_min_ratio": 0.09495735109565043,
      "n_alphas": 250,
      "max_iter": 17088,
      "tol": 4.2109645055068076e-05
    },
    "seed": 42,
    "cv_n_splits": 5,
    "cv_n_repeats": 10,
    "preprocessing_config": {
      "eps": 1e-06,
      "min_speed": 0.01,
      "max_hours": 9999.0
    }
  },
  "result": {
    "c_index": 0.9391685988737992,
    "mean_brier": 0.025651851688493755,
    "hybrid_score": 0.9637942834801942,
    "std_c_index": 0.002325794600079041,
    "std_mean_brier": 0.000781102404625978,
    "std_hybrid": 0.0010696143025451669
  }
}