{
  "trial_id": 85,
  "config": {
    "model_type": "coxnet",
    "model_params": {
      "l1_ratio": 0.8142666353619257,
      "alpha_min_ratio": 0.025188216440178424,
      "n_alphas": 75,
      "max_iter": 3486,
      "tol": 8.88639310118086e-05
    },
    "seed": 2023,
    "cv_n_splits": 5,
    "cv_n_repeats": 10,
    "preprocessing_config": {
      "eps": 1e-06,
      "min_speed": 0.01,
      "max_hours": 9999.0
    }
  },
  "result": {
    "c_index": 0.9310698906922823,
    "mean_brier": 0.028739400597850594,
    "hybrid_score": 0.959203386789189,
    "std_c_index": 0.006486974921092824,
    "std_mean_brier": 0.0027845978456352513,
    "std_hybrid": 0.0038029843538528434
  }
}