{
  "trial_id": 107,
  "config": {
    "model_type": "coxnet",
    "model_params": {
      "l1_ratio": 0.8396237217668006,
      "alpha_min_ratio": 0.016767215664718615,
      "n_alphas": 220,
      "max_iter": 9909,
      "tol": 2.7964899184271694e-08
    },
    "seed": 2023,
    "cv_n_splits": 5,
    "cv_n_repeats": 10,
    "preprocessing_config": {
      "eps": 1e-06,
      "min_speed": 0.01,
      "max_hours": 9999.0
    }
  },
  "result": {
    "c_index": 0.9284862537263996,
    "mean_brier": 0.03122567836934586,
    "hybrid_score": 0.9566879012593776,
    "std_c_index": 0.00622491464732389,
    "std_mean_brier": 0.0041877654911994,
    "std_hybrid": 0.004528250901379012
  }
}