{
  "trial_id": 247,
  "config": {
    "model_type": "coxnet",
    "model_params": {
      "l1_ratio": 0.9026839404237389,
      "alpha_min_ratio": 0.051321474106799596,
      "n_alphas": 226,
      "max_iter": 1678,
      "tol": 5.412057156304414e-07
    },
    "seed": 42,
    "cv_n_splits": 5,
    "cv_n_repeats": 10,
    "preprocessing_config": {
      "eps": 1e-06,
      "min_speed": 0.01,
      "max_hours": 9999.0
    }
  },
  "result": {
    "c_index": 0.9376946008612123,
    "mean_brier": 0.0258349006741116,
    "hybrid_score": 0.9632239497864857,
    "std_c_index": 0.0043857757811834415,
    "std_mean_brier": 0.002146317018597574,
    "std_hybrid": 0.002709234365750759
  }
}