{
  "trial_id": 259,
  "config": {
    "model_type": "gbsa",
    "model_params": {
      "loss": "coxph",
      "n_estimators": 254,
      "learning_rate": 0.10929313194310382,
      "subsample": 0.7715368915402483,
      "max_depth": 6,
      "max_features": 0.3,
      "max_leaf_nodes": null,
      "min_samples_split": 16,
      "min_samples_leaf": 10,
      "min_weight_fraction_leaf": 0.0,
      "min_impurity_decrease": 0.00879700409723583,
      "criterion": "friedman_mse",
      "ccp_alpha": 0.00016000158014019774,
      "dropout_rate": 0.07985199942834494,
      "validation_fraction": 0.2930375732167848,
      "n_iter_no_change": null,
      "tol": 0.0013760559436591306,
      "random_state": 1024,
      "warm_start": false,
      "verbose": 0
    },
    "seed": 1024,
    "cv_n_splits": 5,
    "cv_n_repeats": 10,
    "preprocessing_config": {
      "eps": 1e-06,
      "min_speed": 0.01,
      "max_hours": 9999.0
    }
  },
  "result": {
    "c_index": 0.9424064259688638,
    "mean_brier": 0.09929660654825727,
    "hybrid_score": 0.9132143032068789,
    "std_c_index": 0.0016400548460035072,
    "std_mean_brier": 0.006741913017627811,
    "std_hybrid": 0.00488498478147446
  }
}