{
  "trial_id": 230,
  "config": {
    "model_type": "gbsa",
    "model_params": {
      "loss": "coxph",
      "n_estimators": 291,
      "learning_rate": 0.10609187640573448,
      "subsample": 0.9954854086064977,
      "max_depth": 3,
      "max_features": 0.3,
      "max_leaf_nodes": 16,
      "min_samples_split": 19,
      "min_samples_leaf": 3,
      "min_weight_fraction_leaf": 0.0,
      "min_impurity_decrease": 0.006324788158286047,
      "criterion": "friedman_mse",
      "ccp_alpha": 0.010312072631412924,
      "dropout_rate": 0.12210470385641646,
      "validation_fraction": 0.20215605408641285,
      "n_iter_no_change": null,
      "tol": 0.004216383673804502,
      "random_state": 1024,
      "warm_start": false,
      "verbose": 0
    },
    "seed": 1024,
    "cv_n_splits": 5,
    "cv_n_repeats": 10,
    "preprocessing_config": {
      "eps": 1e-06,
      "min_speed": 0.01,
      "max_hours": 9999.0
    }
  },
  "result": {
    "c_index": 0.9112951308380259,
    "mean_brier": 0.13107164898450355,
    "hybrid_score": 0.8816383849622553,
    "std_c_index": 0.005959512736463886,
    "std_mean_brier": 0.007887204862023213,
    "std_hybrid": 0.005104990718402795
  }
}