{
  "trial_id": 9,
  "config": {
    "model_type": "gbsa",
    "model_params": {
      "loss": "coxph",
      "n_estimators": 355,
      "learning_rate": 0.03040027537927457,
      "subsample": 0.8349420681148616,
      "max_depth": 4,
      "max_features": 0.5,
      "max_leaf_nodes": 8,
      "min_samples_split": 16,
      "min_samples_leaf": 2,
      "min_weight_fraction_leaf": 0.0,
      "min_impurity_decrease": 0.04070056592234189,
      "criterion": "friedman_mse",
      "ccp_alpha": 5.208855447909057e-08,
      "dropout_rate": 0.3099468846323947,
      "validation_fraction": 0.1148558318650783,
      "n_iter_no_change": null,
      "tol": 2.0693594658365423e-05,
      "random_state": 2023,
      "warm_start": false,
      "verbose": 0
    },
    "seed": 2023,
    "cv_n_splits": 5,
    "cv_n_repeats": 10,
    "preprocessing_config": {
      "eps": 1e-06,
      "min_speed": 0.01,
      "max_hours": 9999.0
    }
  },
  "result": {
    "c_index": 0.9388208015899304,
    "mean_brier": 0.2236976019838679,
    "hybrid_score": 0.8250579190882716,
    "std_c_index": 0.003003531739907922,
    "std_mean_brier": 0.011523651548089556,
    "std_hybrid": 0.007958197585617338
  }
}