{
  "trial_id": 8,
  "config": {
    "model_type": "gbsa",
    "model_params": {
      "loss": "coxph",
      "n_estimators": 382,
      "learning_rate": 0.010710373443401318,
      "subsample": 0.6088618059769196,
      "max_depth": 2,
      "max_features": 0.3,
      "max_leaf_nodes": 8,
      "min_samples_split": 6,
      "min_samples_leaf": 11,
      "min_weight_fraction_leaf": 0.0,
      "min_impurity_decrease": 0.003685716327554395,
      "criterion": "friedman_mse",
      "ccp_alpha": 4.58043622632903e-08,
      "dropout_rate": 0.1516294950487158,
      "validation_fraction": 0.1895362907559977,
      "n_iter_no_change": 5,
      "tol": 0.0028505821175759515,
      "random_state": 1024,
      "warm_start": false,
      "verbose": 0
    },
    "seed": 1024,
    "cv_n_splits": 5,
    "cv_n_repeats": 10,
    "preprocessing_config": {
      "eps": 1e-06,
      "min_speed": 0.01,
      "max_hours": 9999.0
    }
  },
  "result": {
    "c_index": 0.9406798608810865,
    "mean_brier": 0.21424581678763466,
    "hybrid_score": 0.8322318865129816,
    "std_c_index": 0.0036665751935801086,
    "std_mean_brier": 0.012810215840517343,
    "std_hybrid": 0.009698359370598316
  }
}