{
  "trial_id": 228,
  "config": {
    "model_type": "coxnet",
    "model_params": {
      "l1_ratio": 0.9899388346618929,
      "alpha_min_ratio": 0.029424882514212537,
      "n_alphas": 244,
      "max_iter": 16879,
      "tol": 3.0222721443794166e-06
    },
    "seed": 42,
    "cv_n_splits": 5,
    "cv_n_repeats": 10,
    "preprocessing_config": {
      "eps": 1e-06,
      "min_speed": 0.01,
      "max_hours": 9999.0
    }
  },
  "result": {
    "c_index": 0.9343159986750578,
    "mean_brier": 0.02620561396128055,
    "hybrid_score": 0.961950869829621,
    "std_c_index": 0.00516873349750069,
    "std_mean_brier": 0.0029285725803631026,
    "std_hybrid": 0.0035525162565734703
  }
}