{
  "trial_id": 236,
  "config": {
    "model_type": "coxnet",
    "model_params": {
      "l1_ratio": 0.9787188575267904,
      "alpha_min_ratio": 0.017511350962845704,
      "n_alphas": 121,
      "max_iter": 14163,
      "tol": 9.9451606154636e-08
    },
    "seed": 1024,
    "cv_n_splits": 5,
    "cv_n_repeats": 10,
    "preprocessing_config": {
      "eps": 1e-06,
      "min_speed": 0.01,
      "max_hours": 9999.0
    }
  },
  "result": {
    "c_index": 0.9303246107982777,
    "mean_brier": 0.02845435121341596,
    "hybrid_score": 0.959179337390092,
    "std_c_index": 0.00509933273082207,
    "std_mean_brier": 0.0024232959171433047,
    "std_hybrid": 0.002957547542144642
  }
}