{
  "trial_id": 191,
  "config": {
    "model_type": "coxnet",
    "model_params": {
      "l1_ratio": 0.8774843178153912,
      "alpha_min_ratio": 0.03811512223781392,
      "n_alphas": 151,
      "max_iter": 10360,
      "tol": 7.743708734608867e-08
    },
    "seed": 1024,
    "cv_n_splits": 5,
    "cv_n_repeats": 10,
    "preprocessing_config": {
      "eps": 1e-06,
      "min_speed": 0.01,
      "max_hours": 9999.0
    }
  },
  "result": {
    "c_index": 0.9345892679695265,
    "mean_brier": 0.02595432851725975,
    "hybrid_score": 0.9622087504287761,
    "std_c_index": 0.003077873514198651,
    "std_mean_brier": 0.0012828387108949676,
    "std_hybrid": 0.0014770918332387398
  }
}