{
  "trial_id": 214,
  "config": {
    "model_type": "coxnet",
    "model_params": {
      "l1_ratio": 0.6942731357763621,
      "alpha_min_ratio": 0.06295276840624119,
      "n_alphas": 288,
      "max_iter": 16939,
      "tol": 4.842272743480445e-05
    },
    "seed": 1024,
    "cv_n_splits": 5,
    "cv_n_repeats": 10,
    "preprocessing_config": {
      "eps": 1e-06,
      "min_speed": 0.01,
      "max_hours": 9999.0
    }
  },
  "result": {
    "c_index": 0.9362288837363364,
    "mean_brier": 0.026883655272465373,
    "hybrid_score": 0.9620501064301751,
    "std_c_index": 0.003196347569857443,
    "std_mean_brier": 0.0007190199177062571,
    "std_hybrid": 0.0013768441540579774
  }
}