{
  "trial_id": 147,
  "config": {
    "seed": 42,
    "cv_n_splits": 5,
    "cv_n_repeats": 10,
    "gbsa_config": {
      "loss": "coxph",
      "n_estimators": 399,
      "learning_rate": 0.15568259124738915,
      "subsample": 0.7000504939132854,
      "max_depth": 6,
      "max_features": 0.5,
      "max_leaf_nodes": 31,
      "min_samples_split": 6,
      "min_samples_leaf": 11,
      "min_weight_fraction_leaf": 0.0,
      "min_impurity_decrease": 0.026269269834436462,
      "criterion": "friedman_mse",
      "ccp_alpha": 4.135115485080691e-07,
      "dropout_rate": 0.04141316233276024,
      "validation_fraction": 0.17635929147018511,
      "n_iter_no_change": 20,
      "tol": 0.0002587797673376952,
      "random_state": 42,
      "warm_start": false,
      "verbose": 0
    },
    "preprocessing_config": {
      "eps": 1e-06,
      "min_speed": 0.01,
      "max_hours": 9999.0
    }
  },
  "result": {
    "c_index": 0.9401912885061279,
    "mean_brier": 0.06093335504039014,
    "hybrid_score": 0.9394040380235653,
    "std_c_index": 0.0034726083054139596,
    "std_mean_brier": 0.0072304193266720055,
    "std_hybrid": 0.005829366849812652
  }
}