{
  "trial_id": 82,
  "config": {
    "model_type": "coxnet",
    "model_params": {
      "l1_ratio": 0.5569517000126479,
      "alpha_min_ratio": 0.01635353484154155,
      "n_alphas": 141,
      "max_iter": 1945,
      "tol": 1.0941708562237459e-08
    },
    "seed": 42,
    "cv_n_splits": 5,
    "cv_n_repeats": 10,
    "preprocessing_config": {
      "eps": 1e-06,
      "min_speed": 0.01,
      "max_hours": 9999.0
    }
  },
  "result": {
    "c_index": 0.9296290162305398,
    "mean_brier": 0.028681602493773578,
    "hybrid_score": 0.9588115831235203,
    "std_c_index": 0.00892553706262665,
    "std_mean_brier": 0.0029831022779533926,
    "std_hybrid": 0.004714103831317634
  }
}