{
  "trial_id": 235,
  "config": {
    "model_type": "coxnet",
    "model_params": {
      "l1_ratio": 0.8192418389633218,
      "alpha_min_ratio": 0.033942709644819956,
      "n_alphas": 211,
      "max_iter": 16200,
      "tol": 4.3897146282655846e-05
    },
    "seed": 1024,
    "cv_n_splits": 5,
    "cv_n_repeats": 10,
    "preprocessing_config": {
      "eps": 1e-06,
      "min_speed": 0.01,
      "max_hours": 9999.0
    }
  },
  "result": {
    "c_index": 0.934158661808546,
    "mean_brier": 0.02668781499239446,
    "hybrid_score": 0.9615661280478875,
    "std_c_index": 0.0030329874652339126,
    "std_mean_brier": 0.0012808672413618467,
    "std_hybrid": 0.001449001578949818
  }
}