{
  "trial_id": 226,
  "config": {
    "model_type": "gbsa",
    "model_params": {
      "loss": "coxph",
      "n_estimators": 350,
      "learning_rate": 0.061009227709391434,
      "subsample": 0.9068538325680806,
      "max_depth": 6,
      "max_features": "log2",
      "max_leaf_nodes": 8,
      "min_samples_split": 2,
      "min_samples_leaf": 10,
      "min_weight_fraction_leaf": 0.0,
      "min_impurity_decrease": 0.032657941574727296,
      "criterion": "friedman_mse",
      "ccp_alpha": 0.00028782429744633487,
      "dropout_rate": 0.1082578208357912,
      "validation_fraction": 0.2905522337500355,
      "n_iter_no_change": 20,
      "tol": 0.0001932840318310208,
      "random_state": 777,
      "warm_start": false,
      "verbose": 0
    },
    "seed": 777,
    "cv_n_splits": 5,
    "cv_n_repeats": 10,
    "preprocessing_config": {
      "eps": 1e-06,
      "min_speed": 0.01,
      "max_hours": 9999.0
    }
  },
  "result": {
    "c_index": 0.9371149387214309,
    "mean_brier": 0.16407433619315753,
    "hybrid_score": 0.8662824462812189,
    "std_c_index": 0.004440471127691365,
    "std_mean_brier": 0.013071314610481931,
    "std_hybrid": 0.009116780368157077
  }
}