{
  "trial_id": 133,
  "config": {
    "model_type": "gbsa",
    "model_params": {
      "loss": "coxph",
      "n_estimators": 228,
      "learning_rate": 0.07159507084522482,
      "subsample": 0.5430547335404372,
      "max_depth": 4,
      "max_features": 1.0,
      "max_leaf_nodes": 8,
      "min_samples_split": 16,
      "min_samples_leaf": 12,
      "min_weight_fraction_leaf": 0.0,
      "min_impurity_decrease": 0.038928404483708476,
      "criterion": "friedman_mse",
      "ccp_alpha": 0.03186132416889172,
      "dropout_rate": 0.001365563078132801,
      "validation_fraction": 0.23140263346958473,
      "n_iter_no_change": 10,
      "tol": 1.7455888213089675e-05,
      "random_state": 777,
      "warm_start": false,
      "verbose": 0
    },
    "seed": 777,
    "cv_n_splits": 5,
    "cv_n_repeats": 10,
    "preprocessing_config": {
      "eps": 1e-06,
      "min_speed": 0.01,
      "max_hours": 9999.0
    }
  },
  "result": {
    "c_index": 0.9166031798608809,
    "mean_brier": 0.05562164519054397,
    "hybrid_score": 0.9360458023248835,
    "std_c_index": 0.00944625365265902,
    "std_mean_brier": 0.007518571543165018,
    "std_hybrid": 0.007217280516459504
  }
}