{
  "trial_id": 76,
  "config": {
    "model_type": "gbsa",
    "model_params": {
      "loss": "coxph",
      "n_estimators": 382,
      "learning_rate": 0.13685029546330124,
      "subsample": 0.8655580642294208,
      "max_depth": 2,
      "max_features": 0.3,
      "max_leaf_nodes": 16,
      "min_samples_split": 14,
      "min_samples_leaf": 5,
      "min_weight_fraction_leaf": 0.0,
      "min_impurity_decrease": 0.03932738613630236,
      "criterion": "friedman_mse",
      "ccp_alpha": 0.00010687854948236121,
      "dropout_rate": 0.009377349506078879,
      "validation_fraction": 0.2063931907130663,
      "n_iter_no_change": null,
      "tol": 0.0005863930462773537,
      "random_state": 1024,
      "warm_start": false,
      "verbose": 0
    },
    "seed": 1024,
    "cv_n_splits": 5,
    "cv_n_repeats": 10,
    "preprocessing_config": {
      "eps": 1e-06,
      "min_speed": 0.01,
      "max_hours": 9999.0
    }
  },
  "result": {
    "c_index": 0.9375538257701225,
    "mean_brier": 0.02942126865804794,
    "hybrid_score": 0.9606712596704032,
    "std_c_index": 0.0029432586213613897,
    "std_mean_brier": 0.0015382807111702086,
    "std_hybrid": 0.001683236180129871
  }
}