{
  "trial_id": 131,
  "config": {
    "model_type": "coxnet",
    "model_params": {
      "l1_ratio": 0.9862190564138887,
      "alpha_min_ratio": 0.0381900313676095,
      "n_alphas": 298,
      "max_iter": 18468,
      "tol": 3.0946254786960916e-05
    },
    "seed": 42,
    "cv_n_splits": 5,
    "cv_n_repeats": 10,
    "preprocessing_config": {
      "eps": 1e-06,
      "min_speed": 0.01,
      "max_hours": 9999.0
    }
  },
  "result": {
    "c_index": 0.9365932427956276,
    "mean_brier": 0.02585691576386124,
    "hybrid_score": 0.9628781318039854,
    "std_c_index": 0.004964949851004709,
    "std_mean_brier": 0.002898838099912345,
    "std_hybrid": 0.003365170314975155
  }
}