{
  "trial_id": 256,
  "config": {
    "model_type": "coxnet",
    "model_params": {
      "l1_ratio": 0.8571959421481157,
      "alpha_min_ratio": 0.018709070729971827,
      "n_alphas": 188,
      "max_iter": 17846,
      "tol": 5.539858256201872e-07
    },
    "seed": 777,
    "cv_n_splits": 5,
    "cv_n_repeats": 10,
    "preprocessing_config": {
      "eps": 1e-06,
      "min_speed": 0.01,
      "max_hours": 9999.0
    }
  },
  "result": {
    "c_index": 0.9265650877774098,
    "mean_brier": 0.03140232131774159,
    "hybrid_score": 0.9559879014108038,
    "std_c_index": 0.008300308462251148,
    "std_mean_brier": 0.005264547476369744,
    "std_hybrid": 0.005739856142043247
  }
}