{
  "trial_id": 293,
  "config": {
    "model_type": "coxnet",
    "model_params": {
      "l1_ratio": 0.992537843729424,
      "alpha_min_ratio": 0.0598910332559004,
      "n_alphas": 121,
      "max_iter": 10795,
      "tol": 1.2414733591066294e-07
    },
    "seed": 777,
    "cv_n_splits": 5,
    "cv_n_repeats": 10,
    "preprocessing_config": {
      "eps": 1e-06,
      "min_speed": 0.01,
      "max_hours": 9999.0
    }
  },
  "result": {
    "c_index": 0.935939052666446,
    "mean_brier": 0.025252566010311395,
    "hybrid_score": 0.9631049195927156,
    "std_c_index": 0.003929052157156784,
    "std_mean_brier": 0.0005560812025892109,
    "std_hybrid": 0.0014408804843463311
  }
}