{
  "trial_id": 240,
  "config": {
    "model_type": "gbsa",
    "model_params": {
      "loss": "coxph",
      "n_estimators": 498,
      "learning_rate": 0.13577822214482477,
      "subsample": 0.7537578949330694,
      "max_depth": 1,
      "max_features": 0.7,
      "max_leaf_nodes": 31,
      "min_samples_split": 19,
      "min_samples_leaf": 8,
      "min_weight_fraction_leaf": 0.0,
      "min_impurity_decrease": 0.03155780912091509,
      "criterion": "friedman_mse",
      "ccp_alpha": 2.6221880409098335e-08,
      "dropout_rate": 0.0014969925492392534,
      "validation_fraction": 0.17364733482150896,
      "n_iter_no_change": null,
      "tol": 1.5204202813086987e-05,
      "random_state": 2023,
      "warm_start": false,
      "verbose": 0
    },
    "seed": 2023,
    "cv_n_splits": 5,
    "cv_n_repeats": 10,
    "preprocessing_config": {
      "eps": 1e-06,
      "min_speed": 0.01,
      "max_hours": 9999.0
    }
  },
  "result": {
    "c_index": 0.9369120569725075,
    "mean_brier": 0.029197138010030998,
    "hybrid_score": 0.9606356204847304,
    "std_c_index": 0.003448721313129281,
    "std_mean_brier": 0.004329344623849226,
    "std_hybrid": 0.0037686714979266694
  }
}