{
  "trial_id": 217,
  "config": {
    "model_type": "coxnet",
    "model_params": {
      "l1_ratio": 0.8987272975538976,
      "alpha_min_ratio": 0.0935930052382559,
      "n_alphas": 257,
      "max_iter": 17830,
      "tol": 1.273850297001596e-05
    },
    "seed": 2023,
    "cv_n_splits": 5,
    "cv_n_repeats": 10,
    "preprocessing_config": {
      "eps": 1e-06,
      "min_speed": 0.01,
      "max_hours": 9999.0
    }
  },
  "result": {
    "c_index": 0.9369907254057637,
    "mean_brier": 0.026230259705129617,
    "hybrid_score": 0.9627360358281383,
    "std_c_index": 0.002599051295082999,
    "std_mean_brier": 0.0006654158744137801,
    "std_hybrid": 0.0010891228391802907
  }
}