{
  "trial_id": 46,
  "config": {
    "model_type": "gbsa",
    "model_params": {
      "loss": "coxph",
      "n_estimators": 149,
      "learning_rate": 0.019700269474047648,
      "subsample": 0.8890716057972319,
      "max_depth": 6,
      "max_features": null,
      "max_leaf_nodes": null,
      "min_samples_split": 5,
      "min_samples_leaf": 9,
      "min_weight_fraction_leaf": 0.0,
      "min_impurity_decrease": 0.028958762902203533,
      "criterion": "friedman_mse",
      "ccp_alpha": 0.0031321157121998308,
      "dropout_rate": 0.007804834859426291,
      "validation_fraction": 0.27529747593996173,
      "n_iter_no_change": 20,
      "tol": 1.690293904428301e-05,
      "random_state": 42,
      "warm_start": false,
      "verbose": 0
    },
    "seed": 42,
    "cv_n_splits": 5,
    "cv_n_repeats": 10,
    "preprocessing_config": {
      "eps": 1e-06,
      "min_speed": 0.01,
      "max_hours": 9999.0
    }
  },
  "result": {
    "c_index": 0.9383073865518383,
    "mean_brier": 0.12772207362713373,
    "hybrid_score": 0.8920867644265578,
    "std_c_index": 0.0019647704030834184,
    "std_mean_brier": 0.006745576722052941,
    "std_hybrid": 0.004533628806226029
  }
}