{
  "trial_id": 127,
  "config": {
    "model_type": "coxnet",
    "model_params": {
      "l1_ratio": 0.9911395953135148,
      "alpha_min_ratio": 0.07448685312494857,
      "n_alphas": 299,
      "max_iter": 18965,
      "tol": 4.33109583511646e-05
    },
    "seed": 42,
    "cv_n_splits": 5,
    "cv_n_repeats": 10,
    "preprocessing_config": {
      "eps": 1e-06,
      "min_speed": 0.01,
      "max_hours": 9999.0
    }
  },
  "result": {
    "c_index": 0.9392928121894666,
    "mean_brier": 0.02515424024526569,
    "hybrid_score": 0.9641798754851539,
    "std_c_index": 0.0023158224626230574,
    "std_mean_brier": 0.0008613259103806007,
    "std_hybrid": 0.0011452730574698753
  }
}