{
  "trial_id": 142,
  "config": {
    "model_type": "gbsa",
    "model_params": {
      "loss": "coxph",
      "n_estimators": 155,
      "learning_rate": 0.059699475897236086,
      "subsample": 0.8464243541296033,
      "max_depth": 6,
      "max_features": 0.5,
      "max_leaf_nodes": 31,
      "min_samples_split": 12,
      "min_samples_leaf": 18,
      "min_weight_fraction_leaf": 0.0,
      "min_impurity_decrease": 0.01364653968880845,
      "criterion": "friedman_mse",
      "ccp_alpha": 5.767075915182297e-05,
      "dropout_rate": 0.032268159033399926,
      "validation_fraction": 0.2868676927794621,
      "n_iter_no_change": null,
      "tol": 1.6649372669962716e-05,
      "random_state": 42,
      "warm_start": false,
      "verbose": 0
    },
    "seed": 42,
    "cv_n_splits": 5,
    "cv_n_repeats": 10,
    "preprocessing_config": {
      "eps": 1e-06,
      "min_speed": 0.01,
      "max_hours": 9999.0
    }
  },
  "result": {
    "c_index": 0.9398227890029812,
    "mean_brier": 0.08914076197457878,
    "hybrid_score": 0.9195483033186893,
    "std_c_index": 0.002335019455221385,
    "std_mean_brier": 0.003662975952923989,
    "std_hybrid": 0.002654868900294094
  }
}