{
  "trial_id": 84,
  "config": {
    "model_type": "coxnet",
    "model_params": {
      "l1_ratio": 0.9739286564203019,
      "alpha_min_ratio": 0.03480419002765514,
      "n_alphas": 228,
      "max_iter": 17042,
      "tol": 1.5088487014867411e-06
    },
    "seed": 42,
    "cv_n_splits": 5,
    "cv_n_repeats": 10,
    "preprocessing_config": {
      "eps": 1e-06,
      "min_speed": 0.01,
      "max_hours": 9999.0
    }
  },
  "result": {
    "c_index": 0.9359142100033125,
    "mean_brier": 0.0258778949396203,
    "hybrid_score": 0.9626597365432596,
    "std_c_index": 0.005144750994154258,
    "std_mean_brier": 0.002874527747877944,
    "std_hybrid": 0.0034306988674571845
  }
}