{
  "trial_id": 192,
  "config": {
    "model_type": "coxnet",
    "model_params": {
      "l1_ratio": 0.9300412783335523,
      "alpha_min_ratio": 0.09518394576667055,
      "n_alphas": 291,
      "max_iter": 864,
      "tol": 8.307459648808764e-05
    },
    "seed": 42,
    "cv_n_splits": 5,
    "cv_n_repeats": 10,
    "preprocessing_config": {
      "eps": 1e-06,
      "min_speed": 0.01,
      "max_hours": 9999.0
    }
  },
  "result": {
    "c_index": 0.9397896654521365,
    "mean_brier": 0.025834897108237144,
    "hybrid_score": 0.9638524716598749,
    "std_c_index": 0.0024585870546233015,
    "std_mean_brier": 0.0007577960921501718,
    "std_hybrid": 0.0010957823614225232
  }
}