{
  "trial_id": 89,
  "config": {
    "model_type": "coxnet",
    "model_params": {
      "l1_ratio": 0.9953867826220479,
      "alpha_min_ratio": 0.04351682929667487,
      "n_alphas": 254,
      "max_iter": 17460,
      "tol": 9.261574669411123e-06
    },
    "seed": 42,
    "cv_n_splits": 5,
    "cv_n_repeats": 10,
    "preprocessing_config": {
      "eps": 1e-06,
      "min_speed": 0.01,
      "max_hours": 9999.0
    }
  },
  "result": {
    "c_index": 0.9371811858231203,
    "mean_brier": 0.02573771901279171,
    "hybrid_score": 0.9631379524379817,
    "std_c_index": 0.004872681487772783,
    "std_mean_brier": 0.00274357661004565,
    "std_hybrid": 0.0032366739661455375
  }
}