{
  "trial_id": 226,
  "config": {
    "model_type": "gbsa",
    "model_params": {
      "loss": "coxph",
      "n_estimators": 341,
      "learning_rate": 0.18512748424158848,
      "subsample": 0.6155038644549611,
      "max_depth": 6,
      "max_features": "sqrt",
      "max_leaf_nodes": 31,
      "min_samples_split": 5,
      "min_samples_leaf": 18,
      "min_weight_fraction_leaf": 0.0,
      "min_impurity_decrease": 0.04108842667161648,
      "criterion": "friedman_mse",
      "ccp_alpha": 0.004337594014773459,
      "dropout_rate": 0.03513120548094906,
      "validation_fraction": 0.1955502857328555,
      "n_iter_no_change": null,
      "tol": 2.302165588932003e-05,
      "random_state": 42,
      "warm_start": false,
      "verbose": 0
    },
    "seed": 42,
    "cv_n_splits": 5,
    "cv_n_repeats": 10,
    "preprocessing_config": {
      "eps": 1e-06,
      "min_speed": 0.01,
      "max_hours": 9999.0
    }
  },
  "result": {
    "c_index": 0.9407709506459092,
    "mean_brier": 0.04218441292562001,
    "hybrid_score": 0.9527021961458388,
    "std_c_index": 0.0016645665723521964,
    "std_mean_brier": 0.0011483582328633258,
    "std_hybrid": 0.0010123586305976488
  }
}