{
  "trial_id": 52,
  "config": {
    "model_type": "coxnet",
    "model_params": {
      "l1_ratio": 0.8957292282672806,
      "alpha_min_ratio": 0.0005691136210249387,
      "n_alphas": 171,
      "max_iter": 6562,
      "tol": 7.42684816828895e-05
    },
    "seed": 2023,
    "cv_n_splits": 5,
    "cv_n_repeats": 10,
    "preprocessing_config": {
      "eps": 1e-06,
      "min_speed": 0.01,
      "max_hours": 9999.0
    }
  },
  "result": {
    "c_index": 0.9164541238820801,
    "mean_brier": 0.041925481057258455,
    "hybrid_score": 0.945588400424543,
    "std_c_index": 0.018380752389833856,
    "std_mean_brier": 0.007989036130319507,
    "std_hybrid": 0.010557429094437349
  }
}