{
  "trial_id": 126,
  "config": {
    "model_type": "coxnet",
    "model_params": {
      "l1_ratio": 0.8518056790939799,
      "alpha_min_ratio": 0.03158290872004324,
      "n_alphas": 79,
      "max_iter": 17191,
      "tol": 3.668800349594297e-07
    },
    "seed": 2023,
    "cv_n_splits": 5,
    "cv_n_repeats": 10,
    "preprocessing_config": {
      "eps": 1e-06,
      "min_speed": 0.01,
      "max_hours": 9999.0
    }
  },
  "result": {
    "c_index": 0.933148393507784,
    "mean_brier": 0.027236858981680417,
    "hybrid_score": 0.960878716765159,
    "std_c_index": 0.0040503700231579965,
    "std_mean_brier": 0.0018812546550133538,
    "std_hybrid": 0.002411838049903322
  }
}