{
  "trial_id": 148,
  "config": {
    "model_type": "coxnet",
    "model_params": {
      "l1_ratio": 0.009558051850088234,
      "alpha_min_ratio": 0.006130343646892898,
      "n_alphas": 155,
      "max_iter": 15526,
      "tol": 3.8459774140544894e-07
    },
    "seed": 2023,
    "cv_n_splits": 5,
    "cv_n_repeats": 10,
    "preprocessing_config": {
      "eps": 1e-06,
      "min_speed": 0.01,
      "max_hours": 9999.0
    }
  },
  "result": {
    "c_index": 0.9358976482278901,
    "mean_brier": 0.0383171912559827,
    "hybrid_score": 0.953947260589179,
    "std_c_index": 0.0025327741810314743,
    "std_mean_brier": 0.0011501555350500164,
    "std_hybrid": 0.0011760765748911248
  }
}