{
  "trial_id": 36,
  "config": {
    "model_type": "gbsa",
    "model_params": {
      "loss": "coxph",
      "n_estimators": 385,
      "learning_rate": 0.11639047589245996,
      "subsample": 0.8448165209775944,
      "max_depth": 5,
      "max_features": 0.7,
      "max_leaf_nodes": 8,
      "min_samples_split": 7,
      "min_samples_leaf": 13,
      "min_weight_fraction_leaf": 0.0,
      "min_impurity_decrease": 0.001001668566435998,
      "criterion": "friedman_mse",
      "ccp_alpha": 0.053976506248009336,
      "dropout_rate": 0.05041592522413878,
      "validation_fraction": 0.2260224918286774,
      "n_iter_no_change": null,
      "tol": 6.271999524865085e-05,
      "random_state": 42,
      "warm_start": false,
      "verbose": 0
    },
    "seed": 42,
    "cv_n_splits": 5,
    "cv_n_repeats": 10,
    "preprocessing_config": {
      "eps": 1e-06,
      "min_speed": 0.01,
      "max_hours": 9999.0
    }
  },
  "result": {
    "c_index": 0.9009191785359392,
    "mean_brier": 0.07092702430874852,
    "hybrid_score": 0.9206268365446577,
    "std_c_index": 0.00785074449755352,
    "std_mean_brier": 0.0021604229380048517,
    "std_hybrid": 0.00198390337251228
  }
}