{
  "trial_id": 114,
  "config": {
    "model_type": "coxnet",
    "model_params": {
      "l1_ratio": 0.8971923980142932,
      "alpha_min_ratio": 0.07288334604347946,
      "n_alphas": 267,
      "max_iter": 19054,
      "tol": 2.621358143727131e-05
    },
    "seed": 42,
    "cv_n_splits": 5,
    "cv_n_repeats": 10,
    "preprocessing_config": {
      "eps": 1e-06,
      "min_speed": 0.01,
      "max_hours": 9999.0
    }
  },
  "result": {
    "c_index": 0.9396240476979132,
    "mean_brier": 0.025414769412296846,
    "hybrid_score": 0.9640968757207661,
    "std_c_index": 0.002328225737223272,
    "std_mean_brier": 0.0008413243282245796,
    "std_hybrid": 0.001123950308558468
  }
}