{
  "trial_id": 267,
  "config": {
    "model_type": "coxnet",
    "model_params": {
      "l1_ratio": 0.9012540739495561,
      "alpha_min_ratio": 0.08714479407726633,
      "n_alphas": 272,
      "max_iter": 12494,
      "tol": 8.059946125716279e-05
    },
    "seed": 1024,
    "cv_n_splits": 5,
    "cv_n_repeats": 10,
    "preprocessing_config": {
      "eps": 1e-06,
      "min_speed": 0.01,
      "max_hours": 9999.0
    }
  },
  "result": {
    "c_index": 0.9371315004968533,
    "mean_brier": 0.02609448474279207,
    "hybrid_score": 0.9628733108291015,
    "std_c_index": 0.0036709278897984745,
    "std_mean_brier": 0.0007770379660814346,
    "std_hybrid": 0.0015670587121479201
  }
}