{
  "trial_id": 232,
  "config": {
    "model_type": "coxnet",
    "model_params": {
      "l1_ratio": 0.06577648534264535,
      "alpha_min_ratio": 0.005555694854467305,
      "n_alphas": 59,
      "max_iter": 10684,
      "tol": 1.155988731051268e-08
    },
    "seed": 1024,
    "cv_n_splits": 5,
    "cv_n_repeats": 10,
    "preprocessing_config": {
      "eps": 1e-06,
      "min_speed": 0.01,
      "max_hours": 9999.0
    }
  },
  "result": {
    "c_index": 0.9315336204041073,
    "mean_brier": 0.030727993795857833,
    "hybrid_score": 0.9579504904641318,
    "std_c_index": 0.005191634511272101,
    "std_mean_brier": 0.002999031920942353,
    "std_hybrid": 0.0033591663776120642
  }
}