{
  "trial_id": 293,
  "config": {
    "model_type": "coxnet",
    "model_params": {
      "l1_ratio": 0.8406787867150807,
      "alpha_min_ratio": 0.07365633482368249,
      "n_alphas": 108,
      "max_iter": 14341,
      "tol": 6.352702009716862e-05
    },
    "seed": 2023,
    "cv_n_splits": 5,
    "cv_n_repeats": 10,
    "preprocessing_config": {
      "eps": 1e-06,
      "min_speed": 0.01,
      "max_hours": 9999.0
    }
  },
  "result": {
    "c_index": 0.9365021530308051,
    "mean_brier": 0.026404779503330145,
    "hybrid_score": 0.9624673002569104,
    "std_c_index": 0.0026355608260394264,
    "std_mean_brier": 0.000767596652789282,
    "std_hybrid": 0.0011843448170262669
  }
}