{
  "trial_id": 127,
  "config": {
    "model_type": "gbsa",
    "model_params": {
      "loss": "coxph",
      "n_estimators": 427,
      "learning_rate": 0.11466059631604869,
      "subsample": 0.7317715513230495,
      "max_depth": 5,
      "max_features": "sqrt",
      "max_leaf_nodes": 63,
      "min_samples_split": 3,
      "min_samples_leaf": 18,
      "min_weight_fraction_leaf": 0.0,
      "min_impurity_decrease": 0.03512018950590031,
      "criterion": "friedman_mse",
      "ccp_alpha": 0.028814792867363603,
      "dropout_rate": 0.05189161489139103,
      "validation_fraction": 0.11333937895903681,
      "n_iter_no_change": null,
      "tol": 5.155855378012267e-05,
      "random_state": 42,
      "warm_start": false,
      "verbose": 0
    },
    "seed": 42,
    "cv_n_splits": 5,
    "cv_n_repeats": 10,
    "preprocessing_config": {
      "eps": 1e-06,
      "min_speed": 0.01,
      "max_hours": 9999.0
    }
  },
  "result": {
    "c_index": 0.9330117588605498,
    "mean_brier": 0.07932583507975557,
    "hybrid_score": 0.924375443102336,
    "std_c_index": 0.0028574732648738955,
    "std_mean_brier": 0.0027875220936467724,
    "std_hybrid": 0.0020727102593683074
  }
}