{
  "trial_id": 112,
  "config": {
    "model_type": "coxnet",
    "model_params": {
      "l1_ratio": 0.9794198073905321,
      "alpha_min_ratio": 0.0654575373668681,
      "n_alphas": 72,
      "max_iter": 12303,
      "tol": 4.901483055548744e-06
    },
    "seed": 777,
    "cv_n_splits": 5,
    "cv_n_repeats": 10,
    "preprocessing_config": {
      "eps": 1e-06,
      "min_speed": 0.01,
      "max_hours": 9999.0
    }
  },
  "result": {
    "c_index": 0.9362537263994699,
    "mean_brier": 0.025348048146418833,
    "hybrid_score": 0.9631324842173477,
    "std_c_index": 0.0035534175913046633,
    "std_mean_brier": 0.0005096844819109241,
    "std_hybrid": 0.0013004468350890596
  }
}