{
  "trial_id": 190,
  "config": {
    "seed": 42,
    "cv_n_splits": 5,
    "cv_n_repeats": 10,
    "gbsa_config": {
      "loss": "coxph",
      "n_estimators": 153,
      "learning_rate": 0.04066093646593746,
      "subsample": 0.8834187333119963,
      "max_depth": 6,
      "max_features": 0.3,
      "max_leaf_nodes": 31,
      "min_samples_split": 2,
      "min_samples_leaf": 4,
      "min_weight_fraction_leaf": 0.0,
      "min_impurity_decrease": 0.016861867773458297,
      "criterion": "friedman_mse",
      "ccp_alpha": 0.0002402480501404669,
      "dropout_rate": 0.041085490354172936,
      "validation_fraction": 0.28998638415551237,
      "n_iter_no_change": 20,
      "tol": 0.0007952187179879504,
      "random_state": 42,
      "warm_start": false,
      "verbose": 0
    },
    "preprocessing_config": {
      "eps": 1e-06,
      "min_speed": 0.01,
      "max_hours": 9999.0
    }
  },
  "result": {
    "c_index": 0.9417687976151043,
    "mean_brier": 0.1263200560875573,
    "hybrid_score": 0.894106600023241,
    "std_c_index": 0.0031171355696637554,
    "std_mean_brier": 0.007050929639300025,
    "std_hybrid": 0.005118028276552513
  }
}