{
  "trial_id": 239,
  "config": {
    "model_type": "gbsa",
    "model_params": {
      "loss": "coxph",
      "n_estimators": 141,
      "learning_rate": 0.09902685398340162,
      "subsample": 0.6394745933827803,
      "max_depth": 1,
      "max_features": 0.3,
      "max_leaf_nodes": 63,
      "min_samples_split": 9,
      "min_samples_leaf": 4,
      "min_weight_fraction_leaf": 0.0,
      "min_impurity_decrease": 0.03150122212437538,
      "criterion": "friedman_mse",
      "ccp_alpha": 1.9961851946226528e-05,
      "dropout_rate": 0.19259375213538,
      "validation_fraction": 0.11759744122188898,
      "n_iter_no_change": null,
      "tol": 0.003022831603664092,
      "random_state": 1024,
      "warm_start": false,
      "verbose": 0
    },
    "seed": 1024,
    "cv_n_splits": 5,
    "cv_n_repeats": 10,
    "preprocessing_config": {
      "eps": 1e-06,
      "min_speed": 0.01,
      "max_hours": 9999.0
    }
  },
  "result": {
    "c_index": 0.9118872143093741,
    "mean_brier": 0.16286005202650997,
    "hybrid_score": 0.8595641278742552,
    "std_c_index": 0.005737449668256797,
    "std_mean_brier": 0.009883171697266836,
    "std_hybrid": 0.006935328575560042
  }
}