{
  "trial_id": 79,
  "config": {
    "model_type": "coxnet",
    "model_params": {
      "l1_ratio": 0.9529183265217189,
      "alpha_min_ratio": 0.043875993081355764,
      "n_alphas": 257,
      "max_iter": 14072,
      "tol": 3.7317304523698524e-07
    },
    "seed": 42,
    "cv_n_splits": 5,
    "cv_n_repeats": 10,
    "preprocessing_config": {
      "eps": 1e-06,
      "min_speed": 0.01,
      "max_hours": 9999.0
    }
  },
  "result": {
    "c_index": 0.9376366346472341,
    "mean_brier": 0.025660606384977906,
    "hybrid_score": 0.9633285659246859,
    "std_c_index": 0.003886278037517955,
    "std_mean_brier": 0.002491747455788237,
    "std_hybrid": 0.0027345268443016474
  }
}