{
  "trial_id": 209,
  "config": {
    "model_type": "coxnet",
    "model_params": {
      "l1_ratio": 0.9498094966387578,
      "alpha_min_ratio": 0.0412177832233837,
      "n_alphas": 237,
      "max_iter": 1397,
      "tol": 1.888028409223287e-05
    },
    "seed": 42,
    "cv_n_splits": 5,
    "cv_n_repeats": 10,
    "preprocessing_config": {
      "eps": 1e-06,
      "min_speed": 0.01,
      "max_hours": 9999.0
    }
  },
  "result": {
    "c_index": 0.9371977475985425,
    "mean_brier": 0.025881728638920132,
    "hybrid_score": 0.9630421142323187,
    "std_c_index": 0.004815918251899507,
    "std_mean_brier": 0.0027836907751321396,
    "std_hybrid": 0.0032422747997536807
  }
}