{
  "trial_id": 231,
  "config": {
    "model_type": "gbsa",
    "model_params": {
      "loss": "coxph",
      "n_estimators": 303,
      "learning_rate": 0.08773149429796688,
      "subsample": 0.8400845419241356,
      "max_depth": 6,
      "max_features": 0.3,
      "max_leaf_nodes": 63,
      "min_samples_split": 3,
      "min_samples_leaf": 17,
      "min_weight_fraction_leaf": 0.0,
      "min_impurity_decrease": 0.027192965695150482,
      "criterion": "friedman_mse",
      "ccp_alpha": 6.7077829860662256e-06,
      "dropout_rate": 0.02785204455055025,
      "validation_fraction": 0.22128029325818244,
      "n_iter_no_change": null,
      "tol": 0.0013265027712527284,
      "random_state": 2023,
      "warm_start": false,
      "verbose": 0
    },
    "seed": 2023,
    "cv_n_splits": 5,
    "cv_n_repeats": 10,
    "preprocessing_config": {
      "eps": 1e-06,
      "min_speed": 0.01,
      "max_hours": 9999.0
    }
  },
  "result": {
    "c_index": 0.9407999337528983,
    "mean_brier": 0.05857431009073595,
    "hybrid_score": 0.9412379630623542,
    "std_c_index": 0.0024065063257580786,
    "std_mean_brier": 0.0036306337788665597,
    "std_hybrid": 0.0028198521394171075
  }
}