{
  "trial_id": 109,
  "config": {
    "model_type": "gbsa",
    "model_params": {
      "loss": "coxph",
      "n_estimators": 486,
      "learning_rate": 0.06952716673092631,
      "subsample": 0.745684224499766,
      "max_depth": 2,
      "max_features": "log2",
      "max_leaf_nodes": 31,
      "min_samples_split": 15,
      "min_samples_leaf": 14,
      "min_weight_fraction_leaf": 0.0,
      "min_impurity_decrease": 0.000804131086271349,
      "criterion": "friedman_mse",
      "ccp_alpha": 7.138944588362219e-06,
      "dropout_rate": 0.0724223329465383,
      "validation_fraction": 0.23682176726627238,
      "n_iter_no_change": null,
      "tol": 9.006205623549573e-05,
      "random_state": 2023,
      "warm_start": false,
      "verbose": 0
    },
    "seed": 2023,
    "cv_n_splits": 5,
    "cv_n_repeats": 10,
    "preprocessing_config": {
      "eps": 1e-06,
      "min_speed": 0.01,
      "max_hours": 9999.0
    }
  },
  "result": {
    "c_index": 0.9399055978800928,
    "mean_brier": 0.13958835611390694,
    "hybrid_score": 0.884259830084293,
    "std_c_index": 0.0031934714960665162,
    "std_mean_brier": 0.006785981127251342,
    "std_hybrid": 0.004938235888276032
  }
}