{
  "trial_id": 291,
  "config": {
    "model_type": "coxnet",
    "model_params": {
      "l1_ratio": 0.9872580189566761,
      "alpha_min_ratio": 0.017962747876225555,
      "n_alphas": 237,
      "max_iter": 18119,
      "tol": 2.1590780849774256e-05
    },
    "seed": 42,
    "cv_n_splits": 5,
    "cv_n_repeats": 10,
    "preprocessing_config": {
      "eps": 1e-06,
      "min_speed": 0.01,
      "max_hours": 9999.0
    }
  },
  "result": {
    "c_index": 0.9285607817157999,
    "mean_brier": 0.028292629147358556,
    "hybrid_score": 0.958763394111589,
    "std_c_index": 0.008853508298399378,
    "std_mean_brier": 0.0029735439858069664,
    "std_hybrid": 0.0046785422036453
  }
}