{
  "trial_id": 186,
  "config": {
    "seed": 42,
    "cv_n_splits": 5,
    "cv_n_repeats": 10,
    "gbsa_config": {
      "loss": "coxph",
      "n_estimators": 138,
      "learning_rate": 0.03948711817128383,
      "subsample": 0.6436376162789395,
      "max_depth": 6,
      "max_features": 0.3,
      "max_leaf_nodes": 63,
      "min_samples_split": 4,
      "min_samples_leaf": 3,
      "min_weight_fraction_leaf": 0.0,
      "min_impurity_decrease": 0.03236348127512667,
      "criterion": "friedman_mse",
      "ccp_alpha": 0.018998984828113814,
      "dropout_rate": 0.05300612922989478,
      "validation_fraction": 0.25643245672283443,
      "n_iter_no_change": 20,
      "tol": 0.00387437307009357,
      "random_state": 42,
      "warm_start": false,
      "verbose": 0
    },
    "preprocessing_config": {
      "eps": 1e-06,
      "min_speed": 0.01,
      "max_hours": 9999.0
    }
  },
  "result": {
    "c_index": 0.9112164624047698,
    "mean_brier": 0.1469175699755984,
    "hybrid_score": 0.870522639738512,
    "std_c_index": 0.008896734837196113,
    "std_mean_brier": 0.006774026869388298,
    "std_hybrid": 0.006252750355499845
  }
}