{
  "trial_id": 168,
  "config": {
    "model_type": "coxnet",
    "model_params": {
      "l1_ratio": 0.9402954147032916,
      "alpha_min_ratio": 0.08767475346910879,
      "n_alphas": 289,
      "max_iter": 18081,
      "tol": 1.7838766130315077e-05
    },
    "seed": 1024,
    "cv_n_splits": 5,
    "cv_n_repeats": 10,
    "preprocessing_config": {
      "eps": 1e-06,
      "min_speed": 0.01,
      "max_hours": 9999.0
    }
  },
  "result": {
    "c_index": 0.9369410400794965,
    "mean_brier": 0.025963870933375766,
    "hybrid_score": 0.962907602370486,
    "std_c_index": 0.0036198468281160843,
    "std_mean_brier": 0.0007531036575284501,
    "std_hybrid": 0.0015352849905429433
  }
}