{
  "trial_id": 13,
  "config": {
    "seed": 42,
    "cv_n_splits": 5,
    "cv_n_repeats": 10,
    "gbsa_config": {
      "loss": "coxph",
      "n_estimators": 293,
      "learning_rate": 0.1261164468080782,
      "subsample": 0.9864082113333951,
      "max_depth": 4,
      "max_features": 0.3,
      "max_leaf_nodes": 31,
      "min_samples_split": 5,
      "min_samples_leaf": 11,
      "min_weight_fraction_leaf": 0.0,
      "min_impurity_decrease": 0.02409414725447355,
      "criterion": "friedman_mse",
      "ccp_alpha": 0.0028413097376235263,
      "dropout_rate": 0.46188061401033076,
      "validation_fraction": 0.12883319874253316,
      "n_iter_no_change": 20,
      "tol": 2.8596891059634002e-05,
      "random_state": 42,
      "warm_start": false,
      "verbose": 0
    },
    "preprocessing_config": {
      "eps": 1e-06,
      "min_speed": 0.01,
      "max_hours": 9999.0
    }
  },
  "result": {
    "c_index": 0.9222755879430276,
    "mean_brier": 0.19674502723404455,
    "hybrid_score": 0.8389611573190769,
    "std_c_index": 0.005089708711193188,
    "std_mean_brier": 0.010177992779464483,
    "std_hybrid": 0.007457073286065316
  }
}