{
  "trial_id": 222,
  "config": {
    "model_type": "gbsa",
    "model_params": {
      "loss": "coxph",
      "n_estimators": 427,
      "learning_rate": 0.09860787784320224,
      "subsample": 0.8124318442557265,
      "max_depth": 3,
      "max_features": 0.3,
      "max_leaf_nodes": 63,
      "min_samples_split": 4,
      "min_samples_leaf": 1,
      "min_weight_fraction_leaf": 0.0,
      "min_impurity_decrease": 0.0339918231346805,
      "criterion": "friedman_mse",
      "ccp_alpha": 0.00013017490035745603,
      "dropout_rate": 0.026701919213211432,
      "validation_fraction": 0.12477702702434743,
      "n_iter_no_change": null,
      "tol": 0.00025458519418757286,
      "random_state": 42,
      "warm_start": false,
      "verbose": 0
    },
    "seed": 42,
    "cv_n_splits": 5,
    "cv_n_repeats": 10,
    "preprocessing_config": {
      "eps": 1e-06,
      "min_speed": 0.01,
      "max_hours": 9999.0
    }
  },
  "result": {
    "c_index": 0.9412056972507452,
    "mean_brier": 0.05319959898139113,
    "hybrid_score": 0.9451219898882499,
    "std_c_index": 0.0012085557733791477,
    "std_mean_brier": 0.003730909007610814,
    "std_hybrid": 0.0026725436542866347
  }
}