{
  "trial_id": 114,
  "config": {
    "model_type": "coxnet",
    "model_params": {
      "l1_ratio": 0.5578226657220611,
      "alpha_min_ratio": 0.00972264012194856,
      "n_alphas": 99,
      "max_iter": 5562,
      "tol": 8.846156843455905e-06
    },
    "seed": 777,
    "cv_n_splits": 5,
    "cv_n_repeats": 10,
    "preprocessing_config": {
      "eps": 1e-06,
      "min_speed": 0.01,
      "max_hours": 9999.0
    }
  },
  "result": {
    "c_index": 0.9200231864855912,
    "mean_brier": 0.03437382711209562,
    "hybrid_score": 0.9519452769672101,
    "std_c_index": 0.01652641139930903,
    "std_mean_brier": 0.005352329827054406,
    "std_hybrid": 0.008366170205018045
  }
}