{
  "trial_id": 98,
  "config": {
    "seed": 42,
    "cv_n_splits": 5,
    "cv_n_repeats": 10,
    "gbsa_config": {
      "loss": "coxph",
      "n_estimators": 324,
      "learning_rate": 0.08343018792967388,
      "subsample": 0.7393205791056332,
      "max_depth": 5,
      "max_features": 0.7,
      "max_leaf_nodes": 31,
      "min_samples_split": 3,
      "min_samples_leaf": 6,
      "min_weight_fraction_leaf": 0.0,
      "min_impurity_decrease": 0.03743545360024289,
      "criterion": "friedman_mse",
      "ccp_alpha": 0.09339460462594831,
      "dropout_rate": 0.011783425011652669,
      "validation_fraction": 0.22428852376825187,
      "n_iter_no_change": 20,
      "tol": 0.00019362611520568637,
      "random_state": 42,
      "warm_start": false,
      "verbose": 0
    },
    "preprocessing_config": {
      "eps": 1e-06,
      "min_speed": 0.01,
      "max_hours": 9999.0
    }
  },
  "result": {
    "c_index": 0.9043805895992051,
    "mean_brier": 0.06494959206625037,
    "hybrid_score": 0.9258494624333862,
    "std_c_index": 0.008112569769332145,
    "std_mean_brier": 0.0029704912666848222,
    "std_hybrid": 0.0031655693679087877
  }
}