{
  "trial_id": 90,
  "config": {
    "model_type": "coxnet",
    "model_params": {
      "l1_ratio": 0.5433712724858312,
      "alpha_min_ratio": 0.06526726223125832,
      "n_alphas": 100,
      "max_iter": 7994,
      "tol": 2.19220088672961e-08
    },
    "seed": 777,
    "cv_n_splits": 5,
    "cv_n_repeats": 10,
    "preprocessing_config": {
      "eps": 1e-06,
      "min_speed": 0.01,
      "max_hours": 9999.0
    }
  },
  "result": {
    "c_index": 0.9359721762172905,
    "mean_brier": 0.02750067517125678,
    "hybrid_score": 0.9615411802453074,
    "std_c_index": 0.003031709782255026,
    "std_mean_brier": 0.000460468105436057,
    "std_hybrid": 0.001023090590217408
  }
}