{
  "trial_id": 215,
  "config": {
    "model_type": "coxnet",
    "model_params": {
      "l1_ratio": 0.9986231062563758,
      "alpha_min_ratio": 0.06745322729815162,
      "n_alphas": 243,
      "max_iter": 19347,
      "tol": 6.172739245917701e-06
    },
    "seed": 42,
    "cv_n_splits": 5,
    "cv_n_repeats": 10,
    "preprocessing_config": {
      "eps": 1e-06,
      "min_speed": 0.01,
      "max_hours": 9999.0
    }
  },
  "result": {
    "c_index": 0.9391851606492218,
    "mean_brier": 0.025068583596852288,
    "hybrid_score": 0.9642075396769698,
    "std_c_index": 0.0024950632110323136,
    "std_mean_brier": 0.0009223694758937653,
    "std_hybrid": 0.0012601440204653962
  }
}