{
  "trial_id": 195,
  "config": {
    "model_type": "coxnet",
    "model_params": {
      "l1_ratio": 0.7946423625709289,
      "alpha_min_ratio": 0.01364957143531557,
      "n_alphas": 129,
      "max_iter": 12007,
      "tol": 1.6048935855395405e-08
    },
    "seed": 1024,
    "cv_n_splits": 5,
    "cv_n_repeats": 10,
    "preprocessing_config": {
      "eps": 1e-06,
      "min_speed": 0.01,
      "max_hours": 9999.0
    }
  },
  "result": {
    "c_index": 0.9299188473004307,
    "mean_brier": 0.029854661182265475,
    "hybrid_score": 0.9580773913625432,
    "std_c_index": 0.005323786509259143,
    "std_mean_brier": 0.0027121549235118044,
    "std_hybrid": 0.0032571448418339394
  }
}