{
  "trial_id": 187,
  "config": {
    "model_type": "gbsa",
    "model_params": {
      "loss": "coxph",
      "n_estimators": 407,
      "learning_rate": 0.15106110691461616,
      "subsample": 0.6063398524038264,
      "max_depth": 6,
      "max_features": 1.0,
      "max_leaf_nodes": 8,
      "min_samples_split": 10,
      "min_samples_leaf": 13,
      "min_weight_fraction_leaf": 0.0,
      "min_impurity_decrease": 0.022326636006761658,
      "criterion": "friedman_mse",
      "ccp_alpha": 8.019694362515903e-07,
      "dropout_rate": 0.04409894442034022,
      "validation_fraction": 0.28223410596185244,
      "n_iter_no_change": null,
      "tol": 6.613189871690997e-05,
      "random_state": 777,
      "warm_start": false,
      "verbose": 0
    },
    "seed": 777,
    "cv_n_splits": 5,
    "cv_n_repeats": 10,
    "preprocessing_config": {
      "eps": 1e-06,
      "min_speed": 0.01,
      "max_hours": 9999.0
    }
  },
  "result": {
    "c_index": 0.9404935409075852,
    "mean_brier": 0.053405105410582465,
    "hybrid_score": 0.9447644884848678,
    "std_c_index": 0.002344588256261962,
    "std_mean_brier": 0.003555116481193453,
    "std_hybrid": 0.0024781579329642154
  }
}