{
  "trial_id": 200,
  "config": {
    "model_type": "coxnet",
    "model_params": {
      "l1_ratio": 0.9305752442249337,
      "alpha_min_ratio": 0.0366475709511141,
      "n_alphas": 262,
      "max_iter": 19482,
      "tol": 8.011010538860963e-07
    },
    "seed": 2023,
    "cv_n_splits": 5,
    "cv_n_repeats": 10,
    "preprocessing_config": {
      "eps": 1e-06,
      "min_speed": 0.01,
      "max_hours": 9999.0
    }
  },
  "result": {
    "c_index": 0.9338522689632327,
    "mean_brier": 0.0262766973906412,
    "hybrid_score": 0.9617619925155211,
    "std_c_index": 0.003735368838152823,
    "std_mean_brier": 0.0011662160056410875,
    "std_hybrid": 0.0017003944526520084
  }
}