{
  "trial_id": 101,
  "config": {
    "model_type": "coxnet",
    "model_params": {
      "l1_ratio": 0.8824572025607427,
      "alpha_min_ratio": 0.03777106109886104,
      "n_alphas": 71,
      "max_iter": 6963,
      "tol": 2.239905631852622e-05
    },
    "seed": 777,
    "cv_n_splits": 5,
    "cv_n_repeats": 10,
    "preprocessing_config": {
      "eps": 1e-06,
      "min_speed": 0.01,
      "max_hours": 9999.0
    }
  },
  "result": {
    "c_index": 0.9339847631666116,
    "mean_brier": 0.026915325772049442,
    "hybrid_score": 0.9613547009095488,
    "std_c_index": 0.0032009246322870985,
    "std_mean_brier": 0.0021021243366632653,
    "std_hybrid": 0.0018913587487694363
  }
}