{
  "trial_id": 268,
  "config": {
    "model_type": "gbsa",
    "model_params": {
      "loss": "coxph",
      "n_estimators": 394,
      "learning_rate": 0.09658513277796842,
      "subsample": 0.7391953615730121,
      "max_depth": 6,
      "max_features": 1.0,
      "max_leaf_nodes": 63,
      "min_samples_split": 6,
      "min_samples_leaf": 17,
      "min_weight_fraction_leaf": 0.0,
      "min_impurity_decrease": 0.018216457965667135,
      "criterion": "friedman_mse",
      "ccp_alpha": 5.8359609106111565e-05,
      "dropout_rate": 0.0051208253253760515,
      "validation_fraction": 0.2609752269508102,
      "n_iter_no_change": null,
      "tol": 0.00024217044374571213,
      "random_state": 2023,
      "warm_start": false,
      "verbose": 0
    },
    "seed": 2023,
    "cv_n_splits": 5,
    "cv_n_repeats": 10,
    "preprocessing_config": {
      "eps": 1e-06,
      "min_speed": 0.01,
      "max_hours": 9999.0
    }
  },
  "result": {
    "c_index": 0.9404521364690295,
    "mean_brier": 0.03183378384409695,
    "hybrid_score": 0.959851992249841,
    "std_c_index": 0.0025197450019528115,
    "std_mean_brier": 0.0037330759974373985,
    "std_hybrid": 0.0031429589232377375
  }
}