{
  "trial_id": 131,
  "config": {
    "model_type": "gbsa",
    "model_params": {
      "loss": "coxph",
      "n_estimators": 441,
      "learning_rate": 0.196763630822617,
      "subsample": 0.5011584389137598,
      "max_depth": 2,
      "max_features": 0.5,
      "max_leaf_nodes": 8,
      "min_samples_split": 17,
      "min_samples_leaf": 3,
      "min_weight_fraction_leaf": 0.0,
      "min_impurity_decrease": 0.02700996869416239,
      "criterion": "friedman_mse",
      "ccp_alpha": 2.7792031123364374e-05,
      "dropout_rate": 0.10481194198614174,
      "validation_fraction": 0.24260745344903456,
      "n_iter_no_change": null,
      "tol": 3.986732285744169e-05,
      "random_state": 777,
      "warm_start": false,
      "verbose": 0
    },
    "seed": 777,
    "cv_n_splits": 5,
    "cv_n_repeats": 10,
    "preprocessing_config": {
      "eps": 1e-06,
      "min_speed": 0.01,
      "max_hours": 9999.0
    }
  },
  "result": {
    "c_index": 0.939706856575025,
    "mean_brier": 0.08150394937200929,
    "hybrid_score": 0.924859292412101,
    "std_c_index": 0.002075663600063371,
    "std_mean_brier": 0.005626806611815626,
    "std_hybrid": 0.003981326361438333
  }
}