{
  "trial_id": 238,
  "config": {
    "model_type": "coxnet",
    "model_params": {
      "l1_ratio": 0.9653088806421809,
      "alpha_min_ratio": 0.07447112262308864,
      "n_alphas": 54,
      "max_iter": 9777,
      "tol": 4.631150567587307e-05
    },
    "seed": 777,
    "cv_n_splits": 5,
    "cv_n_repeats": 10,
    "preprocessing_config": {
      "eps": 1e-06,
      "min_speed": 0.01,
      "max_hours": 9999.0
    }
  },
  "result": {
    "c_index": 0.936709175223584,
    "mean_brier": 0.025694109091096075,
    "hybrid_score": 0.963026876203308,
    "std_c_index": 0.003509387063842698,
    "std_mean_brier": 0.0005011988083333546,
    "std_hybrid": 0.00127157500574682
  }
}