{
  "trial_id": 242,
  "config": {
    "model_type": "coxnet",
    "model_params": {
      "l1_ratio": 0.7543691368563505,
      "alpha_min_ratio": 0.09286627845568445,
      "n_alphas": 292,
      "max_iter": 1876,
      "tol": 6.722057088535076e-06
    },
    "seed": 42,
    "cv_n_splits": 5,
    "cv_n_repeats": 10,
    "preprocessing_config": {
      "eps": 1e-06,
      "min_speed": 0.01,
      "max_hours": 9999.0
    }
  },
  "result": {
    "c_index": 0.9389698575687312,
    "mean_brier": 0.026936926329153926,
    "hybrid_score": 0.9628351088402116,
    "std_c_index": 0.002348036912679324,
    "std_mean_brier": 0.0007971397394662474,
    "std_hybrid": 0.0010931369691756572
  }
}