{
  "trial_id": 270,
  "config": {
    "model_type": "coxnet",
    "model_params": {
      "l1_ratio": 0.9985941506387884,
      "alpha_min_ratio": 0.05482657888470331,
      "n_alphas": 275,
      "max_iter": 18871,
      "tol": 4.101692451639843e-06
    },
    "seed": 42,
    "cv_n_splits": 5,
    "cv_n_repeats": 10,
    "preprocessing_config": {
      "eps": 1e-06,
      "min_speed": 0.01,
      "max_hours": 9999.0
    }
  },
  "result": {
    "c_index": 0.9375869493209672,
    "mean_brier": 0.02545426324224726,
    "hybrid_score": 0.9634581005267171,
    "std_c_index": 0.004418464723057987,
    "std_mean_brier": 0.0020360878938599034,
    "std_hybrid": 0.0026717847147389178
  }
}