{
  "trial_id": 218,
  "config": {
    "model_type": "coxnet",
    "model_params": {
      "l1_ratio": 0.8254031144800735,
      "alpha_min_ratio": 0.09365184487172203,
      "n_alphas": 267,
      "max_iter": 15743,
      "tol": 4.8763332202168884e-05
    },
    "seed": 1024,
    "cv_n_splits": 5,
    "cv_n_repeats": 10,
    "preprocessing_config": {
      "eps": 1e-06,
      "min_speed": 0.01,
      "max_hours": 9999.0
    }
  },
  "result": {
    "c_index": 0.9371315004968533,
    "mean_brier": 0.026731814114277903,
    "hybrid_score": 0.9624271802690613,
    "std_c_index": 0.0036491947025500664,
    "std_mean_brier": 0.0007922499358521789,
    "std_hybrid": 0.0015743430123352756
  }
}