{
  "trial_id": 260,
  "config": {
    "model_type": "coxnet",
    "model_params": {
      "l1_ratio": 0.8874791741094208,
      "alpha_min_ratio": 0.09548644069064942,
      "n_alphas": 231,
      "max_iter": 8828,
      "tol": 4.314815723238441e-06
    },
    "seed": 2023,
    "cv_n_splits": 5,
    "cv_n_repeats": 10,
    "preprocessing_config": {
      "eps": 1e-06,
      "min_speed": 0.01,
      "max_hours": 9999.0
    }
  },
  "result": {
    "c_index": 0.9370818151705864,
    "mean_brier": 0.026302334158670844,
    "hybrid_score": 0.9627129106401064,
    "std_c_index": 0.002520928546126995,
    "std_mean_brier": 0.000658556229835612,
    "std_hybrid": 0.0010595531579667547
  }
}