{
  "trial_id": 2,
  "config": {
    "model_type": "gbsa",
    "model_params": {
      "loss": "coxph",
      "n_estimators": 252,
      "learning_rate": 0.0011534398442404974,
      "subsample": 0.7076238449049423,
      "max_depth": 6,
      "max_features": "log2",
      "max_leaf_nodes": 31,
      "min_samples_split": 8,
      "min_samples_leaf": 15,
      "min_weight_fraction_leaf": 0.0,
      "min_impurity_decrease": 0.004692583916825904,
      "criterion": "friedman_mse",
      "ccp_alpha": 0.01778326792275086,
      "dropout_rate": 0.16812914149210123,
      "validation_fraction": 0.2783665358864482,
      "n_iter_no_change": 20,
      "tol": 0.0007995469768254012,
      "random_state": 777,
      "warm_start": false,
      "verbose": 0
    },
    "seed": 777,
    "cv_n_splits": 5,
    "cv_n_repeats": 10,
    "preprocessing_config": {
      "eps": 1e-06,
      "min_speed": 0.01,
      "max_hours": 9999.0
    }
  },
  "result": {
    "c_index": 0.9217704537926465,
    "mean_brier": 0.22895732616205428,
    "hybrid_score": 0.8162610078243558,
    "std_c_index": 0.005011004570103711,
    "std_mean_brier": 0.019459353381738598,
    "std_hybrid": 0.013412641413707323
  }
}