{
  "trial_id": 154,
  "config": {
    "model_type": "coxnet",
    "model_params": {
      "l1_ratio": 0.8161176785876892,
      "alpha_min_ratio": 0.07306922680307774,
      "n_alphas": 206,
      "max_iter": 13020,
      "tol": 9.131622466737293e-08
    },
    "seed": 2023,
    "cv_n_splits": 5,
    "cv_n_repeats": 10,
    "preprocessing_config": {
      "eps": 1e-06,
      "min_speed": 0.01,
      "max_hours": 9999.0
    }
  },
  "result": {
    "c_index": 0.9365352765816495,
    "mean_brier": 0.02614700052151873,
    "hybrid_score": 0.9626576826094316,
    "std_c_index": 0.002557494221490515,
    "std_mean_brier": 0.0007919760481389666,
    "std_hybrid": 0.0011731305521753364
  }
}