{
  "trial_id": 145,
  "config": {
    "model_type": "coxnet",
    "model_params": {
      "l1_ratio": 0.8864861270679626,
      "alpha_min_ratio": 0.07673425329877223,
      "n_alphas": 232,
      "max_iter": 19998,
      "tol": 1.1855229664097784e-05
    },
    "seed": 42,
    "cv_n_splits": 5,
    "cv_n_repeats": 10,
    "preprocessing_config": {
      "eps": 1e-06,
      "min_speed": 0.01,
      "max_hours": 9999.0
    }
  },
  "result": {
    "c_index": 0.9395743623716463,
    "mean_brier": 0.02557837298711906,
    "hybrid_score": 0.9639674476205105,
    "std_c_index": 0.002342788850908977,
    "std_mean_brier": 0.0008317696150492267,
    "std_hybrid": 0.0011269357331916364
  }
}