{
  "trial_id": 118,
  "config": {
    "model_type": "coxnet",
    "model_params": {
      "l1_ratio": 0.9906415199341955,
      "alpha_min_ratio": 0.05809890576168842,
      "n_alphas": 158,
      "max_iter": 353,
      "tol": 3.4328390604121664e-06
    },
    "seed": 42,
    "cv_n_splits": 5,
    "cv_n_repeats": 10,
    "preprocessing_config": {
      "eps": 1e-06,
      "min_speed": 0.01,
      "max_hours": 9999.0
    }
  },
  "result": {
    "c_index": 0.9385392514077507,
    "mean_brier": 0.025442467198381065,
    "hybrid_score": 0.9637520483834583,
    "std_c_index": 0.002226866047277583,
    "std_mean_brier": 0.0015529926539031682,
    "std_hybrid": 0.0016025656473931422
  }
}