{
  "trial_id": 136,
  "config": {
    "model_type": "gbsa",
    "model_params": {
      "loss": "coxph",
      "n_estimators": 175,
      "learning_rate": 0.07980226282070545,
      "subsample": 0.6450140814494505,
      "max_depth": 2,
      "max_features": "sqrt",
      "max_leaf_nodes": 63,
      "min_samples_split": 17,
      "min_samples_leaf": 2,
      "min_weight_fraction_leaf": 0.0,
      "min_impurity_decrease": 0.01998010421754249,
      "criterion": "friedman_mse",
      "ccp_alpha": 0.005170972975960642,
      "dropout_rate": 0.011209267511503437,
      "validation_fraction": 0.27441947806559563,
      "n_iter_no_change": 5,
      "tol": 0.0003116385319825846,
      "random_state": 1024,
      "warm_start": false,
      "verbose": 0
    },
    "seed": 1024,
    "cv_n_splits": 5,
    "cv_n_repeats": 10,
    "preprocessing_config": {
      "eps": 1e-06,
      "min_speed": 0.01,
      "max_hours": 9999.0
    }
  },
  "result": {
    "c_index": 0.935727890029811,
    "mean_brier": 0.05418707264551337,
    "hybrid_score": 0.942787416157084,
    "std_c_index": 0.004055524070506149,
    "std_mean_brier": 0.0034406729214715775,
    "std_hybrid": 0.0033438054437464337
  }
}