{
  "trial_id": 8,
  "config": {
    "model_type": "coxnet",
    "model_params": {
      "l1_ratio": 0.40226847169700874,
      "alpha_min_ratio": 0.0008402224055547892,
      "n_alphas": 293,
      "max_iter": 11951,
      "tol": 1.194318877586135e-07
    },
    "seed": 1024,
    "cv_n_splits": 5,
    "cv_n_repeats": 10,
    "preprocessing_config": {
      "eps": 1e-06,
      "min_speed": 0.01,
      "max_hours": 9999.0
    }
  },
  "result": {
    "c_index": 0.914913878767804,
    "mean_brier": 0.0467151933184367,
    "hybrid_score": 0.9417735283074353,
    "std_c_index": 0.013198459568584132,
    "std_mean_brier": 0.006040264088536134,
    "std_hybrid": 0.00669355183652985
  }
}