{
  "trial_id": 177,
  "config": {
    "model_type": "coxnet",
    "model_params": {
      "l1_ratio": 0.9971974173081543,
      "alpha_min_ratio": 0.017523728608636758,
      "n_alphas": 131,
      "max_iter": 17003,
      "tol": 4.657109569427261e-08
    },
    "seed": 1024,
    "cv_n_splits": 5,
    "cv_n_repeats": 10,
    "preprocessing_config": {
      "eps": 1e-06,
      "min_speed": 0.01,
      "max_hours": 9999.0
    }
  },
  "result": {
    "c_index": 0.9302252401457437,
    "mean_brier": 0.028457669763025596,
    "hybrid_score": 0.9591472032096051,
    "std_c_index": 0.005184153175589715,
    "std_mean_brier": 0.0023868629571923783,
    "std_hybrid": 0.00296256274277063
  }
}