{
  "trial_id": 110,
  "config": {
    "model_type": "gbsa",
    "model_params": {
      "loss": "coxph",
      "n_estimators": 475,
      "learning_rate": 0.0322790134279071,
      "subsample": 0.5760234206739261,
      "max_depth": 6,
      "max_features": 0.5,
      "max_leaf_nodes": 31,
      "min_samples_split": 5,
      "min_samples_leaf": 13,
      "min_weight_fraction_leaf": 0.0,
      "min_impurity_decrease": 0.01914727230781396,
      "criterion": "friedman_mse",
      "ccp_alpha": 0.0003039983675360621,
      "dropout_rate": 0.038804949286474044,
      "validation_fraction": 0.19542796005004917,
      "n_iter_no_change": null,
      "tol": 0.0009870037754999776,
      "random_state": 42,
      "warm_start": false,
      "verbose": 0
    },
    "seed": 42,
    "cv_n_splits": 5,
    "cv_n_repeats": 10,
    "preprocessing_config": {
      "eps": 1e-06,
      "min_speed": 0.01,
      "max_hours": 9999.0
    }
  },
  "result": {
    "c_index": 0.941031798608811,
    "mean_brier": 0.1402997974934717,
    "hybrid_score": 0.884099681337213,
    "std_c_index": 0.0024630456141883465,
    "std_mean_brier": 0.006014711970145218,
    "std_hybrid": 0.004360558205454667
  }
}