{
  "trial_id": 196,
  "config": {
    "model_type": "coxnet",
    "model_params": {
      "l1_ratio": 0.9206357151982819,
      "alpha_min_ratio": 0.01678333138049237,
      "n_alphas": 299,
      "max_iter": 16301,
      "tol": 8.535539695806668e-07
    },
    "seed": 1024,
    "cv_n_splits": 5,
    "cv_n_repeats": 10,
    "preprocessing_config": {
      "eps": 1e-06,
      "min_speed": 0.01,
      "max_hours": 9999.0
    }
  },
  "result": {
    "c_index": 0.930183835707188,
    "mean_brier": 0.02888202163947598,
    "hybrid_score": 0.958837735564523,
    "std_c_index": 0.004778502738698856,
    "std_mean_brier": 0.002680360357726138,
    "std_hybrid": 0.0030122446915184673
  }
}