{
  "trial_id": 108,
  "config": {
    "seed": 42,
    "cv_n_splits": 5,
    "cv_n_repeats": 10,
    "gbsa_config": {
      "loss": "coxph",
      "n_estimators": 492,
      "learning_rate": 0.010357891897604674,
      "subsample": 0.5174885110773527,
      "max_depth": 6,
      "max_features": "sqrt",
      "max_leaf_nodes": 8,
      "min_samples_split": 7,
      "min_samples_leaf": 6,
      "min_weight_fraction_leaf": 0.0,
      "min_impurity_decrease": 0.012433339261069766,
      "criterion": "friedman_mse",
      "ccp_alpha": 0.01599638450531722,
      "dropout_rate": 0.05937619697181152,
      "validation_fraction": 0.20322049596920216,
      "n_iter_no_change": null,
      "tol": 0.00037315323658139703,
      "random_state": 42,
      "warm_start": false,
      "verbose": 0
    },
    "preprocessing_config": {
      "eps": 1e-06,
      "min_speed": 0.01,
      "max_hours": 9999.0
    }
  },
  "result": {
    "c_index": 0.9276416031798609,
    "mean_brier": 0.21131042996542676,
    "hybrid_score": 0.8303751799781596,
    "std_c_index": 0.003906402906451528,
    "std_mean_brier": 0.009633672723910523,
    "std_hybrid": 0.006600583074959176
  }
}