{
  "trial_id": 51,
  "config": {
    "model_type": "coxnet",
    "model_params": {
      "l1_ratio": 0.933672127412907,
      "alpha_min_ratio": 0.07251907986047024,
      "n_alphas": 237,
      "max_iter": 613,
      "tol": 5.384779576098694e-06
    },
    "seed": 42,
    "cv_n_splits": 5,
    "cv_n_repeats": 10,
    "preprocessing_config": {
      "eps": 1e-06,
      "min_speed": 0.01,
      "max_hours": 9999.0
    }
  },
  "result": {
    "c_index": 0.9395909241470685,
    "mean_brier": 0.025348336524885117,
    "hybrid_score": 0.9641334416767009,
    "std_c_index": 0.0021168158407052703,
    "std_mean_brier": 0.0008750393762994464,
    "std_hybrid": 0.0011222332647708936
  }
}