{
  "trial_id": 45,
  "config": {
    "model_type": "gbsa",
    "model_params": {
      "loss": "coxph",
      "n_estimators": 355,
      "learning_rate": 0.043320984189147364,
      "subsample": 0.7683742053136292,
      "max_depth": 2,
      "max_features": 0.5,
      "max_leaf_nodes": 16,
      "min_samples_split": 10,
      "min_samples_leaf": 11,
      "min_weight_fraction_leaf": 0.0,
      "min_impurity_decrease": 0.009069824519624787,
      "criterion": "friedman_mse",
      "ccp_alpha": 0.0401504562469281,
      "dropout_rate": 0.056031045163840415,
      "validation_fraction": 0.2836404525089212,
      "n_iter_no_change": 10,
      "tol": 0.00654375103098342,
      "random_state": 2023,
      "warm_start": false,
      "verbose": 0
    },
    "seed": 2023,
    "cv_n_splits": 5,
    "cv_n_repeats": 10,
    "preprocessing_config": {
      "eps": 1e-06,
      "min_speed": 0.01,
      "max_hours": 9999.0
    }
  },
  "result": {
    "c_index": 0.9038174892348462,
    "mean_brier": 0.1487057680402446,
    "hybrid_score": 0.8670512091422825,
    "std_c_index": 0.004401819566844714,
    "std_mean_brier": 0.009641559902776453,
    "std_hybrid": 0.006250508248382521
  }
}