{
  "trial_id": 108,
  "config": {
    "model_type": "gbsa",
    "model_params": {
      "loss": "coxph",
      "n_estimators": 108,
      "learning_rate": 0.10131156496975394,
      "subsample": 0.8216092858299531,
      "max_depth": 6,
      "max_features": null,
      "max_leaf_nodes": 8,
      "min_samples_split": 6,
      "min_samples_leaf": 18,
      "min_weight_fraction_leaf": 0.0,
      "min_impurity_decrease": 0.023292638792928227,
      "criterion": "friedman_mse",
      "ccp_alpha": 0.0029189830999292,
      "dropout_rate": 0.05989098104140292,
      "validation_fraction": 0.2807454840420708,
      "n_iter_no_change": null,
      "tol": 2.037452924460965e-05,
      "random_state": 777,
      "warm_start": false,
      "verbose": 0
    },
    "seed": 777,
    "cv_n_splits": 5,
    "cv_n_repeats": 10,
    "preprocessing_config": {
      "eps": 1e-06,
      "min_speed": 0.01,
      "max_hours": 9999.0
    }
  },
  "result": {
    "c_index": 0.9375455448824115,
    "mean_brier": 0.08914270404374962,
    "hybrid_score": 0.9188637706340985,
    "std_c_index": 0.0032246163781812424,
    "std_mean_brier": 0.005874404093481868,
    "std_hybrid": 0.004010133867208018
  }
}