{
  "trial_id": 94,
  "config": {
    "model_type": "gbsa",
    "model_params": {
      "loss": "coxph",
      "n_estimators": 407,
      "learning_rate": 0.15551390221679498,
      "subsample": 0.6567626473469363,
      "max_depth": 2,
      "max_features": "log2",
      "max_leaf_nodes": 31,
      "min_samples_split": 10,
      "min_samples_leaf": 18,
      "min_weight_fraction_leaf": 0.0,
      "min_impurity_decrease": 0.01999806280217272,
      "criterion": "friedman_mse",
      "ccp_alpha": 7.851568905663984e-07,
      "dropout_rate": 0.026825988987491677,
      "validation_fraction": 0.2300967624171045,
      "n_iter_no_change": null,
      "tol": 0.0006641148378029406,
      "random_state": 2023,
      "warm_start": false,
      "verbose": 0
    },
    "seed": 2023,
    "cv_n_splits": 5,
    "cv_n_repeats": 10,
    "preprocessing_config": {
      "eps": 1e-06,
      "min_speed": 0.01,
      "max_hours": 9999.0
    }
  },
  "result": {
    "c_index": 0.9392845313017556,
    "mean_brier": 0.04376756266930447,
    "hybrid_score": 0.9511480655220133,
    "std_c_index": 0.003430087233009571,
    "std_mean_brier": 0.0033324534751341985,
    "std_hybrid": 0.003146627487358712
  }
}