{
  "trial_id": 140,
  "config": {
    "model_type": "gbsa",
    "model_params": {
      "loss": "coxph",
      "n_estimators": 160,
      "learning_rate": 0.11211640991976933,
      "subsample": 0.5684419271038372,
      "max_depth": 4,
      "max_features": null,
      "max_leaf_nodes": 8,
      "min_samples_split": 18,
      "min_samples_leaf": 12,
      "min_weight_fraction_leaf": 0.0,
      "min_impurity_decrease": 0.015258185008935343,
      "criterion": "friedman_mse",
      "ccp_alpha": 0.017777652713881577,
      "dropout_rate": 0.16387360293472453,
      "validation_fraction": 0.15717541812037747,
      "n_iter_no_change": null,
      "tol": 1.8377238929648507e-05,
      "random_state": 777,
      "warm_start": false,
      "verbose": 0
    },
    "seed": 777,
    "cv_n_splits": 5,
    "cv_n_repeats": 10,
    "preprocessing_config": {
      "eps": 1e-06,
      "min_speed": 0.01,
      "max_hours": 9999.0
    }
  },
  "result": {
    "c_index": 0.8977186154355747,
    "mean_brier": 0.147999289803727,
    "hybrid_score": 0.8657160817680636,
    "std_c_index": 0.008953187839354186,
    "std_mean_brier": 0.008974315127304507,
    "std_hybrid": 0.006579005881735562
  }
}