{
  "trial_id": 139,
  "config": {
    "model_type": "coxnet",
    "model_params": {
      "l1_ratio": 0.6960815051388934,
      "alpha_min_ratio": 0.03986829629089902,
      "n_alphas": 257,
      "max_iter": 5551,
      "tol": 1.940870902745229e-08
    },
    "seed": 2023,
    "cv_n_splits": 5,
    "cv_n_repeats": 10,
    "preprocessing_config": {
      "eps": 1e-06,
      "min_speed": 0.01,
      "max_hours": 9999.0
    }
  },
  "result": {
    "c_index": 0.9342497515733686,
    "mean_brier": 0.026767955240385027,
    "hybrid_score": 0.9615373568037409,
    "std_c_index": 0.003402427215814337,
    "std_mean_brier": 0.0009960200980434492,
    "std_hybrid": 0.0014486134439614068
  }
}