{
  "trial_id": 269,
  "config": {
    "model_type": "coxnet",
    "model_params": {
      "l1_ratio": 0.9953447328061246,
      "alpha_min_ratio": 0.07907309249373445,
      "n_alphas": 234,
      "max_iter": 15099,
      "tol": 1.8185700784556472e-05
    },
    "seed": 42,
    "cv_n_splits": 5,
    "cv_n_repeats": 10,
    "preprocessing_config": {
      "eps": 1e-06,
      "min_speed": 0.01,
      "max_hours": 9999.0
    }
  },
  "result": {
    "c_index": 0.9391189135475322,
    "mean_brier": 0.025277993443765447,
    "hybrid_score": 0.9640410786536238,
    "std_c_index": 0.0022771086111026467,
    "std_mean_brier": 0.0008484120769546534,
    "std_hybrid": 0.0011276700581826292
  }
}