{
  "trial_id": 78,
  "config": {
    "model_type": "coxnet",
    "model_params": {
      "l1_ratio": 0.12203156259466419,
      "alpha_min_ratio": 0.00783105700950554,
      "n_alphas": 251,
      "max_iter": 1820,
      "tol": 3.291876527880696e-08
    },
    "seed": 42,
    "cv_n_splits": 5,
    "cv_n_repeats": 10,
    "preprocessing_config": {
      "eps": 1e-06,
      "min_speed": 0.01,
      "max_hours": 9999.0
    }
  },
  "result": {
    "c_index": 0.931318317323617,
    "mean_brier": 0.030126059447731467,
    "hybrid_score": 0.9583072535836731,
    "std_c_index": 0.007487516208922363,
    "std_mean_brier": 0.00295876484282128,
    "std_hybrid": 0.00421807126579354
  }
}