{
  "trial_id": 56,
  "config": {
    "model_type": "gbsa",
    "model_params": {
      "loss": "coxph",
      "n_estimators": 415,
      "learning_rate": 0.12074408798737152,
      "subsample": 0.5377353659501202,
      "max_depth": 4,
      "max_features": 0.3,
      "max_leaf_nodes": 8,
      "min_samples_split": 2,
      "min_samples_leaf": 12,
      "min_weight_fraction_leaf": 0.0,
      "min_impurity_decrease": 0.019129261452159544,
      "criterion": "friedman_mse",
      "ccp_alpha": 1.3793822932923547e-05,
      "dropout_rate": 0.13666157185947692,
      "validation_fraction": 0.2300904868306148,
      "n_iter_no_change": 5,
      "tol": 0.00027252406102721394,
      "random_state": 777,
      "warm_start": false,
      "verbose": 0
    },
    "seed": 777,
    "cv_n_splits": 5,
    "cv_n_repeats": 10,
    "preprocessing_config": {
      "eps": 1e-06,
      "min_speed": 0.01,
      "max_hours": 9999.0
    }
  },
  "result": {
    "c_index": 0.9283868830738655,
    "mean_brier": 0.13012189035985933,
    "hybrid_score": 0.887430741670258,
    "std_c_index": 0.008960731718231347,
    "std_mean_brier": 0.009569268093779998,
    "std_hybrid": 0.007093606532784504
  }
}