{
  "trial_id": 11,
  "config": {
    "model_type": "gbsa",
    "model_params": {
      "loss": "coxph",
      "n_estimators": 166,
      "learning_rate": 0.043535994154394346,
      "subsample": 0.7941506987899213,
      "max_depth": 1,
      "max_features": 0.3,
      "max_leaf_nodes": null,
      "min_samples_split": 2,
      "min_samples_leaf": 16,
      "min_weight_fraction_leaf": 0.0,
      "min_impurity_decrease": 0.044754640851539046,
      "criterion": "friedman_mse",
      "ccp_alpha": 0.00010643733835161192,
      "dropout_rate": 0.1991259968112603,
      "validation_fraction": 0.26784550017699993,
      "n_iter_no_change": 10,
      "tol": 0.00017918454041518817,
      "random_state": 777,
      "warm_start": false,
      "verbose": 0
    },
    "seed": 777,
    "cv_n_splits": 5,
    "cv_n_repeats": 10,
    "preprocessing_config": {
      "eps": 1e-06,
      "min_speed": 0.01,
      "max_hours": 9999.0
    }
  },
  "result": {
    "c_index": 0.9112785690626035,
    "mean_brier": 0.2017700054776504,
    "hybrid_score": 0.8321445668844258,
    "std_c_index": 0.0072501240921325275,
    "std_mean_brier": 0.01612034090522703,
    "std_hybrid": 0.010578032594545489
  }
}