{
  "trial_id": 34,
  "config": {
    "model_type": "coxnet",
    "model_params": {
      "l1_ratio": 0.9086225816585831,
      "alpha_min_ratio": 0.02058162872773022,
      "n_alphas": 135,
      "max_iter": 19414,
      "tol": 5.244750018429843e-06
    },
    "seed": 777,
    "cv_n_splits": 5,
    "cv_n_repeats": 10,
    "preprocessing_config": {
      "eps": 1e-06,
      "min_speed": 0.01,
      "max_hours": 9999.0
    }
  },
  "result": {
    "c_index": 0.9276830076184167,
    "mean_brier": 0.030620609913597375,
    "hybrid_score": 0.9568704753460068,
    "std_c_index": 0.008003301257686493,
    "std_mean_brier": 0.0050696868731911855,
    "std_hybrid": 0.005503599382425627
  }
}