{
  "trial_id": 181,
  "config": {
    "model_type": "coxnet",
    "model_params": {
      "l1_ratio": 0.9197420376503542,
      "alpha_min_ratio": 0.07385295887854333,
      "n_alphas": 129,
      "max_iter": 10290,
      "tol": 2.1471435116558825e-08
    },
    "seed": 1024,
    "cv_n_splits": 5,
    "cv_n_repeats": 10,
    "preprocessing_config": {
      "eps": 1e-06,
      "min_speed": 0.01,
      "max_hours": 9999.0
    }
  },
  "result": {
    "c_index": 0.9362785690626035,
    "mean_brier": 0.025764236456087625,
    "hybrid_score": 0.9628486051995196,
    "std_c_index": 0.003619278474080864,
    "std_mean_brier": 0.0008076980910100096,
    "std_hybrid": 0.001546844699112021
  }
}