{
  "trial_id": 125,
  "config": {
    "model_type": "coxnet",
    "model_params": {
      "l1_ratio": 0.9071927985838835,
      "alpha_min_ratio": 0.01964298192863437,
      "n_alphas": 267,
      "max_iter": 16504,
      "tol": 6.810037404711746e-05
    },
    "seed": 42,
    "cv_n_splits": 5,
    "cv_n_repeats": 10,
    "preprocessing_config": {
      "eps": 1e-06,
      "min_speed": 0.01,
      "max_hours": 9999.0
    }
  },
  "result": {
    "c_index": 0.929637297118251,
    "mean_brier": 0.027827647411761785,
    "hybrid_score": 0.959411835947242,
    "std_c_index": 0.00887431870482122,
    "std_mean_brier": 0.0031175185913776275,
    "std_hybrid": 0.004792065786696902
  }
}