{
  "trial_id": 206,
  "config": {
    "model_type": "coxnet",
    "model_params": {
      "l1_ratio": 0.9515519296412149,
      "alpha_min_ratio": 0.06465483849708734,
      "n_alphas": 239,
      "max_iter": 1555,
      "tol": 1.7877678873616714e-05
    },
    "seed": 42,
    "cv_n_splits": 5,
    "cv_n_repeats": 10,
    "preprocessing_config": {
      "eps": 1e-06,
      "min_speed": 0.01,
      "max_hours": 9999.0
    }
  },
  "result": {
    "c_index": 0.9394832726068234,
    "mean_brier": 0.02514537293825452,
    "hybrid_score": 0.9642432207252687,
    "std_c_index": 0.0024756392104742803,
    "std_mean_brier": 0.0009112929301301971,
    "std_hybrid": 0.0012100130780276692
  }
}