{
  "trial_id": 57,
  "config": {
    "model_type": "coxnet",
    "model_params": {
      "l1_ratio": 0.99280823290282,
      "alpha_min_ratio": 0.012470662544654716,
      "n_alphas": 234,
      "max_iter": 570,
      "tol": 4.968187280818084e-06
    },
    "seed": 42,
    "cv_n_splits": 5,
    "cv_n_repeats": 10,
    "preprocessing_config": {
      "eps": 1e-06,
      "min_speed": 0.01,
      "max_hours": 9999.0
    }
  },
  "result": {
    "c_index": 0.9278983106989068,
    "mean_brier": 0.030170484982682426,
    "hybrid_score": 0.9572501537217943,
    "std_c_index": 0.009334000493763253,
    "std_mean_brier": 0.0029650220188086906,
    "std_hybrid": 0.004722698038228663
  }
}