{
  "trial_id": 17,
  "config": {
    "seed": 42,
    "cv_n_splits": 5,
    "cv_n_repeats": 10,
    "gbsa_config": {
      "loss": "coxph",
      "n_estimators": 135,
      "learning_rate": 0.10711619996144714,
      "subsample": 0.9094083001608105,
      "max_depth": 3,
      "max_features": 0.5,
      "max_leaf_nodes": 63,
      "min_samples_split": 4,
      "min_samples_leaf": 1,
      "min_weight_fraction_leaf": 0.0,
      "min_impurity_decrease": 0.014841407342686574,
      "criterion": "friedman_mse",
      "ccp_alpha": 1.7523606210887154e-06,
      "dropout_rate": 0.21510820073528375,
      "validation_fraction": 0.19471675045567072,
      "n_iter_no_change": 20,
      "tol": 0.0008605354047186125,
      "random_state": 42,
      "warm_start": false,
      "verbose": 0
    },
    "preprocessing_config": {
      "eps": 1e-06,
      "min_speed": 0.01,
      "max_hours": 9999.0
    }
  },
  "result": {
    "c_index": 0.9416280225240147,
    "mean_brier": 0.16986775287345962,
    "hybrid_score": 0.8635809797457826,
    "std_c_index": 0.0019029652928399749,
    "std_mean_brier": 0.011965038467911231,
    "std_hybrid": 0.008442219662709265
  }
}