{
  "trial_id": 102,
  "config": {
    "model_type": "gbsa",
    "model_params": {
      "loss": "coxph",
      "n_estimators": 372,
      "learning_rate": 0.12751015924539363,
      "subsample": 0.6894860055253053,
      "max_depth": 4,
      "max_features": 0.5,
      "max_leaf_nodes": 8,
      "min_samples_split": 19,
      "min_samples_leaf": 16,
      "min_weight_fraction_leaf": 0.0,
      "min_impurity_decrease": 0.027460266294988094,
      "criterion": "friedman_mse",
      "ccp_alpha": 0.011366043497984507,
      "dropout_rate": 0.008467966251533104,
      "validation_fraction": 0.13745405317785725,
      "n_iter_no_change": 5,
      "tol": 0.00012082668270350005,
      "random_state": 777,
      "warm_start": false,
      "verbose": 0
    },
    "seed": 777,
    "cv_n_splits": 5,
    "cv_n_repeats": 10,
    "preprocessing_config": {
      "eps": 1e-06,
      "min_speed": 0.01,
      "max_hours": 9999.0
    }
  },
  "result": {
    "c_index": 0.932978635309705,
    "mean_brier": 0.046218627502046875,
    "hybrid_score": 0.9475405513414789,
    "std_c_index": 0.005006515753538853,
    "std_mean_brier": 0.004682961307531737,
    "std_hybrid": 0.003570731090946567
  }
}