{
  "trial_id": 152,
  "config": {
    "model_type": "gbsa",
    "model_params": {
      "loss": "coxph",
      "n_estimators": 374,
      "learning_rate": 0.1819964789214828,
      "subsample": 0.6038853360754968,
      "max_depth": 6,
      "max_features": 0.5,
      "max_leaf_nodes": 31,
      "min_samples_split": 12,
      "min_samples_leaf": 19,
      "min_weight_fraction_leaf": 0.0,
      "min_impurity_decrease": 0.02046481836500682,
      "criterion": "friedman_mse",
      "ccp_alpha": 0.0006483542684200703,
      "dropout_rate": 0.08070999367956125,
      "validation_fraction": 0.10975022448608297,
      "n_iter_no_change": null,
      "tol": 0.0008106493663561264,
      "random_state": 2023,
      "warm_start": false,
      "verbose": 0
    },
    "seed": 2023,
    "cv_n_splits": 5,
    "cv_n_repeats": 10,
    "preprocessing_config": {
      "eps": 1e-06,
      "min_speed": 0.01,
      "max_hours": 9999.0
    }
  },
  "result": {
    "c_index": 0.9257369990062936,
    "mean_brier": 0.07351522885593546,
    "hybrid_score": 0.9262604395027332,
    "std_c_index": 0.009641958561883069,
    "std_mean_brier": 0.0036302533177407065,
    "std_hybrid": 0.004831643943985599
  }
}