{
  "trial_id": 162,
  "config": {
    "model_type": "coxnet",
    "model_params": {
      "l1_ratio": 0.8404131323684829,
      "alpha_min_ratio": 0.037513277981986344,
      "n_alphas": 60,
      "max_iter": 13370,
      "tol": 2.1612728136358976e-06
    },
    "seed": 1024,
    "cv_n_splits": 5,
    "cv_n_repeats": 10,
    "preprocessing_config": {
      "eps": 1e-06,
      "min_speed": 0.01,
      "max_hours": 9999.0
    }
  },
  "result": {
    "c_index": 0.9344153693275921,
    "mean_brier": 0.02614084536792947,
    "hybrid_score": 0.9620260190407268,
    "std_c_index": 0.0031233330576145137,
    "std_mean_brier": 0.001258177279448268,
    "std_hybrid": 0.0014696725876403752
  }
}