{
  "trial_id": 107,
  "config": {
    "model_type": "coxnet",
    "model_params": {
      "l1_ratio": 0.9599184308957496,
      "alpha_min_ratio": 0.05089430763042154,
      "n_alphas": 229,
      "max_iter": 792,
      "tol": 2.605501952276478e-06
    },
    "seed": 42,
    "cv_n_splits": 5,
    "cv_n_repeats": 10,
    "preprocessing_config": {
      "eps": 1e-06,
      "min_speed": 0.01,
      "max_hours": 9999.0
    }
  },
  "result": {
    "c_index": 0.9377360052997681,
    "mean_brier": 0.025705741965235264,
    "hybrid_score": 0.9633267822142656,
    "std_c_index": 0.00434323679522053,
    "std_mean_brier": 0.0022138870789682554,
    "std_hybrid": 0.002751393590184054
  }
}