{
  "trial_id": 103,
  "config": {
    "model_type": "coxnet",
    "model_params": {
      "l1_ratio": 0.3953431836611294,
      "alpha_min_ratio": 0.0001084670895545892,
      "n_alphas": 279,
      "max_iter": 19605,
      "tol": 5.885940956911021e-08
    },
    "seed": 777,
    "cv_n_splits": 5,
    "cv_n_repeats": 10,
    "preprocessing_config": {
      "eps": 1e-06,
      "min_speed": 0.01,
      "max_hours": 9999.0
    }
  },
  "result": {
    "c_index": 0.9058131831732361,
    "mean_brier": 0.058826173808519545,
    "hybrid_score": 0.930565633286007,
    "std_c_index": 0.016745429229092765,
    "std_mean_brier": 0.0176055871542871,
    "std_hybrid": 0.01515825759145357
  }
}