{
  "trial_id": 36,
  "config": {
    "model_type": "coxnet",
    "model_params": {
      "l1_ratio": 0.977361578333233,
      "alpha_min_ratio": 0.04158517609987005,
      "n_alphas": 214,
      "max_iter": 7432,
      "tol": 9.950712072997256e-06
    },
    "seed": 42,
    "cv_n_splits": 5,
    "cv_n_repeats": 10,
    "preprocessing_config": {
      "eps": 1e-06,
      "min_speed": 0.01,
      "max_hours": 9999.0
    }
  },
  "result": {
    "c_index": 0.9370486916197416,
    "mean_brier": 0.025784703818907732,
    "hybrid_score": 0.9630653148126871,
    "std_c_index": 0.0048503386785267895,
    "std_mean_brier": 0.0027918597428977497,
    "std_hybrid": 0.0032590793738331144
  }
}