{
  "trial_id": 87,
  "config": {
    "model_type": "coxnet",
    "model_params": {
      "l1_ratio": 0.9412720035059214,
      "alpha_min_ratio": 0.08679677606709212,
      "n_alphas": 257,
      "max_iter": 14070,
      "tol": 8.811679766107169e-06
    },
    "seed": 42,
    "cv_n_splits": 5,
    "cv_n_repeats": 10,
    "preprocessing_config": {
      "eps": 1e-06,
      "min_speed": 0.01,
      "max_hours": 9999.0
    }
  },
  "result": {
    "c_index": 0.9395660814839351,
    "mean_brier": 0.025574262318504504,
    "hybrid_score": 0.9639678408222272,
    "std_c_index": 0.0024105207550394496,
    "std_mean_brier": 0.0007826914740678386,
    "std_hybrid": 0.0011214711822706254
  }
}