{
  "trial_id": 124,
  "config": {
    "model_type": "gbsa",
    "model_params": {
      "loss": "coxph",
      "n_estimators": 444,
      "learning_rate": 0.05694733393212771,
      "subsample": 0.6517260191443941,
      "max_depth": 5,
      "max_features": null,
      "max_leaf_nodes": 16,
      "min_samples_split": 2,
      "min_samples_leaf": 16,
      "min_weight_fraction_leaf": 0.0,
      "min_impurity_decrease": 0.023967159981864192,
      "criterion": "friedman_mse",
      "ccp_alpha": 7.36907464990619e-06,
      "dropout_rate": 0.06159766752880689,
      "validation_fraction": 0.14259122901346544,
      "n_iter_no_change": 5,
      "tol": 0.0005943160251508559,
      "random_state": 2023,
      "warm_start": false,
      "verbose": 0
    },
    "seed": 2023,
    "cv_n_splits": 5,
    "cv_n_repeats": 10,
    "preprocessing_config": {
      "eps": 1e-06,
      "min_speed": 0.01,
      "max_hours": 9999.0
    }
  },
  "result": {
    "c_index": 0.9272938058959921,
    "mean_brier": 0.1332928813523454,
    "hybrid_score": 0.8848831248221558,
    "std_c_index": 0.0072419665371158135,
    "std_mean_brier": 0.007502667483140527,
    "std_hybrid": 0.006295458301182147
  }
}