{
  "trial_id": 140,
  "config": {
    "model_type": "coxnet",
    "model_params": {
      "l1_ratio": 0.9603295494361387,
      "alpha_min_ratio": 0.0707817578649123,
      "n_alphas": 229,
      "max_iter": 550,
      "tol": 9.56705390932383e-05
    },
    "seed": 42,
    "cv_n_splits": 5,
    "cv_n_repeats": 10,
    "preprocessing_config": {
      "eps": 1e-06,
      "min_speed": 0.01,
      "max_hours": 9999.0
    }
  },
  "result": {
    "c_index": 0.9396737330241802,
    "mean_brier": 0.02515818050675912,
    "hybrid_score": 0.9642913935525227,
    "std_c_index": 0.002431325604739825,
    "std_mean_brier": 0.0008621292303732188,
    "std_hybrid": 0.0011885501835035791
  }
}