{
  "trial_id": 56,
  "config": {
    "model_type": "coxnet",
    "model_params": {
      "l1_ratio": 0.4705804055494034,
      "alpha_min_ratio": 0.0016120522460144687,
      "n_alphas": 59,
      "max_iter": 3736,
      "tol": 3.095504056246011e-07
    },
    "seed": 777,
    "cv_n_splits": 5,
    "cv_n_repeats": 10,
    "preprocessing_config": {
      "eps": 1e-06,
      "min_speed": 0.01,
      "max_hours": 9999.0
    }
  },
  "result": {
    "c_index": 0.9195180523352102,
    "mean_brier": 0.04237164167981862,
    "hybrid_score": 0.94619526652469,
    "std_c_index": 0.011643732035230638,
    "std_mean_brier": 0.009173372722820525,
    "std_hybrid": 0.00792341042032823
  }
}