{
  "trial_id": 246,
  "config": {
    "model_type": "coxnet",
    "model_params": {
      "l1_ratio": 0.9427573105368551,
      "alpha_min_ratio": 0.07592223936292568,
      "n_alphas": 263,
      "max_iter": 1976,
      "tol": 2.178057292870607e-06
    },
    "seed": 42,
    "cv_n_splits": 5,
    "cv_n_repeats": 10,
    "preprocessing_config": {
      "eps": 1e-06,
      "min_speed": 0.01,
      "max_hours": 9999.0
    }
  },
  "result": {
    "c_index": 0.9393342166280225,
    "mean_brier": 0.025275669802513813,
    "hybrid_score": 0.964107296126647,
    "std_c_index": 0.0021297181060852518,
    "std_mean_brier": 0.0008269046332283934,
    "std_hybrid": 0.0010676307112332025
  }
}