{
  "trial_id": 53,
  "config": {
    "model_type": "coxnet",
    "model_params": {
      "l1_ratio": 0.9077979264296828,
      "alpha_min_ratio": 0.013817628784036804,
      "n_alphas": 215,
      "max_iter": 18649,
      "tol": 3.733832262390079e-05
    },
    "seed": 1024,
    "cv_n_splits": 5,
    "cv_n_repeats": 10,
    "preprocessing_config": {
      "eps": 1e-06,
      "min_speed": 0.01,
      "max_hours": 9999.0
    }
  },
  "result": {
    "c_index": 0.9273848956608148,
    "mean_brier": 0.029723383728276494,
    "hybrid_score": 0.9574091000884508,
    "std_c_index": 0.007688968116702123,
    "std_mean_brier": 0.0035105204460792712,
    "std_hybrid": 0.004651119927290548
  }
}