{
  "trial_id": 60,
  "config": {
    "model_type": "gbsa",
    "model_params": {
      "loss": "coxph",
      "n_estimators": 322,
      "learning_rate": 0.14702112281681315,
      "subsample": 0.7778327119067611,
      "max_depth": 5,
      "max_features": 0.3,
      "max_leaf_nodes": 16,
      "min_samples_split": 18,
      "min_samples_leaf": 2,
      "min_weight_fraction_leaf": 0.0,
      "min_impurity_decrease": 0.01973162700471613,
      "criterion": "friedman_mse",
      "ccp_alpha": 1.3972739543271944e-05,
      "dropout_rate": 0.06727904337853655,
      "validation_fraction": 0.21203875028084912,
      "n_iter_no_change": null,
      "tol": 0.0006911297773581859,
      "random_state": 1024,
      "warm_start": false,
      "verbose": 0
    },
    "seed": 1024,
    "cv_n_splits": 5,
    "cv_n_repeats": 10,
    "preprocessing_config": {
      "eps": 1e-06,
      "min_speed": 0.01,
      "max_hours": 9999.0
    }
  },
  "result": {
    "c_index": 0.9398973169923815,
    "mean_brier": 0.07147126966516575,
    "hybrid_score": 0.9319393063320984,
    "std_c_index": 0.002772997166547739,
    "std_mean_brier": 0.006119213550480892,
    "std_hybrid": 0.00452301922095889
  }
}