{
  "trial_id": 88,
  "config": {
    "model_type": "coxnet",
    "model_params": {
      "l1_ratio": 0.9743284650939626,
      "alpha_min_ratio": 0.06329523253439946,
      "n_alphas": 175,
      "max_iter": 16820,
      "tol": 6.923139242034335e-05
    },
    "seed": 1024,
    "cv_n_splits": 5,
    "cv_n_repeats": 10,
    "preprocessing_config": {
      "eps": 1e-06,
      "min_speed": 0.01,
      "max_hours": 9999.0
    }
  },
  "result": {
    "c_index": 0.9362868499503147,
    "mean_brier": 0.025709931652885987,
    "hybrid_score": 0.9628891028280743,
    "std_c_index": 0.0032916294286290566,
    "std_mean_brier": 0.0008094655867594366,
    "std_hybrid": 0.0014432283928303366
  }
}