{
  "trial_id": 269,
  "config": {
    "model_type": "coxnet",
    "model_params": {
      "l1_ratio": 0.9890034928040177,
      "alpha_min_ratio": 0.06244510470266012,
      "n_alphas": 81,
      "max_iter": 14971,
      "tol": 1.6839303201795055e-06
    },
    "seed": 2023,
    "cv_n_splits": 5,
    "cv_n_repeats": 10,
    "preprocessing_config": {
      "eps": 1e-06,
      "min_speed": 0.01,
      "max_hours": 9999.0
    }
  },
  "result": {
    "c_index": 0.9356326598211329,
    "mean_brier": 0.025624801674215845,
    "hybrid_score": 0.9627524367743886,
    "std_c_index": 0.002712050776980022,
    "std_mean_brier": 0.0009231707902966819,
    "std_hybrid": 0.0012855092864876502
  }
}