{
  "trial_id": 278,
  "config": {
    "model_type": "coxnet",
    "model_params": {
      "l1_ratio": 0.8726577661649738,
      "alpha_min_ratio": 0.04650316155228084,
      "n_alphas": 196,
      "max_iter": 12302,
      "tol": 4.116537185359173e-06
    },
    "seed": 1024,
    "cv_n_splits": 5,
    "cv_n_repeats": 10,
    "preprocessing_config": {
      "eps": 1e-06,
      "min_speed": 0.01,
      "max_hours": 9999.0
    }
  },
  "result": {
    "c_index": 0.9357403113613779,
    "mean_brier": 0.02603181314705636,
    "hybrid_score": 0.9624998242054741,
    "std_c_index": 0.003106602368317292,
    "std_mean_brier": 0.000990927619165467,
    "std_hybrid": 0.0013534061558637307
  }
}