{
  "trial_id": 209,
  "config": {
    "model_type": "coxnet",
    "model_params": {
      "l1_ratio": 0.9947627665716389,
      "alpha_min_ratio": 0.03634569408748677,
      "n_alphas": 252,
      "max_iter": 17759,
      "tol": 7.96544906023078e-05
    },
    "seed": 42,
    "cv_n_splits": 5,
    "cv_n_repeats": 10,
    "preprocessing_config": {
      "eps": 1e-06,
      "min_speed": 0.01,
      "max_hours": 9999.0
    }
  },
  "result": {
    "c_index": 0.9360384233189798,
    "mean_brier": 0.025904446730916093,
    "hybrid_score": 0.9626784142840525,
    "std_c_index": 0.005064790224782721,
    "std_mean_brier": 0.0029345570160127796,
    "std_hybrid": 0.003446360437123961
  }
}