{
  "trial_id": 144,
  "config": {
    "model_type": "coxnet",
    "model_params": {
      "l1_ratio": 0.9490348625048239,
      "alpha_min_ratio": 0.09800257314531535,
      "n_alphas": 172,
      "max_iter": 14469,
      "tol": 8.243071970575458e-07
    },
    "seed": 2023,
    "cv_n_splits": 5,
    "cv_n_repeats": 10,
    "preprocessing_config": {
      "eps": 1e-06,
      "min_speed": 0.01,
      "max_hours": 9999.0
    }
  },
  "result": {
    "c_index": 0.9364441868168267,
    "mean_brier": 0.026112929691523373,
    "hybrid_score": 0.9626542052609816,
    "std_c_index": 0.002912059850070947,
    "std_mean_brier": 0.000674026311055831,
    "std_hybrid": 0.0011619602157901473
  }
}