{
  "trial_id": 270,
  "config": {
    "model_type": "gbsa",
    "model_params": {
      "loss": "coxph",
      "n_estimators": 215,
      "learning_rate": 0.19628470461663122,
      "subsample": 0.6890247416021498,
      "max_depth": 3,
      "max_features": null,
      "max_leaf_nodes": 8,
      "min_samples_split": 18,
      "min_samples_leaf": 2,
      "min_weight_fraction_leaf": 0.0,
      "min_impurity_decrease": 0.04571274132040117,
      "criterion": "friedman_mse",
      "ccp_alpha": 8.608882798323279e-05,
      "dropout_rate": 0.06774995790308286,
      "validation_fraction": 0.2264207775622103,
      "n_iter_no_change": 20,
      "tol": 0.0001515108141084262,
      "random_state": 777,
      "warm_start": false,
      "verbose": 0
    },
    "seed": 777,
    "cv_n_splits": 5,
    "cv_n_repeats": 10,
    "preprocessing_config": {
      "eps": 1e-06,
      "min_speed": 0.01,
      "max_hours": 9999.0
    }
  },
  "result": {
    "c_index": 0.9356823451473998,
    "mean_brier": 0.062185278545783575,
    "hybrid_score": 0.9371750085621713,
    "std_c_index": 0.0033454273918002413,
    "std_mean_brier": 0.005251004722781148,
    "std_hybrid": 0.0031288528502296745
  }
}