{
  "trial_id": 88,
  "config": {
    "model_type": "gbsa",
    "model_params": {
      "loss": "coxph",
      "n_estimators": 262,
      "learning_rate": 0.1913812470477596,
      "subsample": 0.7517994172557689,
      "max_depth": 1,
      "max_features": "log2",
      "max_leaf_nodes": 16,
      "min_samples_split": 3,
      "min_samples_leaf": 9,
      "min_weight_fraction_leaf": 0.0,
      "min_impurity_decrease": 0.026665021132896087,
      "criterion": "friedman_mse",
      "ccp_alpha": 8.368277506483408e-07,
      "dropout_rate": 0.14257860149553125,
      "validation_fraction": 0.23512189696551816,
      "n_iter_no_change": null,
      "tol": 0.0025621614781281906,
      "random_state": 2023,
      "warm_start": false,
      "verbose": 0
    },
    "seed": 2023,
    "cv_n_splits": 5,
    "cv_n_repeats": 10,
    "preprocessing_config": {
      "eps": 1e-06,
      "min_speed": 0.01,
      "max_hours": 9999.0
    }
  },
  "result": {
    "c_index": 0.940969691950977,
    "mean_brier": 0.13287695296633165,
    "hybrid_score": 0.889277040508861,
    "std_c_index": 0.004180251253657169,
    "std_mean_brier": 0.006729850740662419,
    "std_hybrid": 0.005215649082680633
  }
}