{
  "trial_id": 50,
  "config": {
    "model_type": "gbsa",
    "model_params": {
      "loss": "coxph",
      "n_estimators": 351,
      "learning_rate": 0.01242455729019111,
      "subsample": 0.6081580977167029,
      "max_depth": 4,
      "max_features": 0.3,
      "max_leaf_nodes": 8,
      "min_samples_split": 10,
      "min_samples_leaf": 10,
      "min_weight_fraction_leaf": 0.0,
      "min_impurity_decrease": 0.04492805235735669,
      "criterion": "friedman_mse",
      "ccp_alpha": 6.921913703415791e-08,
      "dropout_rate": 0.06920243061742264,
      "validation_fraction": 0.2974289370206845,
      "n_iter_no_change": 5,
      "tol": 0.0010976997465302655,
      "random_state": 777,
      "warm_start": false,
      "verbose": 0
    },
    "seed": 777,
    "cv_n_splits": 5,
    "cv_n_repeats": 10,
    "preprocessing_config": {
      "eps": 1e-06,
      "min_speed": 0.01,
      "max_hours": 9999.0
    }
  },
  "result": {
    "c_index": 0.9364524677045377,
    "mean_brier": 0.20425882057178066,
    "hybrid_score": 0.8379545659111148,
    "std_c_index": 0.005041279026705678,
    "std_mean_brier": 0.016768783895687946,
    "std_hybrid": 0.011709965464174235
  }
}