{
  "trial_id": 195,
  "config": {
    "model_type": "gbsa",
    "model_params": {
      "loss": "coxph",
      "n_estimators": 258,
      "learning_rate": 0.09305368753194863,
      "subsample": 0.7836405314528532,
      "max_depth": 1,
      "max_features": 0.3,
      "max_leaf_nodes": 8,
      "min_samples_split": 7,
      "min_samples_leaf": 10,
      "min_weight_fraction_leaf": 0.0,
      "min_impurity_decrease": 0.01899175351498609,
      "criterion": "friedman_mse",
      "ccp_alpha": 1.1983689836308599e-05,
      "dropout_rate": 0.015343698013910218,
      "validation_fraction": 0.1187955031212568,
      "n_iter_no_change": null,
      "tol": 0.0003649647730221975,
      "random_state": 1024,
      "warm_start": false,
      "verbose": 0
    },
    "seed": 1024,
    "cv_n_splits": 5,
    "cv_n_repeats": 10,
    "preprocessing_config": {
      "eps": 1e-06,
      "min_speed": 0.01,
      "max_hours": 9999.0
    }
  },
  "result": {
    "c_index": 0.931160980457105,
    "mean_brier": 0.04148774817649674,
    "hybrid_score": 0.9503068704135836,
    "std_c_index": 0.005346728791303805,
    "std_mean_brier": 0.001582887496319341,
    "std_hybrid": 0.0017887793032957781
  }
}