{
  "trial_id": 76,
  "config": {
    "model_type": "gbsa",
    "model_params": {
      "loss": "coxph",
      "n_estimators": 348,
      "learning_rate": 0.059709491326332506,
      "subsample": 0.7329795471560281,
      "max_depth": 5,
      "max_features": null,
      "max_leaf_nodes": 16,
      "min_samples_split": 18,
      "min_samples_leaf": 17,
      "min_weight_fraction_leaf": 0.0,
      "min_impurity_decrease": 0.01510932768832473,
      "criterion": "friedman_mse",
      "ccp_alpha": 7.825098517442965e-06,
      "dropout_rate": 0.09022924123567479,
      "validation_fraction": 0.1759755065819248,
      "n_iter_no_change": 5,
      "tol": 0.003226903784455541,
      "random_state": 2023,
      "warm_start": false,
      "verbose": 0
    },
    "seed": 2023,
    "cv_n_splits": 5,
    "cv_n_repeats": 10,
    "preprocessing_config": {
      "eps": 1e-06,
      "min_speed": 0.01,
      "max_hours": 9999.0
    }
  },
  "result": {
    "c_index": 0.9328461411063266,
    "mean_brier": 0.15855688076724372,
    "hybrid_score": 0.8688640257948274,
    "std_c_index": 0.0068573413141733005,
    "std_mean_brier": 0.012203961694255677,
    "std_hybrid": 0.009161347325168595
  }
}