{
  "trial_id": 1,
  "config": {
    "seed": 42,
    "cv_n_splits": 5,
    "cv_n_repeats": 10,
    "gbsa_config": {
      "loss": "coxph",
      "n_estimators": 281,
      "learning_rate": 0.023076168040117313,
      "subsample": 0.5232252063599989,
      "max_depth": 4,
      "max_features": 0.3,
      "max_leaf_nodes": null,
      "min_samples_split": 19,
      "min_samples_leaf": 6,
      "min_weight_fraction_leaf": 0.0,
      "min_impurity_decrease": 0.0331261142176991,
      "criterion": "friedman_mse",
      "ccp_alpha": 1.5204688692198897e-06,
      "dropout_rate": 0.2600340105889054,
      "validation_fraction": 0.20934205586865592,
      "n_iter_no_change": 5,
      "tol": 0.004835952776465951,
      "random_state": 42,
      "warm_start": false,
      "verbose": 0
    },
    "preprocessing_config": {
      "eps": 1e-06,
      "min_speed": 0.01,
      "max_hours": 9999.0
    }
  },
  "result": {
    "c_index": 0.9403403444849289,
    "mean_brier": 0.21966366136270515,
    "hybrid_score": 0.8283375403915849,
    "std_c_index": 0.0020897923927523793,
    "std_mean_brier": 0.013564899322117236,
    "std_hybrid": 0.009421087761751702
  }
}