{
  "trial_id": 276,
  "config": {
    "model_type": "coxnet",
    "model_params": {
      "l1_ratio": 0.9432347183998802,
      "alpha_min_ratio": 0.05629326155581927,
      "n_alphas": 72,
      "max_iter": 19776,
      "tol": 2.5682189006324703e-05
    },
    "seed": 2023,
    "cv_n_splits": 5,
    "cv_n_repeats": 10,
    "preprocessing_config": {
      "eps": 1e-06,
      "min_speed": 0.01,
      "max_hours": 9999.0
    }
  },
  "result": {
    "c_index": 0.9359970188804241,
    "mean_brier": 0.025783929770960244,
    "hybrid_score": 0.9627503548244549,
    "std_c_index": 0.002803896839973021,
    "std_mean_brier": 0.0009006391223469215,
    "std_hybrid": 0.0012858425428545518
  }
}