{
  "trial_id": 177,
  "config": {
    "seed": 42,
    "cv_n_splits": 5,
    "cv_n_repeats": 10,
    "gbsa_config": {
      "loss": "coxph",
      "n_estimators": 474,
      "learning_rate": 0.07496276880906724,
      "subsample": 0.7474701113605543,
      "max_depth": 6,
      "max_features": null,
      "max_leaf_nodes": 63,
      "min_samples_split": 9,
      "min_samples_leaf": 9,
      "min_weight_fraction_leaf": 0.0,
      "min_impurity_decrease": 0.030973711455133942,
      "criterion": "friedman_mse",
      "ccp_alpha": 0.0007143645116877775,
      "dropout_rate": 0.039279138254871594,
      "validation_fraction": 0.23384399823578358,
      "n_iter_no_change": null,
      "tol": 1.844080269039405e-05,
      "random_state": 42,
      "warm_start": false,
      "verbose": 0
    },
    "preprocessing_config": {
      "eps": 1e-06,
      "min_speed": 0.01,
      "max_hours": 9999.0
    }
  },
  "result": {
    "c_index": 0.9434953627028818,
    "mean_brier": 0.08311853272847622,
    "hybrid_score": 0.9248656359009312,
    "std_c_index": 0.0021121986442732676,
    "std_mean_brier": 0.003787458347655073,
    "std_hybrid": 0.0027831175892442535
  }
}