{
  "trial_id": 169,
  "config": {
    "model_type": "gbsa",
    "model_params": {
      "loss": "coxph",
      "n_estimators": 442,
      "learning_rate": 0.1360215563673427,
      "subsample": 0.5296738796977046,
      "max_depth": 1,
      "max_features": "sqrt",
      "max_leaf_nodes": 63,
      "min_samples_split": 20,
      "min_samples_leaf": 18,
      "min_weight_fraction_leaf": 0.0,
      "min_impurity_decrease": 0.0135033682350576,
      "criterion": "friedman_mse",
      "ccp_alpha": 1.0645924598619709e-08,
      "dropout_rate": 0.06069649837259347,
      "validation_fraction": 0.16369614324963727,
      "n_iter_no_change": null,
      "tol": 5.140064153364837e-05,
      "random_state": 2023,
      "warm_start": false,
      "verbose": 0
    },
    "seed": 2023,
    "cv_n_splits": 5,
    "cv_n_repeats": 10,
    "preprocessing_config": {
      "eps": 1e-06,
      "min_speed": 0.01,
      "max_hours": 9999.0
    }
  },
  "result": {
    "c_index": 0.9369037760847962,
    "mean_brier": 0.08432312905871507,
    "hybrid_score": 0.9220449424843382,
    "std_c_index": 0.004706191390920705,
    "std_mean_brier": 0.0038911667625014384,
    "std_hybrid": 0.003918408607065291
  }
}