{
  "trial_id": 123,
  "config": {
    "model_type": "coxnet",
    "model_params": {
      "l1_ratio": 0.8055627042500133,
      "alpha_min_ratio": 0.08897452163080088,
      "n_alphas": 120,
      "max_iter": 10363,
      "tol": 1.9258991042002238e-05
    },
    "seed": 777,
    "cv_n_splits": 5,
    "cv_n_repeats": 10,
    "preprocessing_config": {
      "eps": 1e-06,
      "min_speed": 0.01,
      "max_hours": 9999.0
    }
  },
  "result": {
    "c_index": 0.9363945014905596,
    "mean_brier": 0.026840719014544046,
    "hybrid_score": 0.9621298471369869,
    "std_c_index": 0.0025735981193662862,
    "std_mean_brier": 0.0005615747553162103,
    "std_hybrid": 0.00098701121086251
  }
}