{
  "trial_id": 258,
  "config": {
    "model_type": "gbsa",
    "model_params": {
      "loss": "coxph",
      "n_estimators": 285,
      "learning_rate": 0.1777217753153933,
      "subsample": 0.9980785624263486,
      "max_depth": 5,
      "max_features": 1.0,
      "max_leaf_nodes": 16,
      "min_samples_split": 16,
      "min_samples_leaf": 2,
      "min_weight_fraction_leaf": 0.0,
      "min_impurity_decrease": 0.02134732923142501,
      "criterion": "friedman_mse",
      "ccp_alpha": 6.127315459991742e-08,
      "dropout_rate": 0.14333988232723513,
      "validation_fraction": 0.170300434913545,
      "n_iter_no_change": null,
      "tol": 0.0008397677412508991,
      "random_state": 1024,
      "warm_start": false,
      "verbose": 0
    },
    "seed": 1024,
    "cv_n_splits": 5,
    "cv_n_repeats": 10,
    "preprocessing_config": {
      "eps": 1e-06,
      "min_speed": 0.01,
      "max_hours": 9999.0
    }
  },
  "result": {
    "c_index": 0.9342042066909574,
    "mean_brier": 0.10577864527203389,
    "hybrid_score": 0.9062162103168634,
    "std_c_index": 0.004836295421780916,
    "std_mean_brier": 0.008849456315963443,
    "std_hybrid": 0.006170153855527703
  }
}