{
  "trial_id": 159,
  "config": {
    "model_type": "coxnet",
    "model_params": {
      "l1_ratio": 0.19098363530977924,
      "alpha_min_ratio": 0.0002767822242067895,
      "n_alphas": 193,
      "max_iter": 12116,
      "tol": 1.3658993004386259e-08
    },
    "seed": 1024,
    "cv_n_splits": 5,
    "cv_n_repeats": 10,
    "preprocessing_config": {
      "eps": 1e-06,
      "min_speed": 0.01,
      "max_hours": 9999.0
    }
  },
  "result": {
    "c_index": 0.920321298443193,
    "mean_brier": 0.039607075509730694,
    "hybrid_score": 0.9483714366761464,
    "std_c_index": 0.014496038675617367,
    "std_mean_brier": 0.005163460969724403,
    "std_hybrid": 0.007122183549816286
  }
}