{
  "trial_id": 216,
  "config": {
    "seed": 42,
    "cv_n_splits": 5,
    "cv_n_repeats": 10,
    "gbsa_config": {
      "loss": "coxph",
      "n_estimators": 455,
      "learning_rate": 0.1304559185331311,
      "subsample": 0.7056158866869363,
      "max_depth": 5,
      "max_features": "sqrt",
      "max_leaf_nodes": 31,
      "min_samples_split": 2,
      "min_samples_leaf": 16,
      "min_weight_fraction_leaf": 0.0,
      "min_impurity_decrease": 0.04306828576378448,
      "criterion": "friedman_mse",
      "ccp_alpha": 0.0037456255748468457,
      "dropout_rate": 0.014828975223619078,
      "validation_fraction": 0.20796439343394676,
      "n_iter_no_change": null,
      "tol": 2.5328288355357948e-05,
      "random_state": 42,
      "warm_start": false,
      "verbose": 0
    },
    "preprocessing_config": {
      "eps": 1e-06,
      "min_speed": 0.01,
      "max_hours": 9999.0
    }
  },
  "result": {
    "c_index": 0.9448906922822127,
    "mean_brier": 0.034035960121673946,
    "hybrid_score": 0.9596420355994919,
    "std_c_index": 0.0011160781266739042,
    "std_mean_brier": 0.001161618397069907,
    "std_hybrid": 0.0009835497298698456
  }
}