{
  "trial_id": 246,
  "config": {
    "model_type": "coxnet",
    "model_params": {
      "l1_ratio": 0.9603595621644669,
      "alpha_min_ratio": 0.05231306771672114,
      "n_alphas": 54,
      "max_iter": 14729,
      "tol": 1.5071174011732295e-06
    },
    "seed": 777,
    "cv_n_splits": 5,
    "cv_n_repeats": 10,
    "preprocessing_config": {
      "eps": 1e-06,
      "min_speed": 0.01,
      "max_hours": 9999.0
    }
  },
  "result": {
    "c_index": 0.9359142100033123,
    "mean_brier": 0.02533204603642137,
    "hybrid_score": 0.9630418307754989,
    "std_c_index": 0.0037431902452906693,
    "std_mean_brier": 0.0006522580928161902,
    "std_hybrid": 0.0013791136757001928
  }
}