{
  "trial_id": 30,
  "config": {
    "model_type": "gbsa",
    "model_params": {
      "loss": "coxph",
      "n_estimators": 121,
      "learning_rate": 0.0966761615638417,
      "subsample": 0.5128154221221899,
      "max_depth": 4,
      "max_features": 0.5,
      "max_leaf_nodes": 16,
      "min_samples_split": 8,
      "min_samples_leaf": 8,
      "min_weight_fraction_leaf": 0.0,
      "min_impurity_decrease": 0.02354411949826412,
      "criterion": "friedman_mse",
      "ccp_alpha": 4.402392815572875e-07,
      "dropout_rate": 0.03194227027198868,
      "validation_fraction": 0.29856522187415174,
      "n_iter_no_change": 5,
      "tol": 1.0418483060032095e-05,
      "random_state": 777,
      "warm_start": false,
      "verbose": 0
    },
    "seed": 777,
    "cv_n_splits": 5,
    "cv_n_repeats": 10,
    "preprocessing_config": {
      "eps": 1e-06,
      "min_speed": 0.01,
      "max_hours": 9999.0
    }
  },
  "result": {
    "c_index": 0.9364566081483936,
    "mean_brier": 0.07357167873647771,
    "hybrid_score": 0.9294368073289837,
    "std_c_index": 0.006086510208314341,
    "std_mean_brier": 0.005182132305988297,
    "std_hybrid": 0.004194506024896843
  }
}