{
  "trial_id": 225,
  "config": {
    "model_type": "coxnet",
    "model_params": {
      "l1_ratio": 0.7946637501069447,
      "alpha_min_ratio": 0.08958197445697447,
      "n_alphas": 180,
      "max_iter": 1938,
      "tol": 1.862897444198841e-05
    },
    "seed": 42,
    "cv_n_splits": 5,
    "cv_n_repeats": 10,
    "preprocessing_config": {
      "eps": 1e-06,
      "min_speed": 0.01,
      "max_hours": 9999.0
    }
  },
  "result": {
    "c_index": 0.9390775091089765,
    "mean_brier": 0.026632107423979735,
    "hybrid_score": 0.9630807775359072,
    "std_c_index": 0.002261167619815535,
    "std_mean_brier": 0.0008120832559691435,
    "std_hybrid": 0.0010573978762373987
  }
}