{
  "trial_id": 179,
  "config": {
    "model_type": "gbsa",
    "model_params": {
      "loss": "coxph",
      "n_estimators": 425,
      "learning_rate": 0.1184102798078871,
      "subsample": 0.8285116013767222,
      "max_depth": 4,
      "max_features": 0.3,
      "max_leaf_nodes": null,
      "min_samples_split": 4,
      "min_samples_leaf": 10,
      "min_weight_fraction_leaf": 0.0,
      "min_impurity_decrease": 0.03463911392121088,
      "criterion": "friedman_mse",
      "ccp_alpha": 0.00014159236900228363,
      "dropout_rate": 0.013272912373973577,
      "validation_fraction": 0.1232442092687383,
      "n_iter_no_change": null,
      "tol": 0.001147977581251815,
      "random_state": 42,
      "warm_start": false,
      "verbose": 0
    },
    "seed": 42,
    "cv_n_splits": 5,
    "cv_n_repeats": 10,
    "preprocessing_config": {
      "eps": 1e-06,
      "min_speed": 0.01,
      "max_hours": 9999.0
    }
  },
  "result": {
    "c_index": 0.9427790659158661,
    "mean_brier": 0.033294121494286816,
    "hybrid_score": 0.9595278347287589,
    "std_c_index": 0.0017370136604341706,
    "std_mean_brier": 0.0015288974323242205,
    "std_hybrid": 0.001239693190083637
  }
}