{
  "trial_id": 133,
  "config": {
    "model_type": "coxnet",
    "model_params": {
      "l1_ratio": 0.976006108266086,
      "alpha_min_ratio": 0.06934320717265402,
      "n_alphas": 142,
      "max_iter": 13058,
      "tol": 1.0360982671035109e-05
    },
    "seed": 777,
    "cv_n_splits": 5,
    "cv_n_repeats": 10,
    "preprocessing_config": {
      "eps": 1e-06,
      "min_speed": 0.01,
      "max_hours": 9999.0
    }
  },
  "result": {
    "c_index": 0.9364110632659821,
    "mean_brier": 0.02541671699167313,
    "hybrid_score": 0.9631316170856234,
    "std_c_index": 0.0036425459220867772,
    "std_mean_brier": 0.0005097701484681851,
    "std_hybrid": 0.0013402868157645226
  }
}