{
  "trial_id": 18,
  "config": {
    "model_type": "coxnet",
    "model_params": {
      "l1_ratio": 0.49538215939751384,
      "alpha_min_ratio": 0.05436795753351204,
      "n_alphas": 140,
      "max_iter": 3200,
      "tol": 4.416843460809419e-05
    },
    "seed": 777,
    "cv_n_splits": 5,
    "cv_n_repeats": 10,
    "preprocessing_config": {
      "eps": 1e-06,
      "min_speed": 0.01,
      "max_hours": 9999.0
    }
  },
  "result": {
    "c_index": 0.935798277575356,
    "mean_brier": 0.027712452557370103,
    "hybrid_score": 0.9613407664824477,
    "std_c_index": 0.0030441809211577235,
    "std_mean_brier": 0.00047176500040786327,
    "std_hybrid": 0.0010128589659036847
  }
}