{
  "trial_id": 252,
  "config": {
    "model_type": "coxnet",
    "model_params": {
      "l1_ratio": 0.5501064677796954,
      "alpha_min_ratio": 0.05486823196825807,
      "n_alphas": 174,
      "max_iter": 18534,
      "tol": 3.928736040884248e-08
    },
    "seed": 2023,
    "cv_n_splits": 5,
    "cv_n_repeats": 10,
    "preprocessing_config": {
      "eps": 1e-06,
      "min_speed": 0.01,
      "max_hours": 9999.0
    }
  },
  "result": {
    "c_index": 0.9356657833719775,
    "mean_brier": 0.02724009527290604,
    "hybrid_score": 0.9616316683205589,
    "std_c_index": 0.0029259670405383203,
    "std_mean_brier": 0.0008803499339419433,
    "std_hybrid": 0.0011805042468163755
  }
}