{
  "trial_id": 209,
  "config": {
    "model_type": "coxnet",
    "model_params": {
      "l1_ratio": 0.9853403685780127,
      "alpha_min_ratio": 0.046525684469498715,
      "n_alphas": 128,
      "max_iter": 9339,
      "tol": 1.3670791722625117e-05
    },
    "seed": 777,
    "cv_n_splits": 5,
    "cv_n_repeats": 10,
    "preprocessing_config": {
      "eps": 1e-06,
      "min_speed": 0.01,
      "max_hours": 9999.0
    }
  },
  "result": {
    "c_index": 0.935334547863531,
    "mean_brier": 0.02550697166862863,
    "hybrid_score": 0.9627454841910191,
    "std_c_index": 0.003286051990798312,
    "std_mean_brier": 0.000750423834792495,
    "std_hybrid": 0.0012575812306412299
  }
}