{
  "trial_id": 201,
  "config": {
    "model_type": "coxnet",
    "model_params": {
      "l1_ratio": 0.9162863286102861,
      "alpha_min_ratio": 0.04422308428526048,
      "n_alphas": 207,
      "max_iter": 16041,
      "tol": 5.679364117384238e-05
    },
    "seed": 42,
    "cv_n_splits": 5,
    "cv_n_repeats": 10,
    "preprocessing_config": {
      "eps": 1e-06,
      "min_speed": 0.01,
      "max_hours": 9999.0
    }
  },
  "result": {
    "c_index": 0.9376449155349453,
    "mean_brier": 0.025957511996117448,
    "hybrid_score": 0.9631232162632013,
    "std_c_index": 0.004403065658749879,
    "std_mean_brier": 0.0025882341038359125,
    "std_hybrid": 0.0029856000318656006
  }
}