{
  "trial_id": 31,
  "config": {
    "model_type": "gbsa",
    "model_params": {
      "loss": "coxph",
      "n_estimators": 158,
      "learning_rate": 0.12139095314861419,
      "subsample": 0.5374143968035763,
      "max_depth": 5,
      "max_features": 0.5,
      "max_leaf_nodes": null,
      "min_samples_split": 9,
      "min_samples_leaf": 8,
      "min_weight_fraction_leaf": 0.0,
      "min_impurity_decrease": 0.01913285134170776,
      "criterion": "friedman_mse",
      "ccp_alpha": 3.5065802947080536e-08,
      "dropout_rate": 0.07726477622208258,
      "validation_fraction": 0.29919854101383436,
      "n_iter_no_change": 5,
      "tol": 4.17385148578192e-05,
      "random_state": 777,
      "warm_start": false,
      "verbose": 0
    },
    "seed": 777,
    "cv_n_splits": 5,
    "cv_n_repeats": 10,
    "preprocessing_config": {
      "eps": 1e-06,
      "min_speed": 0.01,
      "max_hours": 9999.0
    }
  },
  "result": {
    "c_index": 0.9377691288506128,
    "mean_brier": 0.09113360277052134,
    "hybrid_score": 0.9175372167158189,
    "std_c_index": 0.006157300818774447,
    "std_mean_brier": 0.007556916011810098,
    "std_hybrid": 0.0055134040102886575
  }
}