{
  "trial_id": 207,
  "config": {
    "model_type": "gbsa",
    "model_params": {
      "loss": "coxph",
      "n_estimators": 335,
      "learning_rate": 0.02246206600464857,
      "subsample": 0.5556900611561473,
      "max_depth": 1,
      "max_features": 1.0,
      "max_leaf_nodes": 31,
      "min_samples_split": 7,
      "min_samples_leaf": 18,
      "min_weight_fraction_leaf": 0.0,
      "min_impurity_decrease": 0.00350111126478695,
      "criterion": "friedman_mse",
      "ccp_alpha": 7.472252405581373e-08,
      "dropout_rate": 0.038743435711755723,
      "validation_fraction": 0.18431713602232558,
      "n_iter_no_change": null,
      "tol": 0.000409031516570694,
      "random_state": 2023,
      "warm_start": false,
      "verbose": 0
    },
    "seed": 2023,
    "cv_n_splits": 5,
    "cv_n_repeats": 10,
    "preprocessing_config": {
      "eps": 1e-06,
      "min_speed": 0.01,
      "max_hours": 9999.0
    }
  },
  "result": {
    "c_index": 0.9019501490559788,
    "mean_brier": 0.1658160127216767,
    "hybrid_score": 0.85451383581162,
    "std_c_index": 0.006233051464045659,
    "std_mean_brier": 0.007762455526114061,
    "std_hybrid": 0.004586571635328587
  }
}