{
  "trial_id": 52,
  "config": {
    "model_type": "gbsa",
    "model_params": {
      "loss": "coxph",
      "n_estimators": 432,
      "learning_rate": 0.1843694904667332,
      "subsample": 0.5891752431313425,
      "max_depth": 4,
      "max_features": 0.3,
      "max_leaf_nodes": 8,
      "min_samples_split": 4,
      "min_samples_leaf": 5,
      "min_weight_fraction_leaf": 0.0,
      "min_impurity_decrease": 0.022982601482348364,
      "criterion": "friedman_mse",
      "ccp_alpha": 4.710522080632819e-05,
      "dropout_rate": 0.033249125906633537,
      "validation_fraction": 0.24929340448479803,
      "n_iter_no_change": 5,
      "tol": 0.0001331143108844626,
      "random_state": 777,
      "warm_start": false,
      "verbose": 0
    },
    "seed": 777,
    "cv_n_splits": 5,
    "cv_n_repeats": 10,
    "preprocessing_config": {
      "eps": 1e-06,
      "min_speed": 0.01,
      "max_hours": 9999.0
    }
  },
  "result": {
    "c_index": 0.9372350115932427,
    "mean_brier": 0.05821908820901548,
    "hybrid_score": 0.9404171417316618,
    "std_c_index": 0.002394197115085015,
    "std_mean_brier": 0.0069193989359008405,
    "std_hybrid": 0.004492831536908117
  }
}