{
  "trial_id": 271,
  "config": {
    "model_type": "gbsa",
    "model_params": {
      "loss": "coxph",
      "n_estimators": 398,
      "learning_rate": 0.07001329971890165,
      "subsample": 0.7028463581929378,
      "max_depth": 5,
      "max_features": 1.0,
      "max_leaf_nodes": 16,
      "min_samples_split": 11,
      "min_samples_leaf": 12,
      "min_weight_fraction_leaf": 0.0,
      "min_impurity_decrease": 0.016267308394146182,
      "criterion": "friedman_mse",
      "ccp_alpha": 1.149595023854312e-05,
      "dropout_rate": 0.019749873849029542,
      "validation_fraction": 0.22392121101489035,
      "n_iter_no_change": null,
      "tol": 0.00015409490837963574,
      "random_state": 2023,
      "warm_start": false,
      "verbose": 0
    },
    "seed": 2023,
    "cv_n_splits": 5,
    "cv_n_repeats": 10,
    "preprocessing_config": {
      "eps": 1e-06,
      "min_speed": 0.01,
      "max_hours": 9999.0
    }
  },
  "result": {
    "c_index": 0.9402865187148063,
    "mean_brier": 0.054215872691529034,
    "hybrid_score": 0.9441348447303716,
    "std_c_index": 0.0026077434462233083,
    "std_mean_brier": 0.0032927809899600245,
    "std_hybrid": 0.0027538588088043547
  }
}