{
  "trial_id": 184,
  "config": {
    "model_type": "gbsa",
    "model_params": {
      "loss": "coxph",
      "n_estimators": 489,
      "learning_rate": 0.1031444534076645,
      "subsample": 0.6206655257188921,
      "max_depth": 3,
      "max_features": "log2",
      "max_leaf_nodes": null,
      "min_samples_split": 19,
      "min_samples_leaf": 1,
      "min_weight_fraction_leaf": 0.0,
      "min_impurity_decrease": 0.03960637857032408,
      "criterion": "friedman_mse",
      "ccp_alpha": 0.0013575208353755744,
      "dropout_rate": 0.05994437961255499,
      "validation_fraction": 0.22670171612314172,
      "n_iter_no_change": null,
      "tol": 4.257608509314344e-05,
      "random_state": 777,
      "warm_start": false,
      "verbose": 0
    },
    "seed": 777,
    "cv_n_splits": 5,
    "cv_n_repeats": 10,
    "preprocessing_config": {
      "eps": 1e-06,
      "min_speed": 0.01,
      "max_hours": 9999.0
    }
  },
  "result": {
    "c_index": 0.9395660814839351,
    "mean_brier": 0.09128467693921546,
    "hybrid_score": 0.9179705505877296,
    "std_c_index": 0.00208006932544831,
    "std_mean_brier": 0.006395200083508708,
    "std_hybrid": 0.004443293348692957
  }
}