{
  "trial_id": 249,
  "config": {
    "model_type": "coxnet",
    "model_params": {
      "l1_ratio": 0.8028424225008939,
      "alpha_min_ratio": 0.015165898939850707,
      "n_alphas": 192,
      "max_iter": 222,
      "tol": 6.49710270665288e-05
    },
    "seed": 42,
    "cv_n_splits": 5,
    "cv_n_repeats": 10,
    "preprocessing_config": {
      "eps": 1e-06,
      "min_speed": 0.01,
      "max_hours": 9999.0
    }
  },
  "result": {
    "c_index": 0.9284200066247102,
    "mean_brier": 0.029090141364255882,
    "hybrid_score": 0.9581629030324338,
    "std_c_index": 0.008736882036441079,
    "std_mean_brier": 0.0029577369732138774,
    "std_hybrid": 0.0045993857260507994
  }
}