{
  "trial_id": 74,
  "config": {
    "model_type": "gbsa",
    "model_params": {
      "loss": "coxph",
      "n_estimators": 384,
      "learning_rate": 0.12643696182861278,
      "subsample": 0.6979953738698925,
      "max_depth": 5,
      "max_features": 0.3,
      "max_leaf_nodes": 31,
      "min_samples_split": 12,
      "min_samples_leaf": 11,
      "min_weight_fraction_leaf": 0.0,
      "min_impurity_decrease": 0.04203078923750199,
      "criterion": "friedman_mse",
      "ccp_alpha": 0.014763789807122727,
      "dropout_rate": 0.1257721047435553,
      "validation_fraction": 0.24280149269173315,
      "n_iter_no_change": null,
      "tol": 3.546708394182483e-05,
      "random_state": 42,
      "warm_start": false,
      "verbose": 0
    },
    "seed": 42,
    "cv_n_splits": 5,
    "cv_n_repeats": 10,
    "preprocessing_config": {
      "eps": 1e-06,
      "min_speed": 0.01,
      "max_hours": 9999.0
    }
  },
  "result": {
    "c_index": 0.9083305730374296,
    "mean_brier": 0.12610171419644772,
    "hybrid_score": 0.8842279719737155,
    "std_c_index": 0.007520737596693396,
    "std_mean_brier": 0.0049532612364997656,
    "std_hybrid": 0.00366622026378847
  }
}