{
  "trial_id": 61,
  "config": {
    "model_type": "coxnet",
    "model_params": {
      "l1_ratio": 0.9072568647500824,
      "alpha_min_ratio": 0.06040646634745978,
      "n_alphas": 186,
      "max_iter": 14367,
      "tol": 7.452405097085149e-06
    },
    "seed": 1024,
    "cv_n_splits": 5,
    "cv_n_repeats": 10,
    "preprocessing_config": {
      "eps": 1e-06,
      "min_speed": 0.01,
      "max_hours": 9999.0
    }
  },
  "result": {
    "c_index": 0.9365187148062273,
    "mean_brier": 0.02584731574319974,
    "hybrid_score": 0.9628624934216281,
    "std_c_index": 0.0032091404835826393,
    "std_mean_brier": 0.000848394410045991,
    "std_hybrid": 0.0014293157837299974
  }
}