{
  "trial_id": 198,
  "config": {
    "seed": 42,
    "cv_n_splits": 5,
    "cv_n_repeats": 10,
    "gbsa_config": {
      "loss": "coxph",
      "n_estimators": 384,
      "learning_rate": 0.04337889325867935,
      "subsample": 0.7112366316843346,
      "max_depth": 5,
      "max_features": null,
      "max_leaf_nodes": null,
      "min_samples_split": 6,
      "min_samples_leaf": 9,
      "min_weight_fraction_leaf": 0.0,
      "min_impurity_decrease": 0.0429469256000405,
      "criterion": "friedman_mse",
      "ccp_alpha": 5.1625556971332514e-05,
      "dropout_rate": 0.004657708365987079,
      "validation_fraction": 0.139063322491464,
      "n_iter_no_change": null,
      "tol": 0.0009044669068820979,
      "random_state": 42,
      "warm_start": false,
      "verbose": 0
    },
    "preprocessing_config": {
      "eps": 1e-06,
      "min_speed": 0.01,
      "max_hours": 9999.0
    }
  },
  "result": {
    "c_index": 0.9433090427293805,
    "mean_brier": 0.040544806004734965,
    "hybrid_score": 0.9546113486154996,
    "std_c_index": 0.0017516377604661522,
    "std_mean_brier": 0.0018242982117346843,
    "std_hybrid": 0.001597499973508901
  }
}