{
  "trial_id": 262,
  "config": {
    "model_type": "gbsa",
    "model_params": {
      "loss": "coxph",
      "n_estimators": 294,
      "learning_rate": 0.13876527632863506,
      "subsample": 0.6415673016171349,
      "max_depth": 5,
      "max_features": null,
      "max_leaf_nodes": 8,
      "min_samples_split": 9,
      "min_samples_leaf": 12,
      "min_weight_fraction_leaf": 0.0,
      "min_impurity_decrease": 0.03512310713415398,
      "criterion": "friedman_mse",
      "ccp_alpha": 4.333048905820642e-06,
      "dropout_rate": 0.017031428067019787,
      "validation_fraction": 0.22415642431957322,
      "n_iter_no_change": null,
      "tol": 9.655830599892868e-05,
      "random_state": 2023,
      "warm_start": false,
      "verbose": 0
    },
    "seed": 2023,
    "cv_n_splits": 5,
    "cv_n_repeats": 10,
    "preprocessing_config": {
      "eps": 1e-06,
      "min_speed": 0.01,
      "max_hours": 9999.0
    }
  },
  "result": {
    "c_index": 0.9400463729711823,
    "mean_brier": 0.037380432092616406,
    "hybrid_score": 0.9558476094265232,
    "std_c_index": 0.002202778392602962,
    "std_mean_brier": 0.003349042252095326,
    "std_hybrid": 0.0027828938624150624
  }
}