{
  "trial_id": 74,
  "config": {
    "model_type": "coxnet",
    "model_params": {
      "l1_ratio": 0.38562539830601794,
      "alpha_min_ratio": 0.0008768966094962186,
      "n_alphas": 270,
      "max_iter": 1608,
      "tol": 9.843155468624226e-05
    },
    "seed": 42,
    "cv_n_splits": 5,
    "cv_n_repeats": 10,
    "preprocessing_config": {
      "eps": 1e-06,
      "min_speed": 0.01,
      "max_hours": 9999.0
    }
  },
  "result": {
    "c_index": 0.9268217952964557,
    "mean_brier": 0.03746848413025071,
    "hybrid_score": 0.9518185996977613,
    "std_c_index": 0.013004846122045754,
    "std_mean_brier": 0.0058055614516153604,
    "std_hybrid": 0.006626922099474371
  }
}