{
  "trial_id": 288,
  "config": {
    "model_type": "coxnet",
    "model_params": {
      "l1_ratio": 0.9628417518114599,
      "alpha_min_ratio": 0.0012812818310504893,
      "n_alphas": 78,
      "max_iter": 7823,
      "tol": 2.363513637983432e-08
    },
    "seed": 1024,
    "cv_n_splits": 5,
    "cv_n_repeats": 10,
    "preprocessing_config": {
      "eps": 1e-06,
      "min_speed": 0.01,
      "max_hours": 9999.0
    }
  },
  "result": {
    "c_index": 0.9241884730043062,
    "mean_brier": 0.034984050049347036,
    "hybrid_score": 0.9527677068667488,
    "std_c_index": 0.010603886078527192,
    "std_mean_brier": 0.004024780206207967,
    "std_hybrid": 0.005485485715717884
  }
}