{
  "trial_id": 75,
  "config": {
    "model_type": "coxnet",
    "model_params": {
      "l1_ratio": 0.9874695674246687,
      "alpha_min_ratio": 0.04363290524742689,
      "n_alphas": 187,
      "max_iter": 15337,
      "tol": 2.0443459150306067e-05
    },
    "seed": 1024,
    "cv_n_splits": 5,
    "cv_n_repeats": 10,
    "preprocessing_config": {
      "eps": 1e-06,
      "min_speed": 0.01,
      "max_hours": 9999.0
    }
  },
  "result": {
    "c_index": 0.9353842331897979,
    "mean_brier": 0.025920083537279825,
    "hybrid_score": 0.9624712114808434,
    "std_c_index": 0.0030672949107295555,
    "std_mean_brier": 0.0010362105803003638,
    "std_hybrid": 0.001352366369909717
  }
}