{
  "trial_id": 196,
  "config": {
    "model_type": "gbsa",
    "model_params": {
      "loss": "coxph",
      "n_estimators": 65,
      "learning_rate": 0.1206471826607874,
      "subsample": 0.6375647255991114,
      "max_depth": 5,
      "max_features": 0.3,
      "max_leaf_nodes": 31,
      "min_samples_split": 2,
      "min_samples_leaf": 5,
      "min_weight_fraction_leaf": 0.0,
      "min_impurity_decrease": 0.021103056993713582,
      "criterion": "friedman_mse",
      "ccp_alpha": 0.0012329384861560785,
      "dropout_rate": 0.08693536269647985,
      "validation_fraction": 0.2926086842158182,
      "n_iter_no_change": 5,
      "tol": 0.0006574221846070752,
      "random_state": 42,
      "warm_start": false,
      "verbose": 0
    },
    "seed": 42,
    "cv_n_splits": 5,
    "cv_n_repeats": 10,
    "preprocessing_config": {
      "eps": 1e-06,
      "min_speed": 0.01,
      "max_hours": 9999.0
    }
  },
  "result": {
    "c_index": 0.9410359390526664,
    "mean_brier": 0.10176238002625781,
    "hybrid_score": 0.9110771156974193,
    "std_c_index": 0.0029391581658429282,
    "std_mean_brier": 0.006134086727817815,
    "std_hybrid": 0.004715290448831569
  }
}