{
  "trial_id": 4,
  "config": {
    "model_type": "gbsa",
    "model_params": {
      "loss": "coxph",
      "n_estimators": 129,
      "learning_rate": 0.04540788377582864,
      "subsample": 0.6839379501157212,
      "max_depth": 4,
      "max_features": "log2",
      "max_leaf_nodes": 8,
      "min_samples_split": 2,
      "min_samples_leaf": 16,
      "min_weight_fraction_leaf": 0.0,
      "min_impurity_decrease": 0.040423737071941454,
      "criterion": "friedman_mse",
      "ccp_alpha": 0.0041821644626507705,
      "dropout_rate": 0.057381474968784096,
      "validation_fraction": 0.2776179711053759,
      "n_iter_no_change": 10,
      "tol": 1.717339105388371e-05,
      "random_state": 777,
      "warm_start": false,
      "verbose": 0
    },
    "seed": 777,
    "cv_n_splits": 5,
    "cv_n_repeats": 10,
    "preprocessing_config": {
      "eps": 1e-06,
      "min_speed": 0.01,
      "max_hours": 9999.0
    }
  },
  "result": {
    "c_index": 0.9301714143756211,
    "mean_brier": 0.1552841159911532,
    "hybrid_score": 0.870352543118879,
    "std_c_index": 0.0056431758747248735,
    "std_mean_brier": 0.01174445148865372,
    "std_hybrid": 0.00853027409988364
  }
}