{
  "trial_id": 42,
  "config": {
    "model_type": "coxnet",
    "model_params": {
      "l1_ratio": 0.8469804596360302,
      "alpha_min_ratio": 0.08136148277044121,
      "n_alphas": 135,
      "max_iter": 13997,
      "tol": 1.5766416149509144e-06
    },
    "seed": 42,
    "cv_n_splits": 5,
    "cv_n_repeats": 10,
    "preprocessing_config": {
      "eps": 1e-06,
      "min_speed": 0.01,
      "max_hours": 9999.0
    }
  },
  "result": {
    "c_index": 0.9394915534945346,
    "mean_brier": 0.025816446363625473,
    "hybrid_score": 0.9637759535938224,
    "std_c_index": 0.0022632894731081394,
    "std_mean_brier": 0.0008104010008261504,
    "std_hybrid": 0.0010934159654879755
  }
}