{
  "trial_id": 75,
  "config": {
    "model_type": "coxnet",
    "model_params": {
      "l1_ratio": 0.7793580192110536,
      "alpha_min_ratio": 0.07966299749170641,
      "n_alphas": 220,
      "max_iter": 18128,
      "tol": 1.0411086536413143e-07
    },
    "seed": 2023,
    "cv_n_splits": 5,
    "cv_n_repeats": 10,
    "preprocessing_config": {
      "eps": 1e-06,
      "min_speed": 0.01,
      "max_hours": 9999.0
    }
  },
  "result": {
    "c_index": 0.9370486916197416,
    "mean_brier": 0.026459892899297167,
    "hybrid_score": 0.9625926824564145,
    "std_c_index": 0.002426116386715487,
    "std_mean_brier": 0.0007488212344444871,
    "std_hybrid": 0.0010927965456986823
  }
}