{
  "trial_id": 12,
  "config": {
    "model_type": "gbsa",
    "model_params": {
      "loss": "coxph",
      "n_estimators": 214,
      "learning_rate": 0.17541770709011797,
      "subsample": 0.7755318559428259,
      "max_depth": 5,
      "max_features": 0.7,
      "max_leaf_nodes": 16,
      "min_samples_split": 16,
      "min_samples_leaf": 10,
      "min_weight_fraction_leaf": 0.0,
      "min_impurity_decrease": 0.02958392993519818,
      "criterion": "friedman_mse",
      "ccp_alpha": 5.8222449139838043e-08,
      "dropout_rate": 0.4083228987599184,
      "validation_fraction": 0.10181035967842711,
      "n_iter_no_change": null,
      "tol": 1.4253416635064743e-05,
      "random_state": 1024,
      "warm_start": false,
      "verbose": 0
    },
    "seed": 1024,
    "cv_n_splits": 5,
    "cv_n_repeats": 10,
    "preprocessing_config": {
      "eps": 1e-06,
      "min_speed": 0.01,
      "max_hours": 9999.0
    }
  },
  "result": {
    "c_index": 0.9420048029148725,
    "mean_brier": 0.17221131061982864,
    "hybrid_score": 0.8620535234405816,
    "std_c_index": 0.002968386395480981,
    "std_mean_brier": 0.010816485021616473,
    "std_hybrid": 0.007766403023717449
  }
}