{
  "trial_id": 169,
  "config": {
    "model_type": "gbsa",
    "model_params": {
      "loss": "coxph",
      "n_estimators": 370,
      "learning_rate": 0.15872069609034714,
      "subsample": 0.9596085287741583,
      "max_depth": 5,
      "max_features": 0.5,
      "max_leaf_nodes": 16,
      "min_samples_split": 11,
      "min_samples_leaf": 2,
      "min_weight_fraction_leaf": 0.0,
      "min_impurity_decrease": 0.04392780292188252,
      "criterion": "friedman_mse",
      "ccp_alpha": 0.0001353210972889764,
      "dropout_rate": 0.03319574860875449,
      "validation_fraction": 0.15879527130610158,
      "n_iter_no_change": null,
      "tol": 5.538021656725476e-05,
      "random_state": 777,
      "warm_start": false,
      "verbose": 0
    },
    "seed": 777,
    "cv_n_splits": 5,
    "cv_n_repeats": 10,
    "preprocessing_config": {
      "eps": 1e-06,
      "min_speed": 0.01,
      "max_hours": 9999.0
    }
  },
  "result": {
    "c_index": 0.9363945014905598,
    "mean_brier": 0.04858081396234685,
    "hybrid_score": 0.946911780673525,
    "std_c_index": 0.003263016528214762,
    "std_mean_brier": 0.007279867599242449,
    "std_hybrid": 0.005163131660673034
  }
}