{
  "trial_id": 219,
  "config": {
    "model_type": "gbsa",
    "model_params": {
      "loss": "coxph",
      "n_estimators": 188,
      "learning_rate": 0.12028805430989153,
      "subsample": 0.7375956440862543,
      "max_depth": 6,
      "max_features": "sqrt",
      "max_leaf_nodes": 8,
      "min_samples_split": 9,
      "min_samples_leaf": 20,
      "min_weight_fraction_leaf": 0.0,
      "min_impurity_decrease": 0.049570642997561976,
      "criterion": "friedman_mse",
      "ccp_alpha": 1.8503293102960748e-05,
      "dropout_rate": 0.046918705102791725,
      "validation_fraction": 0.28601890654132445,
      "n_iter_no_change": null,
      "tol": 7.668462774774761e-05,
      "random_state": 777,
      "warm_start": false,
      "verbose": 0
    },
    "seed": 777,
    "cv_n_splits": 5,
    "cv_n_repeats": 10,
    "preprocessing_config": {
      "eps": 1e-06,
      "min_speed": 0.01,
      "max_hours": 9999.0
    }
  },
  "result": {
    "c_index": 0.9392845313017556,
    "mean_brier": 0.06683850790107641,
    "hybrid_score": 0.9349984038597732,
    "std_c_index": 0.003920246059568599,
    "std_mean_brier": 0.0035876849723117674,
    "std_hybrid": 0.002467361446273041
  }
}