{
  "trial_id": 103,
  "config": {
    "model_type": "gbsa",
    "model_params": {
      "loss": "coxph",
      "n_estimators": 494,
      "learning_rate": 0.09361345272778929,
      "subsample": 0.9987018921091977,
      "max_depth": 3,
      "max_features": null,
      "max_leaf_nodes": 63,
      "min_samples_split": 17,
      "min_samples_leaf": 1,
      "min_weight_fraction_leaf": 0.0,
      "min_impurity_decrease": 0.02081236382878532,
      "criterion": "friedman_mse",
      "ccp_alpha": 0.06972891181617792,
      "dropout_rate": 0.1521229490482588,
      "validation_fraction": 0.2672528495556462,
      "n_iter_no_change": null,
      "tol": 0.0026409027286074067,
      "random_state": 1024,
      "warm_start": false,
      "verbose": 0
    },
    "seed": 1024,
    "cv_n_splits": 5,
    "cv_n_repeats": 10,
    "preprocessing_config": {
      "eps": 1e-06,
      "min_speed": 0.01,
      "max_hours": 9999.0
    }
  },
  "result": {
    "c_index": 0.9017803908579,
    "mean_brier": 0.15312378033668858,
    "hybrid_score": 0.8633474710216879,
    "std_c_index": 0.006642639905239731,
    "std_mean_brier": 0.009284974789039209,
    "std_hybrid": 0.006078210639302213
  }
}