{
  "trial_id": 35,
  "config": {
    "model_type": "coxnet",
    "model_params": {
      "l1_ratio": 0.5101561192735107,
      "alpha_min_ratio": 0.0011752003418812847,
      "n_alphas": 270,
      "max_iter": 351,
      "tol": 2.323114866206536e-06
    },
    "seed": 42,
    "cv_n_splits": 5,
    "cv_n_repeats": 10,
    "preprocessing_config": {
      "eps": 1e-06,
      "min_speed": 0.01,
      "max_hours": 9999.0
    }
  },
  "result": {
    "c_index": 0.9273600529976814,
    "mean_brier": 0.036918199569793246,
    "hybrid_score": 0.9523652762004492,
    "std_c_index": 0.011932457490119255,
    "std_mean_brier": 0.005910208741821906,
    "std_hybrid": 0.006860763640793556
  }
}