{
  "trial_id": 210,
  "config": {
    "model_type": "coxnet",
    "model_params": {
      "l1_ratio": 0.8937715429950011,
      "alpha_min_ratio": 0.059752970186343034,
      "n_alphas": 281,
      "max_iter": 14699,
      "tol": 9.08724939682361e-05
    },
    "seed": 1024,
    "cv_n_splits": 5,
    "cv_n_repeats": 10,
    "preprocessing_config": {
      "eps": 1e-06,
      "min_speed": 0.01,
      "max_hours": 9999.0
    }
  },
  "result": {
    "c_index": 0.9364110632659821,
    "mean_brier": 0.02588907557836407,
    "hybrid_score": 0.9628009660749397,
    "std_c_index": 0.0031879696937598956,
    "std_mean_brier": 0.0008521797130615268,
    "std_hybrid": 0.0014237235246296724
  }
}