{
  "trial_id": 144,
  "config": {
    "model_type": "gbsa",
    "model_params": {
      "loss": "coxph",
      "n_estimators": 96,
      "learning_rate": 0.16539250060636776,
      "subsample": 0.8982031273965503,
      "max_depth": 2,
      "max_features": "log2",
      "max_leaf_nodes": 63,
      "min_samples_split": 18,
      "min_samples_leaf": 5,
      "min_weight_fraction_leaf": 0.0,
      "min_impurity_decrease": 0.0036325014434426582,
      "criterion": "friedman_mse",
      "ccp_alpha": 0.00031715037445911577,
      "dropout_rate": 0.07794705544943739,
      "validation_fraction": 0.2562754034342522,
      "n_iter_no_change": 10,
      "tol": 0.007891729742652025,
      "random_state": 1024,
      "warm_start": false,
      "verbose": 0
    },
    "seed": 1024,
    "cv_n_splits": 5,
    "cv_n_repeats": 10,
    "preprocessing_config": {
      "eps": 1e-06,
      "min_speed": 0.01,
      "max_hours": 9999.0
    }
  },
  "result": {
    "c_index": 0.9395205366015237,
    "mean_brier": 0.08124343788826385,
    "hybrid_score": 0.9249857544586723,
    "std_c_index": 0.0028231664325040176,
    "std_mean_brier": 0.0054798164908706525,
    "std_hybrid": 0.004152748740986384
  }
}