{
  "trial_id": 14,
  "config": {
    "model_type": "coxnet",
    "model_params": {
      "l1_ratio": 0.6554920315255096,
      "alpha_min_ratio": 0.019983915391039907,
      "n_alphas": 245,
      "max_iter": 18733,
      "tol": 7.191389329635507e-06
    },
    "seed": 42,
    "cv_n_splits": 5,
    "cv_n_repeats": 10,
    "preprocessing_config": {
      "eps": 1e-06,
      "min_speed": 0.01,
      "max_hours": 9999.0
    }
  },
  "result": {
    "c_index": 0.9304571050016562,
    "mean_brier": 0.02816512901656103,
    "hybrid_score": 0.959421541188904,
    "std_c_index": 0.007463078553467686,
    "std_mean_brier": 0.002972641540337432,
    "std_hybrid": 0.004268824804456734
  }
}