{
  "trial_id": 30,
  "config": {
    "model_type": "coxnet",
    "model_params": {
      "l1_ratio": 0.9657501711658023,
      "alpha_min_ratio": 0.07997340517929954,
      "n_alphas": 203,
      "max_iter": 10351,
      "tol": 1.614145282530606e-06
    },
    "seed": 777,
    "cv_n_splits": 5,
    "cv_n_repeats": 10,
    "preprocessing_config": {
      "eps": 1e-06,
      "min_speed": 0.01,
      "max_hours": 9999.0
    }
  },
  "result": {
    "c_index": 0.9362454455117588,
    "mean_brier": 0.0255877514123596,
    "hybrid_score": 0.962962207664876,
    "std_c_index": 0.0035075107310484108,
    "std_mean_brier": 0.0005254249172636065,
    "std_hybrid": 0.0013112335372745098
  }
}