{
  "trial_id": 243,
  "config": {
    "model_type": "coxnet",
    "model_params": {
      "l1_ratio": 0.8827410204831725,
      "alpha_min_ratio": 0.05558430471530358,
      "n_alphas": 223,
      "max_iter": 1852,
      "tol": 9.623562249913154e-06
    },
    "seed": 42,
    "cv_n_splits": 5,
    "cv_n_repeats": 10,
    "preprocessing_config": {
      "eps": 1e-06,
      "min_speed": 0.01,
      "max_hours": 9999.0
    }
  },
  "result": {
    "c_index": 0.9377608479629016,
    "mean_brier": 0.025714532680545625,
    "hybrid_score": 0.9633280815124884,
    "std_c_index": 0.004458194922703152,
    "std_mean_brier": 0.00173760173028841,
    "std_hybrid": 0.0024604003105894536
  }
}