{
  "trial_id": 7,
  "config": {
    "model_type": "coxnet",
    "model_params": {
      "l1_ratio": 0.013310049639068788,
      "alpha_min_ratio": 0.0037350101584109176,
      "n_alphas": 274,
      "max_iter": 15628,
      "tol": 3.1003218747872805e-08
    },
    "seed": 777,
    "cv_n_splits": 5,
    "cv_n_repeats": 10,
    "preprocessing_config": {
      "eps": 1e-06,
      "min_speed": 0.01,
      "max_hours": 9999.0
    }
  },
  "result": {
    "c_index": 0.9323285856243789,
    "mean_brier": 0.03395152419940724,
    "hybrid_score": 0.9559325087477285,
    "std_c_index": 0.004195362838348883,
    "std_mean_brier": 0.002782807714742543,
    "std_hybrid": 0.0028900176281778265
  }
}