{
  "trial_id": 160,
  "config": {
    "model_type": "coxnet",
    "model_params": {
      "l1_ratio": 0.915976765367422,
      "alpha_min_ratio": 0.08067028627312357,
      "n_alphas": 271,
      "max_iter": 963,
      "tol": 1.380399164019406e-05
    },
    "seed": 42,
    "cv_n_splits": 5,
    "cv_n_repeats": 10,
    "preprocessing_config": {
      "eps": 1e-06,
      "min_speed": 0.01,
      "max_hours": 9999.0
    }
  },
  "result": {
    "c_index": 0.9395826432593575,
    "mean_brier": 0.025501811715324556,
    "hybrid_score": 0.96402352477708,
    "std_c_index": 0.0021853386616001863,
    "std_mean_brier": 0.0008047975131371492,
    "std_hybrid": 0.001071019884344666
  }
}