{
  "trial_id": 204,
  "config": {
    "model_type": "gbsa",
    "model_params": {
      "loss": "coxph",
      "n_estimators": 449,
      "learning_rate": 0.06381784279977397,
      "subsample": 0.5474272541738845,
      "max_depth": 3,
      "max_features": 1.0,
      "max_leaf_nodes": 8,
      "min_samples_split": 11,
      "min_samples_leaf": 9,
      "min_weight_fraction_leaf": 0.0,
      "min_impurity_decrease": 0.029562321478724066,
      "criterion": "friedman_mse",
      "ccp_alpha": 0.0009619716272155318,
      "dropout_rate": 0.05665937584284014,
      "validation_fraction": 0.27610991224987935,
      "n_iter_no_change": null,
      "tol": 6.64936697427399e-05,
      "random_state": 777,
      "warm_start": false,
      "verbose": 0
    },
    "seed": 777,
    "cv_n_splits": 5,
    "cv_n_repeats": 10,
    "preprocessing_config": {
      "eps": 1e-06,
      "min_speed": 0.01,
      "max_hours": 9999.0
    }
  },
  "result": {
    "c_index": 0.939893176548526,
    "mean_brier": 0.11680500989083728,
    "hybrid_score": 0.9002044460409717,
    "std_c_index": 0.002439143171433748,
    "std_mean_brier": 0.007666580867690865,
    "std_hybrid": 0.005233183016529984
  }
}