{
  "trial_id": 85,
  "config": {
    "model_type": "coxnet",
    "model_params": {
      "l1_ratio": 0.907798118300326,
      "alpha_min_ratio": 0.09490639607321108,
      "n_alphas": 199,
      "max_iter": 14624,
      "tol": 1.6981244773694394e-06
    },
    "seed": 42,
    "cv_n_splits": 5,
    "cv_n_repeats": 10,
    "preprocessing_config": {
      "eps": 1e-06,
      "min_speed": 0.01,
      "max_hours": 9999.0
    }
  },
  "result": {
    "c_index": 0.9397979463398476,
    "mean_brier": 0.02588141862336523,
    "hybrid_score": 0.9638223908655986,
    "std_c_index": 0.0023363259323726116,
    "std_mean_brier": 0.0007576552798936552,
    "std_hybrid": 0.0010831354846308446
  }
}