{
  "trial_id": 99,
  "config": {
    "model_type": "coxnet",
    "model_params": {
      "l1_ratio": 0.956784575527833,
      "alpha_min_ratio": 0.05232445813930611,
      "n_alphas": 288,
      "max_iter": 16907,
      "tol": 7.027719625137325e-07
    },
    "seed": 42,
    "cv_n_splits": 5,
    "cv_n_repeats": 10,
    "preprocessing_config": {
      "eps": 1e-06,
      "min_speed": 0.01,
      "max_hours": 9999.0
    }
  },
  "result": {
    "c_index": 0.9376531964226565,
    "mean_brier": 0.02558979010111928,
    "hybrid_score": 0.9633831058560134,
    "std_c_index": 0.004403602927064521,
    "std_mean_brier": 0.002226150994170225,
    "std_hybrid": 0.0027833911287101854
  }
}