{
  "trial_id": 55,
  "config": {
    "model_type": "gbsa",
    "model_params": {
      "loss": "coxph",
      "n_estimators": 321,
      "learning_rate": 0.06412819770798049,
      "subsample": 0.8570973503420928,
      "max_depth": 3,
      "max_features": 0.7,
      "max_leaf_nodes": 63,
      "min_samples_split": 13,
      "min_samples_leaf": 2,
      "min_weight_fraction_leaf": 0.0,
      "min_impurity_decrease": 0.019923694977762866,
      "criterion": "friedman_mse",
      "ccp_alpha": 0.034008355310233045,
      "dropout_rate": 0.006195037325409079,
      "validation_fraction": 0.23126172508769494,
      "n_iter_no_change": 10,
      "tol": 0.00011509623974401225,
      "random_state": 1024,
      "warm_start": false,
      "verbose": 0
    },
    "seed": 1024,
    "cv_n_splits": 5,
    "cv_n_repeats": 10,
    "preprocessing_config": {
      "eps": 1e-06,
      "min_speed": 0.01,
      "max_hours": 9999.0
    }
  },
  "result": {
    "c_index": 0.9137338522689632,
    "mean_brier": 0.047280908473317125,
    "hybrid_score": 0.9410235197493669,
    "std_c_index": 0.0067787867265386775,
    "std_mean_brier": 0.0027003224024944104,
    "std_hybrid": 0.003245342265281664
  }
}