{
  "trial_id": 21,
  "config": {
    "seed": 42,
    "cv_n_splits": 5,
    "cv_n_repeats": 10,
    "gbsa_config": {
      "loss": "coxph",
      "n_estimators": 416,
      "learning_rate": 0.06201453229500623,
      "subsample": 0.9333961314438716,
      "max_depth": 6,
      "max_features": 1.0,
      "max_leaf_nodes": 16,
      "min_samples_split": 2,
      "min_samples_leaf": 3,
      "min_weight_fraction_leaf": 0.0,
      "min_impurity_decrease": 0.020446710305142654,
      "criterion": "friedman_mse",
      "ccp_alpha": 0.00013667540623437825,
      "dropout_rate": 0.0034416595875764594,
      "validation_fraction": 0.2176795741133957,
      "n_iter_no_change": 20,
      "tol": 4.4002567626870925e-05,
      "random_state": 42,
      "warm_start": false,
      "verbose": 0
    },
    "preprocessing_config": {
      "eps": 1e-06,
      "min_speed": 0.01,
      "max_hours": 9999.0
    }
  },
  "result": {
    "c_index": 0.9343615435574693,
    "mean_brier": 0.07334694056699076,
    "hybrid_score": 0.9289656046703472,
    "std_c_index": 0.0057872105147320765,
    "std_mean_brier": 0.00788517060438499,
    "std_hybrid": 0.005245021664437607
  }
}