{
  "trial_id": 184,
  "config": {
    "model_type": "coxnet",
    "model_params": {
      "l1_ratio": 0.31414117803471386,
      "alpha_min_ratio": 0.003128916271804417,
      "n_alphas": 289,
      "max_iter": 106,
      "tol": 8.720423294008498e-08
    },
    "seed": 42,
    "cv_n_splits": 5,
    "cv_n_repeats": 10,
    "preprocessing_config": {
      "eps": 1e-06,
      "min_speed": 0.01,
      "max_hours": 9999.0
    }
  },
  "result": {
    "c_index": 0.9278983106989068,
    "mean_brier": 0.03388992419574543,
    "hybrid_score": 0.9546465462726502,
    "std_c_index": 0.011004365091005018,
    "std_mean_brier": 0.004046385175261083,
    "std_hybrid": 0.005414233320648166
  }
}