{
  "trial_id": 31,
  "config": {
    "model_type": "coxnet",
    "model_params": {
      "l1_ratio": 0.9837367435864162,
      "alpha_min_ratio": 0.09356252663330185,
      "n_alphas": 57,
      "max_iter": 872,
      "tol": 8.689553782323841e-07
    },
    "seed": 42,
    "cv_n_splits": 5,
    "cv_n_repeats": 10,
    "preprocessing_config": {
      "eps": 1e-06,
      "min_speed": 0.01,
      "max_hours": 9999.0
    }
  },
  "result": {
    "c_index": 0.9391851606492215,
    "mean_brier": 0.025604731444514296,
    "hybrid_score": 0.9638322361836064,
    "std_c_index": 0.002339903993541251,
    "std_mean_brier": 0.0007705660858790541,
    "std_hybrid": 0.0010737487457001165
  }
}