{
  "trial_id": 51,
  "config": {
    "model_type": "gbsa",
    "model_params": {
      "loss": "coxph",
      "n_estimators": 159,
      "learning_rate": 0.0990646506647887,
      "subsample": 0.9193198509715137,
      "max_depth": 6,
      "max_features": null,
      "max_leaf_nodes": 8,
      "min_samples_split": 2,
      "min_samples_leaf": 16,
      "min_weight_fraction_leaf": 0.0,
      "min_impurity_decrease": 0.019410676422130218,
      "criterion": "friedman_mse",
      "ccp_alpha": 0.02724763357590783,
      "dropout_rate": 0.06262329699161341,
      "validation_fraction": 0.17514960153048786,
      "n_iter_no_change": 20,
      "tol": 0.00013014894536639326,
      "random_state": 42,
      "warm_start": false,
      "verbose": 0
    },
    "seed": 42,
    "cv_n_splits": 5,
    "cv_n_repeats": 10,
    "preprocessing_config": {
      "eps": 1e-06,
      "min_speed": 0.01,
      "max_hours": 9999.0
    }
  },
  "result": {
    "c_index": 0.8996646240476979,
    "mean_brier": 0.09939967997516527,
    "hybrid_score": 0.9003196112316937,
    "std_c_index": 0.008665545420589586,
    "std_mean_brier": 0.004294257619613149,
    "std_hybrid": 0.003735761276216707
  }
}