{
  "trial_id": 62,
  "config": {
    "model_type": "gbsa",
    "model_params": {
      "loss": "coxph",
      "n_estimators": 449,
      "learning_rate": 0.010562925267503728,
      "subsample": 0.6193178107002417,
      "max_depth": 4,
      "max_features": 1.0,
      "max_leaf_nodes": null,
      "min_samples_split": 4,
      "min_samples_leaf": 9,
      "min_weight_fraction_leaf": 0.0,
      "min_impurity_decrease": 0.018058959753990717,
      "criterion": "friedman_mse",
      "ccp_alpha": 0.005391900994217918,
      "dropout_rate": 0.12040457784215812,
      "validation_fraction": 0.18672513656118678,
      "n_iter_no_change": 20,
      "tol": 0.00011763532633780848,
      "random_state": 1024,
      "warm_start": false,
      "verbose": 0
    },
    "seed": 1024,
    "cv_n_splits": 5,
    "cv_n_repeats": 10,
    "preprocessing_config": {
      "eps": 1e-06,
      "min_speed": 0.01,
      "max_hours": 9999.0
    }
  },
  "result": {
    "c_index": 0.9084465054653859,
    "mean_brier": 0.21199669324812992,
    "hybrid_score": 0.8241362663659247,
    "std_c_index": 0.006516637731346959,
    "std_mean_brier": 0.012569350240747837,
    "std_hybrid": 0.009124189092441577
  }
}