{
  "trial_id": 151,
  "config": {
    "model_type": "coxnet",
    "model_params": {
      "l1_ratio": 0.5113216722850272,
      "alpha_min_ratio": 0.00015929619596857862,
      "n_alphas": 104,
      "max_iter": 1468,
      "tol": 1.690741228967586e-08
    },
    "seed": 42,
    "cv_n_splits": 5,
    "cv_n_repeats": 10,
    "preprocessing_config": {
      "eps": 1e-06,
      "min_speed": 0.01,
      "max_hours": 9999.0
    }
  },
  "result": {
    "c_index": 0.9268549188473004,
    "mean_brier": 0.03920404167065563,
    "hybrid_score": 0.950613646484731,
    "std_c_index": 0.01140883057311272,
    "std_mean_brier": 0.007062416364637897,
    "std_hybrid": 0.0069325820668534235
  }
}