{
  "trial_id": 195,
  "config": {
    "model_type": "coxnet",
    "model_params": {
      "l1_ratio": 0.7785577783370786,
      "alpha_min_ratio": 0.04636177300191117,
      "n_alphas": 177,
      "max_iter": 6200,
      "tol": 6.091185062169199e-07
    },
    "seed": 777,
    "cv_n_splits": 5,
    "cv_n_repeats": 10,
    "preprocessing_config": {
      "eps": 1e-06,
      "min_speed": 0.01,
      "max_hours": 9999.0
    }
  },
  "result": {
    "c_index": 0.934937065253395,
    "mean_brier": 0.026178585901781997,
    "hybrid_score": 0.9621561094447711,
    "std_c_index": 0.003120049043124722,
    "std_mean_brier": 0.0008637063484188178,
    "std_hybrid": 0.0011605342944744524
  }
}