{
  "trial_id": 193,
  "config": {
    "seed": 42,
    "cv_n_splits": 5,
    "cv_n_repeats": 10,
    "gbsa_config": {
      "loss": "coxph",
      "n_estimators": 132,
      "learning_rate": 0.10614969877540749,
      "subsample": 0.7675971879689246,
      "max_depth": 5,
      "max_features": 0.3,
      "max_leaf_nodes": 31,
      "min_samples_split": 4,
      "min_samples_leaf": 6,
      "min_weight_fraction_leaf": 0.0,
      "min_impurity_decrease": 0.02744884308521167,
      "criterion": "friedman_mse",
      "ccp_alpha": 0.09907773400469194,
      "dropout_rate": 0.10044967495337404,
      "validation_fraction": 0.2784702029185685,
      "n_iter_no_change": 20,
      "tol": 7.0497730231331e-05,
      "random_state": 42,
      "warm_start": false,
      "verbose": 0
    },
    "preprocessing_config": {
      "eps": 1e-06,
      "min_speed": 0.01,
      "max_hours": 9999.0
    }
  },
  "result": {
    "c_index": 0.9045420669095728,
    "mean_brier": 0.1242405596161422,
    "hybrid_score": 0.8843942283415723,
    "std_c_index": 0.008034301659066384,
    "std_mean_brier": 0.005971825360619491,
    "std_hybrid": 0.0055737025371484
  }
}