{
  "trial_id": 136,
  "config": {
    "model_type": "gbsa",
    "model_params": {
      "loss": "coxph",
      "n_estimators": 444,
      "learning_rate": 0.11258345483713166,
      "subsample": 0.530959010575554,
      "max_depth": 2,
      "max_features": 1.0,
      "max_leaf_nodes": 8,
      "min_samples_split": 16,
      "min_samples_leaf": 2,
      "min_weight_fraction_leaf": 0.0,
      "min_impurity_decrease": 0.04038236864987982,
      "criterion": "friedman_mse",
      "ccp_alpha": 0.0020677561827554965,
      "dropout_rate": 0.036111699304114675,
      "validation_fraction": 0.16916340128790938,
      "n_iter_no_change": null,
      "tol": 1.1580350795657604e-05,
      "random_state": 777,
      "warm_start": false,
      "verbose": 0
    },
    "seed": 777,
    "cv_n_splits": 5,
    "cv_n_repeats": 10,
    "preprocessing_config": {
      "eps": 1e-06,
      "min_speed": 0.01,
      "max_hours": 9999.0
    }
  },
  "result": {
    "c_index": 0.9393756210665783,
    "mean_brier": 0.05634934984552722,
    "hybrid_score": 0.9423681414281045,
    "std_c_index": 0.0023042453557265427,
    "std_mean_brier": 0.004280938373738209,
    "std_hybrid": 0.002868365220974287
  }
}