{
  "trial_id": 255,
  "config": {
    "model_type": "coxnet",
    "model_params": {
      "l1_ratio": 0.8956804661758077,
      "alpha_min_ratio": 0.02849591413065695,
      "n_alphas": 250,
      "max_iter": 19730,
      "tol": 2.1702180647011696e-05
    },
    "seed": 42,
    "cv_n_splits": 5,
    "cv_n_repeats": 10,
    "preprocessing_config": {
      "eps": 1e-06,
      "min_speed": 0.01,
      "max_hours": 9999.0
    }
  },
  "result": {
    "c_index": 0.9335127525670751,
    "mean_brier": 0.02649613711592781,
    "hybrid_score": 0.961506529788973,
    "std_c_index": 0.007239546841477628,
    "std_mean_brier": 0.0029973454841920773,
    "std_hybrid": 0.004227133048118511
  }
}