{
  "trial_id": 279,
  "config": {
    "model_type": "coxnet",
    "model_params": {
      "l1_ratio": 0.5945806897451172,
      "alpha_min_ratio": 0.0018469377987039171,
      "n_alphas": 63,
      "max_iter": 105,
      "tol": 1.2802705454408119e-06
    },
    "seed": 42,
    "cv_n_splits": 5,
    "cv_n_repeats": 10,
    "preprocessing_config": {
      "eps": 1e-06,
      "min_speed": 0.01,
      "max_hours": 9999.0
    }
  },
  "result": {
    "c_index": 0.9269046041735673,
    "mean_brier": 0.03444644846950814,
    "hybrid_score": 0.9539588673234144,
    "std_c_index": 0.010673229071542892,
    "std_mean_brier": 0.004432816475747698,
    "std_hybrid": 0.005391550440004292
  }
}