{
  "trial_id": 90,
  "config": {
    "model_type": "gbsa",
    "model_params": {
      "loss": "coxph",
      "n_estimators": 271,
      "learning_rate": 0.16298921007522185,
      "subsample": 0.5131976169214675,
      "max_depth": 5,
      "max_features": "log2",
      "max_leaf_nodes": null,
      "min_samples_split": 13,
      "min_samples_leaf": 2,
      "min_weight_fraction_leaf": 0.0,
      "min_impurity_decrease": 0.02758764004019049,
      "criterion": "friedman_mse",
      "ccp_alpha": 0.00026665053164892617,
      "dropout_rate": 0.06319491458395263,
      "validation_fraction": 0.2023721875415346,
      "n_iter_no_change": null,
      "tol": 3.5729681732362426e-05,
      "random_state": 777,
      "warm_start": false,
      "verbose": 0
    },
    "seed": 777,
    "cv_n_splits": 5,
    "cv_n_repeats": 10,
    "preprocessing_config": {
      "eps": 1e-06,
      "min_speed": 0.01,
      "max_hours": 9999.0
    }
  },
  "result": {
    "c_index": 0.9384067572043724,
    "mean_brier": 0.06676471596411045,
    "hybrid_score": 0.9347867259864344,
    "std_c_index": 0.002597296173331362,
    "std_mean_brier": 0.005009501767744009,
    "std_hybrid": 0.003433613364961286
  }
}