{
  "trial_id": 203,
  "config": {
    "model_type": "coxnet",
    "model_params": {
      "l1_ratio": 0.9385209360429015,
      "alpha_min_ratio": 0.05685808695143063,
      "n_alphas": 236,
      "max_iter": 19611,
      "tol": 5.5864581835929845e-05
    },
    "seed": 42,
    "cv_n_splits": 5,
    "cv_n_repeats": 10,
    "preprocessing_config": {
      "eps": 1e-06,
      "min_speed": 0.01,
      "max_hours": 9999.0
    }
  },
  "result": {
    "c_index": 0.9388953295793309,
    "mean_brier": 0.025441235175713818,
    "hybrid_score": 0.9638597342507996,
    "std_c_index": 0.0020550787661388304,
    "std_mean_brier": 0.0015275251398444492,
    "std_hybrid": 0.0015033797934224625
  }
}