{
  "trial_id": 287,
  "config": {
    "model_type": "coxnet",
    "model_params": {
      "l1_ratio": 0.9461698772225904,
      "alpha_min_ratio": 0.044130341801095825,
      "n_alphas": 224,
      "max_iter": 119,
      "tol": 7.698826278549035e-05
    },
    "seed": 42,
    "cv_n_splits": 5,
    "cv_n_repeats": 10,
    "preprocessing_config": {
      "eps": 1e-06,
      "min_speed": 0.01,
      "max_hours": 9999.0
    }
  },
  "result": {
    "c_index": 0.9376697581980789,
    "mean_brier": 0.025853900890210807,
    "hybrid_score": 0.963203196836276,
    "std_c_index": 0.004531703978185062,
    "std_mean_brier": 0.00262616986133481,
    "std_hybrid": 0.003064612527738612
  }
}