{
  "trial_id": 104,
  "config": {
    "model_type": "coxnet",
    "model_params": {
      "l1_ratio": 0.9745826751374664,
      "alpha_min_ratio": 0.07916673460311861,
      "n_alphas": 232,
      "max_iter": 14831,
      "tol": 3.006704465935543e-05
    },
    "seed": 42,
    "cv_n_splits": 5,
    "cv_n_repeats": 10,
    "preprocessing_config": {
      "eps": 1e-06,
      "min_speed": 0.01,
      "max_hours": 9999.0
    }
  },
  "result": {
    "c_index": 0.9393010930771778,
    "mean_brier": 0.025318210024797345,
    "hybrid_score": 0.9640675809057951,
    "std_c_index": 0.0022635772856270052,
    "std_mean_brier": 0.0008303221044732494,
    "std_hybrid": 0.0011285065491408075
  }
}