{
  "trial_id": 285,
  "config": {
    "model_type": "coxnet",
    "model_params": {
      "l1_ratio": 0.7436075887858011,
      "alpha_min_ratio": 0.03966644365157124,
      "n_alphas": 84,
      "max_iter": 14086,
      "tol": 2.7205968043231807e-07
    },
    "seed": 777,
    "cv_n_splits": 5,
    "cv_n_repeats": 10,
    "preprocessing_config": {
      "eps": 1e-06,
      "min_speed": 0.01,
      "max_hours": 9999.0
    }
  },
  "result": {
    "c_index": 0.9339102351772111,
    "mean_brier": 0.02715518270719654,
    "hybrid_score": 0.9611644426581256,
    "std_c_index": 0.0031592319191400863,
    "std_mean_brier": 0.0018548448986918957,
    "std_hybrid": 0.0016924047453809135
  }
}