{
  "trial_id": 185,
  "config": {
    "model_type": "gbsa",
    "model_params": {
      "loss": "coxph",
      "n_estimators": 303,
      "learning_rate": 0.06028234975725049,
      "subsample": 0.8319534056163642,
      "max_depth": 6,
      "max_features": 0.3,
      "max_leaf_nodes": null,
      "min_samples_split": 3,
      "min_samples_leaf": 12,
      "min_weight_fraction_leaf": 0.0,
      "min_impurity_decrease": 0.023339273876317342,
      "criterion": "friedman_mse",
      "ccp_alpha": 0.0006689473101021607,
      "dropout_rate": 0.06584184726936315,
      "validation_fraction": 0.1823407944870428,
      "n_iter_no_change": null,
      "tol": 0.003397717649610889,
      "random_state": 42,
      "warm_start": false,
      "verbose": 0
    },
    "seed": 42,
    "cv_n_splits": 5,
    "cv_n_repeats": 10,
    "preprocessing_config": {
      "eps": 1e-06,
      "min_speed": 0.01,
      "max_hours": 9999.0
    }
  },
  "result": {
    "c_index": 0.943660980457105,
    "mean_brier": 0.13048593053135296,
    "hybrid_score": 0.8917581427651845,
    "std_c_index": 0.0012710623153674066,
    "std_mean_brier": 0.005659436674593531,
    "std_hybrid": 0.004198175377334541
  }
}