{
  "trial_id": 149,
  "config": {
    "model_type": "gbsa",
    "model_params": {
      "loss": "coxph",
      "n_estimators": 307,
      "learning_rate": 0.03245951920612789,
      "subsample": 0.7076084968676313,
      "max_depth": 4,
      "max_features": "log2",
      "max_leaf_nodes": null,
      "min_samples_split": 17,
      "min_samples_leaf": 9,
      "min_weight_fraction_leaf": 0.0,
      "min_impurity_decrease": 0.0409028031204742,
      "criterion": "friedman_mse",
      "ccp_alpha": 0.07773770468823957,
      "dropout_rate": 0.0006437677789054483,
      "validation_fraction": 0.20124587798410903,
      "n_iter_no_change": 5,
      "tol": 0.00047404824277045475,
      "random_state": 777,
      "warm_start": false,
      "verbose": 0
    },
    "seed": 777,
    "cv_n_splits": 5,
    "cv_n_repeats": 10,
    "preprocessing_config": {
      "eps": 1e-06,
      "min_speed": 0.01,
      "max_hours": 9999.0
    }
  },
  "result": {
    "c_index": 0.9079579330904274,
    "mean_brier": 0.0896648890184156,
    "hybrid_score": 0.9096219576142373,
    "std_c_index": 0.013772662307746993,
    "std_mean_brier": 0.01149011987502328,
    "std_hybrid": 0.01062022705512694
  }
}