{
  "trial_id": 150,
  "config": {
    "model_type": "coxnet",
    "model_params": {
      "l1_ratio": 0.9072403515499112,
      "alpha_min_ratio": 0.04325929622214417,
      "n_alphas": 208,
      "max_iter": 19384,
      "tol": 3.7216003176615597e-06
    },
    "seed": 42,
    "cv_n_splits": 5,
    "cv_n_repeats": 10,
    "preprocessing_config": {
      "eps": 1e-06,
      "min_speed": 0.01,
      "max_hours": 9999.0
    }
  },
  "result": {
    "c_index": 0.9375455448824113,
    "mean_brier": 0.025893977175791394,
    "hybrid_score": 0.9631378794416694,
    "std_c_index": 0.004660278784208446,
    "std_mean_brier": 0.0027159291483784417,
    "std_hybrid": 0.0031536677356690124
  }
}