{
  "trial_id": 95,
  "config": {
    "model_type": "gbsa",
    "model_params": {
      "loss": "coxph",
      "n_estimators": 361,
      "learning_rate": 0.17089625274888132,
      "subsample": 0.6919960622886767,
      "max_depth": 1,
      "max_features": 0.5,
      "max_leaf_nodes": 31,
      "min_samples_split": 6,
      "min_samples_leaf": 20,
      "min_weight_fraction_leaf": 0.0,
      "min_impurity_decrease": 0.01354317653804868,
      "criterion": "friedman_mse",
      "ccp_alpha": 9.490206160244912e-08,
      "dropout_rate": 0.14886481338006685,
      "validation_fraction": 0.23251010330953112,
      "n_iter_no_change": null,
      "tol": 0.0014975311247073058,
      "random_state": 2023,
      "warm_start": false,
      "verbose": 0
    },
    "seed": 2023,
    "cv_n_splits": 5,
    "cv_n_repeats": 10,
    "preprocessing_config": {
      "eps": 1e-06,
      "min_speed": 0.01,
      "max_hours": 9999.0
    }
  },
  "result": {
    "c_index": 0.9015319642265652,
    "mean_brier": 0.1181824740105791,
    "hybrid_score": 0.8877318574605642,
    "std_c_index": 0.006694261635728279,
    "std_mean_brier": 0.005503500540686201,
    "std_hybrid": 0.0033979871673733295
  }
}