{
  "trial_id": 110,
  "config": {
    "model_type": "coxnet",
    "model_params": {
      "l1_ratio": 0.8518296773285786,
      "alpha_min_ratio": 0.016510994280723383,
      "n_alphas": 132,
      "max_iter": 19730,
      "tol": 3.796969571440863e-08
    },
    "seed": 2023,
    "cv_n_splits": 5,
    "cv_n_repeats": 10,
    "preprocessing_config": {
      "eps": 1e-06,
      "min_speed": 0.01,
      "max_hours": 9999.0
    }
  },
  "result": {
    "c_index": 0.928105332891686,
    "mean_brier": 0.03131606964843116,
    "hybrid_score": 0.9565103511136037,
    "std_c_index": 0.006501504195309203,
    "std_mean_brier": 0.004226036944653065,
    "std_hybrid": 0.00466524717934039
  }
}