{
  "trial_id": 61,
  "config": {
    "model_type": "gbsa",
    "model_params": {
      "loss": "coxph",
      "n_estimators": 322,
      "learning_rate": 0.06943807901765257,
      "subsample": 0.7769652505619995,
      "max_depth": 4,
      "max_features": null,
      "max_leaf_nodes": 16,
      "min_samples_split": 14,
      "min_samples_leaf": 7,
      "min_weight_fraction_leaf": 0.0,
      "min_impurity_decrease": 0.035572734920074095,
      "criterion": "friedman_mse",
      "ccp_alpha": 0.00014695834358821334,
      "dropout_rate": 0.13665244681676092,
      "validation_fraction": 0.19100824937675964,
      "n_iter_no_change": null,
      "tol": 0.0031667565500710327,
      "random_state": 2023,
      "warm_start": false,
      "verbose": 0
    },
    "seed": 2023,
    "cv_n_splits": 5,
    "cv_n_repeats": 10,
    "preprocessing_config": {
      "eps": 1e-06,
      "min_speed": 0.01,
      "max_hours": 9999.0
    }
  },
  "result": {
    "c_index": 0.9404728386883073,
    "mean_brier": 0.1740927839053199,
    "hybrid_score": 0.8602769028727681,
    "std_c_index": 0.003209314094361142,
    "std_mean_brier": 0.00898498984017659,
    "std_hybrid": 0.006078216294788063
  }
}