{
  "trial_id": 3,
  "config": {
    "model_type": "coxnet",
    "model_params": {
      "l1_ratio": 0.1620770068673989,
      "alpha_min_ratio": 0.0010324667614769484,
      "n_alphas": 95,
      "max_iter": 8429,
      "tol": 1.3886501378861942e-08
    },
    "seed": 2023,
    "cv_n_splits": 5,
    "cv_n_repeats": 10,
    "preprocessing_config": {
      "eps": 1e-06,
      "min_speed": 0.01,
      "max_hours": 9999.0
    }
  },
  "result": {
    "c_index": 0.9175057966213978,
    "mean_brier": 0.03988843680989641,
    "hybrid_score": 0.9473298332194917,
    "std_c_index": 0.018696799458079782,
    "std_mean_brier": 0.007958585213771921,
    "std_hybrid": 0.010905846450156064
  }
}