{
  "trial_id": 163,
  "config": {
    "model_type": "gbsa",
    "model_params": {
      "loss": "coxph",
      "n_estimators": 177,
      "learning_rate": 0.10612591129555193,
      "subsample": 0.9121246972947608,
      "max_depth": 3,
      "max_features": 0.3,
      "max_leaf_nodes": 8,
      "min_samples_split": 9,
      "min_samples_leaf": 5,
      "min_weight_fraction_leaf": 0.0,
      "min_impurity_decrease": 0.048012647845263705,
      "criterion": "friedman_mse",
      "ccp_alpha": 6.640503401886457e-05,
      "dropout_rate": 0.10265635335492522,
      "validation_fraction": 0.14737118363334697,
      "n_iter_no_change": null,
      "tol": 0.009399116061419016,
      "random_state": 1024,
      "warm_start": false,
      "verbose": 0
    },
    "seed": 1024,
    "cv_n_splits": 5,
    "cv_n_repeats": 10,
    "preprocessing_config": {
      "eps": 1e-06,
      "min_speed": 0.01,
      "max_hours": 9999.0
    }
  },
  "result": {
    "c_index": 0.9408206359721764,
    "mean_brier": 0.1183461207035958,
    "hybrid_score": 0.8994039062991357,
    "std_c_index": 0.002459859264399805,
    "std_mean_brier": 0.008374637032427976,
    "std_hybrid": 0.006110353643491839
  }
}