{
  "trial_id": 101,
  "config": {
    "model_type": "gbsa",
    "model_params": {
      "loss": "coxph",
      "n_estimators": 182,
      "learning_rate": 0.1447836729316267,
      "subsample": 0.9231301381484908,
      "max_depth": 2,
      "max_features": 0.5,
      "max_leaf_nodes": 31,
      "min_samples_split": 18,
      "min_samples_leaf": 15,
      "min_weight_fraction_leaf": 0.0,
      "min_impurity_decrease": 0.04219626439806107,
      "criterion": "friedman_mse",
      "ccp_alpha": 0.0023886351027427723,
      "dropout_rate": 0.01506946010854087,
      "validation_fraction": 0.2320194001169352,
      "n_iter_no_change": 10,
      "tol": 0.0011009831388238112,
      "random_state": 1024,
      "warm_start": false,
      "verbose": 0
    },
    "seed": 1024,
    "cv_n_splits": 5,
    "cv_n_repeats": 10,
    "preprocessing_config": {
      "eps": 1e-06,
      "min_speed": 0.01,
      "max_hours": 9999.0
    }
  },
  "result": {
    "c_index": 0.9363903610467041,
    "mean_brier": 0.04645825766807634,
    "hybrid_score": 0.9483963279463579,
    "std_c_index": 0.004379174653813889,
    "std_mean_brier": 0.005154398017278823,
    "std_hybrid": 0.004467106259876413
  }
}