{
  "trial_id": 58,
  "config": {
    "model_type": "gbsa",
    "model_params": {
      "loss": "coxph",
      "n_estimators": 416,
      "learning_rate": 0.04780792047477406,
      "subsample": 0.8066686140862037,
      "max_depth": 3,
      "max_features": "log2",
      "max_leaf_nodes": 63,
      "min_samples_split": 14,
      "min_samples_leaf": 7,
      "min_weight_fraction_leaf": 0.0,
      "min_impurity_decrease": 0.04544113225172047,
      "criterion": "friedman_mse",
      "ccp_alpha": 0.07435779178150644,
      "dropout_rate": 0.18200200758079935,
      "validation_fraction": 0.11710846053783609,
      "n_iter_no_change": null,
      "tol": 0.0007741124304216292,
      "random_state": 1024,
      "warm_start": false,
      "verbose": 0
    },
    "seed": 1024,
    "cv_n_splits": 5,
    "cv_n_repeats": 10,
    "preprocessing_config": {
      "eps": 1e-06,
      "min_speed": 0.01,
      "max_hours": 9999.0
    }
  },
  "result": {
    "c_index": 0.9230125869493209,
    "mean_brier": 0.1962774245443159,
    "hybrid_score": 0.8395095789037752,
    "std_c_index": 0.006730028804008208,
    "std_mean_brier": 0.011897511232048578,
    "std_hybrid": 0.008825897014652575
  }
}