{
  "trial_id": 151,
  "config": {
    "model_type": "coxnet",
    "model_params": {
      "l1_ratio": 0.8699701095286013,
      "alpha_min_ratio": 0.01430912517489094,
      "n_alphas": 245,
      "max_iter": 561,
      "tol": 4.8076893231559226e-05
    },
    "seed": 42,
    "cv_n_splits": 5,
    "cv_n_repeats": 10,
    "preprocessing_config": {
      "eps": 1e-06,
      "min_speed": 0.01,
      "max_hours": 9999.0
    }
  },
  "result": {
    "c_index": 0.9281467373302418,
    "mean_brier": 0.029419844672114705,
    "hybrid_score": 0.9578501299285922,
    "std_c_index": 0.009053252573127892,
    "std_mean_brier": 0.0028268855338534054,
    "std_hybrid": 0.004603025437590235
  }
}