{
  "trial_id": 218,
  "config": {
    "model_type": "gbsa",
    "model_params": {
      "loss": "coxph",
      "n_estimators": 405,
      "learning_rate": 0.03911319694260353,
      "subsample": 0.9465349512960171,
      "max_depth": 3,
      "max_features": 0.3,
      "max_leaf_nodes": 63,
      "min_samples_split": 4,
      "min_samples_leaf": 2,
      "min_weight_fraction_leaf": 0.0,
      "min_impurity_decrease": 0.022008103606296764,
      "criterion": "friedman_mse",
      "ccp_alpha": 7.75411068829941e-06,
      "dropout_rate": 0.030418152845731326,
      "validation_fraction": 0.29794471102003045,
      "n_iter_no_change": null,
      "tol": 0.000790702137950068,
      "random_state": 1024,
      "warm_start": false,
      "verbose": 0
    },
    "seed": 1024,
    "cv_n_splits": 5,
    "cv_n_repeats": 10,
    "preprocessing_config": {
      "eps": 1e-06,
      "min_speed": 0.01,
      "max_hours": 9999.0
    }
  },
  "result": {
    "c_index": 0.9401995693938391,
    "mean_brier": 0.1034283710870874,
    "hybrid_score": 0.9096600110571906,
    "std_c_index": 0.002904458652372555,
    "std_mean_brier": 0.008293959267267507,
    "std_hybrid": 0.005896954840290162
  }
}