{
  "trial_id": 234,
  "config": {
    "model_type": "gbsa",
    "model_params": {
      "loss": "coxph",
      "n_estimators": 488,
      "learning_rate": 0.11325149622557155,
      "subsample": 0.5915013579046757,
      "max_depth": 1,
      "max_features": 0.5,
      "max_leaf_nodes": 8,
      "min_samples_split": 18,
      "min_samples_leaf": 1,
      "min_weight_fraction_leaf": 0.0,
      "min_impurity_decrease": 0.043124371065562675,
      "criterion": "friedman_mse",
      "ccp_alpha": 0.01940111574726583,
      "dropout_rate": 0.08982441484820024,
      "validation_fraction": 0.2025892663797738,
      "n_iter_no_change": 10,
      "tol": 7.106926496380503e-05,
      "random_state": 777,
      "warm_start": false,
      "verbose": 0
    },
    "seed": 777,
    "cv_n_splits": 5,
    "cv_n_repeats": 10,
    "preprocessing_config": {
      "eps": 1e-06,
      "min_speed": 0.01,
      "max_hours": 9999.0
    }
  },
  "result": {
    "c_index": 0.9018549188473004,
    "mean_brier": 0.11227482527787455,
    "hybrid_score": 0.891964097959678,
    "std_c_index": 0.0060430966009052765,
    "std_mean_brier": 0.008055053810610118,
    "std_hybrid": 0.005573545013327894
  }
}