{
  "trial_id": 244,
  "config": {
    "model_type": "gbsa",
    "model_params": {
      "loss": "coxph",
      "n_estimators": 361,
      "learning_rate": 0.14938855399664752,
      "subsample": 0.5571410375767238,
      "max_depth": 2,
      "max_features": null,
      "max_leaf_nodes": 31,
      "min_samples_split": 6,
      "min_samples_leaf": 14,
      "min_weight_fraction_leaf": 0.0,
      "min_impurity_decrease": 0.016745241179171737,
      "criterion": "friedman_mse",
      "ccp_alpha": 0.0012534229488291805,
      "dropout_rate": 0.12254585772763414,
      "validation_fraction": 0.1049701317225758,
      "n_iter_no_change": null,
      "tol": 0.00034004377095393307,
      "random_state": 1024,
      "warm_start": false,
      "verbose": 0
    },
    "seed": 1024,
    "cv_n_splits": 5,
    "cv_n_repeats": 10,
    "preprocessing_config": {
      "eps": 1e-06,
      "min_speed": 0.01,
      "max_hours": 9999.0
    }
  },
  "result": {
    "c_index": 0.9377277244120569,
    "mean_brier": 0.10788273005860038,
    "hybrid_score": 0.9058004062825967,
    "std_c_index": 0.003209151167594056,
    "std_mean_brier": 0.006840457052416466,
    "std_hybrid": 0.005387824847548089
  }
}