{
  "trial_id": 174,
  "config": {
    "model_type": "coxnet",
    "model_params": {
      "l1_ratio": 0.8906263608640261,
      "alpha_min_ratio": 0.024518904041239832,
      "n_alphas": 102,
      "max_iter": 7666,
      "tol": 7.925901977417231e-05
    },
    "seed": 777,
    "cv_n_splits": 5,
    "cv_n_repeats": 10,
    "preprocessing_config": {
      "eps": 1e-06,
      "min_speed": 0.01,
      "max_hours": 9999.0
    }
  },
  "result": {
    "c_index": 0.9286849950314675,
    "mean_brier": 0.029370242691945814,
    "hybrid_score": 0.9580463286250783,
    "std_c_index": 0.006629966447368452,
    "std_mean_brier": 0.0038588433652725824,
    "std_hybrid": 0.0044403382635510484
  }
}