{
  "trial_id": 127,
  "config": {
    "model_type": "coxnet",
    "model_params": {
      "l1_ratio": 0.9701788061661208,
      "alpha_min_ratio": 0.08897040834925844,
      "n_alphas": 235,
      "max_iter": 17827,
      "tol": 6.698425170561133e-05
    },
    "seed": 1024,
    "cv_n_splits": 5,
    "cv_n_repeats": 10,
    "preprocessing_config": {
      "eps": 1e-06,
      "min_speed": 0.01,
      "max_hours": 9999.0
    }
  },
  "result": {
    "c_index": 0.9364524677045377,
    "mean_brier": 0.02593108564606072,
    "hybrid_score": 0.9627839803591188,
    "std_c_index": 0.003783776734780123,
    "std_mean_brier": 0.0007491260703792927,
    "std_hybrid": 0.001578038156495748
  }
}