{
  "trial_id": 291,
  "config": {
    "model_type": "gbsa",
    "model_params": {
      "loss": "coxph",
      "n_estimators": 391,
      "learning_rate": 0.08332935176561392,
      "subsample": 0.5376371828151514,
      "max_depth": 1,
      "max_features": "log2",
      "max_leaf_nodes": 63,
      "min_samples_split": 14,
      "min_samples_leaf": 17,
      "min_weight_fraction_leaf": 0.0,
      "min_impurity_decrease": 0.03153922285106876,
      "criterion": "friedman_mse",
      "ccp_alpha": 7.285355031211635e-05,
      "dropout_rate": 0.03510125869048244,
      "validation_fraction": 0.1828952454478596,
      "n_iter_no_change": null,
      "tol": 0.0036665935626130214,
      "random_state": 2023,
      "warm_start": false,
      "verbose": 0
    },
    "seed": 2023,
    "cv_n_splits": 5,
    "cv_n_repeats": 10,
    "preprocessing_config": {
      "eps": 1e-06,
      "min_speed": 0.01,
      "max_hours": 9999.0
    }
  },
  "result": {
    "c_index": 0.9388415038092084,
    "mean_brier": 0.09323770314224689,
    "hybrid_score": 0.9163860589431897,
    "std_c_index": 0.0028625083688975997,
    "std_mean_brier": 0.004978039251900449,
    "std_hybrid": 0.00362790985623239
  }
}