{
  "trial_id": 28,
  "config": {
    "model_type": "coxnet",
    "model_params": {
      "l1_ratio": 0.9349421492206564,
      "alpha_min_ratio": 0.06116796622323206,
      "n_alphas": 74,
      "max_iter": 924,
      "tol": 2.5716116473653864e-06
    },
    "seed": 42,
    "cv_n_splits": 5,
    "cv_n_repeats": 10,
    "preprocessing_config": {
      "eps": 1e-06,
      "min_speed": 0.01,
      "max_hours": 9999.0
    }
  },
  "result": {
    "c_index": 0.9390857899966877,
    "mean_brier": 0.02543050591280161,
    "hybrid_score": 0.9639243828600451,
    "std_c_index": 0.002401228987089374,
    "std_mean_brier": 0.0015366523950915232,
    "std_hybrid": 0.0015453125582330096
  }
}