{
  "trial_id": 75,
  "config": {
    "model_type": "coxnet",
    "model_params": {
      "l1_ratio": 0.8681997686582772,
      "alpha_min_ratio": 0.004477304242575356,
      "n_alphas": 251,
      "max_iter": 392,
      "tol": 7.950952246714148e-08
    },
    "seed": 42,
    "cv_n_splits": 5,
    "cv_n_repeats": 10,
    "preprocessing_config": {
      "eps": 1e-06,
      "min_speed": 0.01,
      "max_hours": 9999.0
    }
  },
  "result": {
    "c_index": 0.9264408744617423,
    "mean_brier": 0.03405069021631851,
    "hybrid_score": 0.9540967791870998,
    "std_c_index": 0.010862432162825056,
    "std_mean_brier": 0.004490012826364292,
    "std_hybrid": 0.005888392372168606
  }
}