{
  "trial_id": 185,
  "config": {
    "model_type": "coxnet",
    "model_params": {
      "l1_ratio": 0.996434151022863,
      "alpha_min_ratio": 0.023979751196787233,
      "n_alphas": 220,
      "max_iter": 13301,
      "tol": 3.285350529149319e-05
    },
    "seed": 777,
    "cv_n_splits": 5,
    "cv_n_repeats": 10,
    "preprocessing_config": {
      "eps": 1e-06,
      "min_speed": 0.01,
      "max_hours": 9999.0
    }
  },
  "result": {
    "c_index": 0.927807220934084,
    "mean_brier": 0.029697920293369862,
    "hybrid_score": 0.9575536220748664,
    "std_c_index": 0.008090880738102421,
    "std_mean_brier": 0.004887437080618195,
    "std_hybrid": 0.005665800544327048
  }
}