{
  "trial_id": 141,
  "config": {
    "model_type": "coxnet",
    "model_params": {
      "l1_ratio": 0.7520649929105139,
      "alpha_min_ratio": 0.03902263934102943,
      "n_alphas": 258,
      "max_iter": 17592,
      "tol": 8.250066526718456e-05
    },
    "seed": 1024,
    "cv_n_splits": 5,
    "cv_n_repeats": 10,
    "preprocessing_config": {
      "eps": 1e-06,
      "min_speed": 0.01,
      "max_hours": 9999.0
    }
  },
  "result": {
    "c_index": 0.9347631666114606,
    "mean_brier": 0.026730874858763375,
    "hybrid_score": 0.9617173375823038,
    "std_c_index": 0.0031094264726414583,
    "std_mean_brier": 0.0011503826809989514,
    "std_hybrid": 0.0013759833152120894
  }
}