{
  "trial_id": 19,
  "config": {
    "model_type": "coxnet",
    "model_params": {
      "l1_ratio": 0.9680096024789318,
      "alpha_min_ratio": 0.008626811387339324,
      "n_alphas": 223,
      "max_iter": 10758,
      "tol": 5.973258339240533e-07
    },
    "seed": 42,
    "cv_n_splits": 5,
    "cv_n_repeats": 10,
    "preprocessing_config": {
      "eps": 1e-06,
      "min_speed": 0.01,
      "max_hours": 9999.0
    }
  },
  "result": {
    "c_index": 0.9270122557138126,
    "mean_brier": 0.03280385190037068,
    "hybrid_score": 0.9551409803838842,
    "std_c_index": 0.009233037547186053,
    "std_mean_brier": 0.0037574553250215802,
    "std_hybrid": 0.005020839850686973
  }
}