{
  "trial_id": 277,
  "config": {
    "model_type": "gbsa",
    "model_params": {
      "loss": "coxph",
      "n_estimators": 494,
      "learning_rate": 0.10646720602683697,
      "subsample": 0.6583720067892533,
      "max_depth": 2,
      "max_features": 1.0,
      "max_leaf_nodes": 8,
      "min_samples_split": 20,
      "min_samples_leaf": 5,
      "min_weight_fraction_leaf": 0.0,
      "min_impurity_decrease": 0.046947769443009345,
      "criterion": "friedman_mse",
      "ccp_alpha": 2.0275656341333626e-05,
      "dropout_rate": 0.026173811333293814,
      "validation_fraction": 0.24606044721052225,
      "n_iter_no_change": null,
      "tol": 8.383375475126772e-05,
      "random_state": 777,
      "warm_start": false,
      "verbose": 0
    },
    "seed": 777,
    "cv_n_splits": 5,
    "cv_n_repeats": 10,
    "preprocessing_config": {
      "eps": 1e-06,
      "min_speed": 0.01,
      "max_hours": 9999.0
    }
  },
  "result": {
    "c_index": 0.9392182842000661,
    "mean_brier": 0.048372078198778874,
    "hybrid_score": 0.9479050305208746,
    "std_c_index": 0.0022975546428562798,
    "std_mean_brier": 0.0033618672457283987,
    "std_hybrid": 0.0023521960807140765
  }
}