{
  "trial_id": 143,
  "config": {
    "model_type": "gbsa",
    "model_params": {
      "loss": "coxph",
      "n_estimators": 391,
      "learning_rate": 0.1441152287300434,
      "subsample": 0.5337271038246105,
      "max_depth": 4,
      "max_features": "sqrt",
      "max_leaf_nodes": 8,
      "min_samples_split": 20,
      "min_samples_leaf": 1,
      "min_weight_fraction_leaf": 0.0,
      "min_impurity_decrease": 0.042331243715484815,
      "criterion": "friedman_mse",
      "ccp_alpha": 0.07578644468220966,
      "dropout_rate": 0.034238581658359954,
      "validation_fraction": 0.23317350712325133,
      "n_iter_no_change": null,
      "tol": 1.0389568236964301e-05,
      "random_state": 777,
      "warm_start": false,
      "verbose": 0
    },
    "seed": 777,
    "cv_n_splits": 5,
    "cv_n_repeats": 10,
    "preprocessing_config": {
      "eps": 1e-06,
      "min_speed": 0.01,
      "max_hours": 9999.0
    }
  },
  "result": {
    "c_index": 0.9073575687313682,
    "mean_brier": 0.06269137694763212,
    "hybrid_score": 0.9283233067560678,
    "std_c_index": 0.010514807779936275,
    "std_mean_brier": 0.002636824322876521,
    "std_hybrid": 0.0034516630917333824
  }
}