{
  "trial_id": 50,
  "config": {
    "model_type": "gbsa",
    "model_params": {
      "loss": "coxph",
      "n_estimators": 302,
      "learning_rate": 0.12869804574006516,
      "subsample": 0.9939569408105725,
      "max_depth": 1,
      "max_features": 0.3,
      "max_leaf_nodes": 63,
      "min_samples_split": 16,
      "min_samples_leaf": 2,
      "min_weight_fraction_leaf": 0.0,
      "min_impurity_decrease": 0.03268307504434255,
      "criterion": "friedman_mse",
      "ccp_alpha": 0.022532468795733507,
      "dropout_rate": 0.03288811552065269,
      "validation_fraction": 0.29253714377023704,
      "n_iter_no_change": null,
      "tol": 0.00020713587962479455,
      "random_state": 1024,
      "warm_start": false,
      "verbose": 0
    },
    "seed": 1024,
    "cv_n_splits": 5,
    "cv_n_repeats": 10,
    "preprocessing_config": {
      "eps": 1e-06,
      "min_speed": 0.01,
      "max_hours": 9999.0
    }
  },
  "result": {
    "c_index": 0.9103262669758199,
    "mean_brier": 0.04831203506889083,
    "hybrid_score": 0.9392794555445223,
    "std_c_index": 0.0074794525415042175,
    "std_mean_brier": 0.0017762588269850659,
    "std_hybrid": 0.0021885774630964164
  }
}