{
  "trial_id": 104,
  "config": {
    "model_type": "coxnet",
    "model_params": {
      "l1_ratio": 0.7701587929353095,
      "alpha_min_ratio": 0.035177298825916505,
      "n_alphas": 210,
      "max_iter": 267,
      "tol": 6.627303741617255e-08
    },
    "seed": 42,
    "cv_n_splits": 5,
    "cv_n_repeats": 10,
    "preprocessing_config": {
      "eps": 1e-06,
      "min_speed": 0.01,
      "max_hours": 9999.0
    }
  },
  "result": {
    "c_index": 0.9358396820139119,
    "mean_brier": 0.02656727131930549,
    "hybrid_score": 0.9621548146806596,
    "std_c_index": 0.005170590530736846,
    "std_mean_brier": 0.002900330666675603,
    "std_hybrid": 0.0035272271606124205
  }
}