{
  "trial_id": 115,
  "config": {
    "seed": 42,
    "cv_n_splits": 5,
    "cv_n_repeats": 10,
    "gbsa_config": {
      "loss": "coxph",
      "n_estimators": 285,
      "learning_rate": 0.01911133845065114,
      "subsample": 0.6914115171483379,
      "max_depth": 6,
      "max_features": "sqrt",
      "max_leaf_nodes": 31,
      "min_samples_split": 8,
      "min_samples_leaf": 5,
      "min_weight_fraction_leaf": 0.0,
      "min_impurity_decrease": 0.020867505694427753,
      "criterion": "friedman_mse",
      "ccp_alpha": 0.0008063214553928802,
      "dropout_rate": 0.0008168720897030711,
      "validation_fraction": 0.22281103496614896,
      "n_iter_no_change": null,
      "tol": 7.666151601218784e-05,
      "random_state": 42,
      "warm_start": false,
      "verbose": 0
    },
    "preprocessing_config": {
      "eps": 1e-06,
      "min_speed": 0.01,
      "max_hours": 9999.0
    }
  },
  "result": {
    "c_index": 0.941445842994369,
    "mean_brier": 0.07926953610054928,
    "hybrid_score": 0.9269450776279262,
    "std_c_index": 0.0019841152112878868,
    "std_mean_brier": 0.00350336530199665,
    "std_hybrid": 0.0026936272153129572
  }
}