{
  "trial_id": 248,
  "config": {
    "model_type": "coxnet",
    "model_params": {
      "l1_ratio": 0.929302073681663,
      "alpha_min_ratio": 0.0870516733649321,
      "n_alphas": 96,
      "max_iter": 17955,
      "tol": 9.138493147205581e-07
    },
    "seed": 2023,
    "cv_n_splits": 5,
    "cv_n_repeats": 10,
    "preprocessing_config": {
      "eps": 1e-06,
      "min_speed": 0.01,
      "max_hours": 9999.0
    }
  },
  "result": {
    "c_index": 0.9368251076515403,
    "mean_brier": 0.02598054822372998,
    "hybrid_score": 0.962861148538851,
    "std_c_index": 0.0027425745034251573,
    "std_mean_brier": 0.0007296601676310355,
    "std_hybrid": 0.0011676948479046735
  }
}