{
  "trial_id": 284,
  "config": {
    "model_type": "coxnet",
    "model_params": {
      "l1_ratio": 0.9037331518026144,
      "alpha_min_ratio": 0.05176895436461849,
      "n_alphas": 173,
      "max_iter": 1791,
      "tol": 8.275037427934541e-05
    },
    "seed": 42,
    "cv_n_splits": 5,
    "cv_n_repeats": 10,
    "preprocessing_config": {
      "eps": 1e-06,
      "min_speed": 0.01,
      "max_hours": 9999.0
    }
  },
  "result": {
    "c_index": 0.9377608479629016,
    "mean_brier": 0.02575775325381243,
    "hybrid_score": 0.9632978271112018,
    "std_c_index": 0.004220199066171572,
    "std_mean_brier": 0.001801446630811389,
    "std_hybrid": 0.0024126791306448925
  }
}