{
  "trial_id": 265,
  "config": {
    "model_type": "coxnet",
    "model_params": {
      "l1_ratio": 0.9593449964083829,
      "alpha_min_ratio": 0.08342184385328458,
      "n_alphas": 269,
      "max_iter": 1891,
      "tol": 3.7776111578217683e-06
    },
    "seed": 42,
    "cv_n_splits": 5,
    "cv_n_repeats": 10,
    "preprocessing_config": {
      "eps": 1e-06,
      "min_speed": 0.01,
      "max_hours": 9999.0
    }
  },
  "result": {
    "c_index": 0.9392431268631997,
    "mean_brier": 0.025425094385675952,
    "hybrid_score": 0.9639753719889868,
    "std_c_index": 0.002181522817270596,
    "std_mean_brier": 0.0007996805411662082,
    "std_hybrid": 0.0010650939891500974
  }
}