{
  "trial_id": 269,
  "config": {
    "model_type": "coxnet",
    "model_params": {
      "l1_ratio": 0.9941951478934828,
      "alpha_min_ratio": 0.08073793100292717,
      "n_alphas": 253,
      "max_iter": 1635,
      "tol": 1.5944610929146585e-05
    },
    "seed": 42,
    "cv_n_splits": 5,
    "cv_n_repeats": 10,
    "preprocessing_config": {
      "eps": 1e-06,
      "min_speed": 0.01,
      "max_hours": 9999.0
    }
  },
  "result": {
    "c_index": 0.939152037098377,
    "mean_brier": 0.02531158734094168,
    "hybrid_score": 0.9640274999908538,
    "std_c_index": 0.0023185894091731444,
    "std_mean_brier": 0.000839259776272391,
    "std_hybrid": 0.0011392831135685598
  }
}