{
  "trial_id": 22,
  "config": {
    "model_type": "coxnet",
    "model_params": {
      "l1_ratio": 0.9474890532074424,
      "alpha_min_ratio": 0.0613118671032973,
      "n_alphas": 298,
      "max_iter": 15576,
      "tol": 5.088230279433071e-06
    },
    "seed": 42,
    "cv_n_splits": 5,
    "cv_n_repeats": 10,
    "preprocessing_config": {
      "eps": 1e-06,
      "min_speed": 0.01,
      "max_hours": 9999.0
    }
  },
  "result": {
    "c_index": 0.9392596886386221,
    "mean_brier": 0.025339993930583594,
    "hybrid_score": 0.964039910840178,
    "std_c_index": 0.0022898563688032217,
    "std_mean_brier": 0.0013728137858505848,
    "std_hybrid": 0.0013335591228534984
  }
}