{
  "trial_id": 137,
  "config": {
    "model_type": "gbsa",
    "model_params": {
      "loss": "coxph",
      "n_estimators": 447,
      "learning_rate": 0.1658849993251112,
      "subsample": 0.514419030887878,
      "max_depth": 6,
      "max_features": "sqrt",
      "max_leaf_nodes": 31,
      "min_samples_split": 4,
      "min_samples_leaf": 7,
      "min_weight_fraction_leaf": 0.0,
      "min_impurity_decrease": 0.013191693292585275,
      "criterion": "friedman_mse",
      "ccp_alpha": 0.06529670481834313,
      "dropout_rate": 0.1319487312570879,
      "validation_fraction": 0.1835649538451196,
      "n_iter_no_change": null,
      "tol": 0.006631562066100081,
      "random_state": 42,
      "warm_start": false,
      "verbose": 0
    },
    "seed": 42,
    "cv_n_splits": 5,
    "cv_n_repeats": 10,
    "preprocessing_config": {
      "eps": 1e-06,
      "min_speed": 0.01,
      "max_hours": 9999.0
    }
  },
  "result": {
    "c_index": 0.9279272938058959,
    "mean_brier": 0.11778210019124258,
    "hybrid_score": 0.8959307180078989,
    "std_c_index": 0.0045434481056319306,
    "std_mean_brier": 0.004472372743890537,
    "std_hybrid": 0.0028604245453854394
  }
}