{
  "trial_id": 105,
  "config": {
    "model_type": "gbsa",
    "model_params": {
      "loss": "coxph",
      "n_estimators": 446,
      "learning_rate": 0.038343402583887444,
      "subsample": 0.9446546424461281,
      "max_depth": 1,
      "max_features": "log2",
      "max_leaf_nodes": 31,
      "min_samples_split": 13,
      "min_samples_leaf": 16,
      "min_weight_fraction_leaf": 0.0,
      "min_impurity_decrease": 0.03582836215508292,
      "criterion": "friedman_mse",
      "ccp_alpha": 1.244399059467039e-07,
      "dropout_rate": 0.0771045167161452,
      "validation_fraction": 0.264990537484733,
      "n_iter_no_change": null,
      "tol": 5.4333615048920095e-05,
      "random_state": 2023,
      "warm_start": false,
      "verbose": 0
    },
    "seed": 2023,
    "cv_n_splits": 5,
    "cv_n_repeats": 10,
    "preprocessing_config": {
      "eps": 1e-06,
      "min_speed": 0.01,
      "max_hours": 9999.0
    }
  },
  "result": {
    "c_index": 0.9404190129181847,
    "mean_brier": 0.18919044359872825,
    "hybrid_score": 0.8496923933563456,
    "std_c_index": 0.0037690776759948916,
    "std_mean_brier": 0.009306326121877323,
    "std_hybrid": 0.006960588580128647
  }
}