{
  "trial_id": 33,
  "config": {
    "model_type": "coxnet",
    "model_params": {
      "l1_ratio": 0.9086654214740166,
      "alpha_min_ratio": 0.08519377903507984,
      "n_alphas": 236,
      "max_iter": 14102,
      "tol": 3.527048271087714e-07
    },
    "seed": 2023,
    "cv_n_splits": 5,
    "cv_n_repeats": 10,
    "preprocessing_config": {
      "eps": 1e-06,
      "min_speed": 0.01,
      "max_hours": 9999.0
    }
  },
  "result": {
    "c_index": 0.9369824445180523,
    "mean_brier": 0.02599800363291387,
    "hybrid_score": 0.962896130812376,
    "std_c_index": 0.002727418198110492,
    "std_mean_brier": 0.0007375696122044198,
    "std_hybrid": 0.0011788799787769018
  }
}