{
  "trial_id": 164,
  "config": {
    "model_type": "gbsa",
    "model_params": {
      "loss": "coxph",
      "n_estimators": 175,
      "learning_rate": 0.1712103682043626,
      "subsample": 0.6440133687571561,
      "max_depth": 5,
      "max_features": null,
      "max_leaf_nodes": null,
      "min_samples_split": 3,
      "min_samples_leaf": 6,
      "min_weight_fraction_leaf": 0.0,
      "min_impurity_decrease": 0.024664243729155964,
      "criterion": "friedman_mse",
      "ccp_alpha": 0.024202898931467244,
      "dropout_rate": 0.10297972126337579,
      "validation_fraction": 0.2781048926067985,
      "n_iter_no_change": 20,
      "tol": 0.00079251534493376,
      "random_state": 42,
      "warm_start": false,
      "verbose": 0
    },
    "seed": 42,
    "cv_n_splits": 5,
    "cv_n_repeats": 10,
    "preprocessing_config": {
      "eps": 1e-06,
      "min_speed": 0.01,
      "max_hours": 9999.0
    }
  },
  "result": {
    "c_index": 0.9069186816826763,
    "mean_brier": 0.08993754195208262,
    "hybrid_score": 0.9091193251383449,
    "std_c_index": 0.00650475326013909,
    "std_mean_brier": 0.003977476649258804,
    "std_hybrid": 0.003613618471580415
  }
}