{
  "trial_id": 27,
  "config": {
    "model_type": "coxnet",
    "model_params": {
      "l1_ratio": 0.9745475371623874,
      "alpha_min_ratio": 0.01431543703270776,
      "n_alphas": 251,
      "max_iter": 9129,
      "tol": 1.544475362286941e-08
    },
    "seed": 2023,
    "cv_n_splits": 5,
    "cv_n_repeats": 10,
    "preprocessing_config": {
      "eps": 1e-06,
      "min_speed": 0.01,
      "max_hours": 9999.0
    }
  },
  "result": {
    "c_index": 0.9249751573368664,
    "mean_brier": 0.031676095800519145,
    "hybrid_score": 0.9553192801406967,
    "std_c_index": 0.01065348353350386,
    "std_mean_brier": 0.004777992040518673,
    "std_hybrid": 0.006215419351220371
  }
}