{
  "trial_id": 207,
  "config": {
    "model_type": "coxnet",
    "model_params": {
      "l1_ratio": 0.9809229986923,
      "alpha_min_ratio": 0.04800378600374656,
      "n_alphas": 268,
      "max_iter": 17335,
      "tol": 7.699856167474223e-06
    },
    "seed": 2023,
    "cv_n_splits": 5,
    "cv_n_repeats": 10,
    "preprocessing_config": {
      "eps": 1e-06,
      "min_speed": 0.01,
      "max_hours": 9999.0
    }
  },
  "result": {
    "c_index": 0.935077840344485,
    "mean_brier": 0.025675077152609742,
    "hybrid_score": 0.9625507980965187,
    "std_c_index": 0.003102405598297298,
    "std_mean_brier": 0.0009681057100861255,
    "std_hybrid": 0.0013781319382069168
  }
}