{
  "trial_id": 243,
  "config": {
    "model_type": "coxnet",
    "model_params": {
      "l1_ratio": 0.7329439351539428,
      "alpha_min_ratio": 0.09804628084388893,
      "n_alphas": 110,
      "max_iter": 15033,
      "tol": 2.142540339333469e-08
    },
    "seed": 2023,
    "cv_n_splits": 5,
    "cv_n_repeats": 10,
    "preprocessing_config": {
      "eps": 1e-06,
      "min_speed": 0.01,
      "max_hours": 9999.0
    }
  },
  "result": {
    "c_index": 0.9371315004968533,
    "mean_brier": 0.02728174740688221,
    "hybrid_score": 0.9620422269642382,
    "std_c_index": 0.002626438595675559,
    "std_mean_brier": 0.0006437371957515647,
    "std_hybrid": 0.0009813045004596417
  }
}