{
  "trial_id": 170,
  "config": {
    "model_type": "gbsa",
    "model_params": {
      "loss": "coxph",
      "n_estimators": 460,
      "learning_rate": 0.14173410832785419,
      "subsample": 0.6449984496193593,
      "max_depth": 3,
      "max_features": "sqrt",
      "max_leaf_nodes": 8,
      "min_samples_split": 5,
      "min_samples_leaf": 15,
      "min_weight_fraction_leaf": 0.0,
      "min_impurity_decrease": 0.03568831400160206,
      "criterion": "friedman_mse",
      "ccp_alpha": 0.00026034483682163924,
      "dropout_rate": 0.07592492518131867,
      "validation_fraction": 0.292444043673716,
      "n_iter_no_change": null,
      "tol": 0.0001666601083013993,
      "random_state": 777,
      "warm_start": false,
      "verbose": 0
    },
    "seed": 777,
    "cv_n_splits": 5,
    "cv_n_repeats": 10,
    "preprocessing_config": {
      "eps": 1e-06,
      "min_speed": 0.01,
      "max_hours": 9999.0
    }
  },
  "result": {
    "c_index": 0.9407750910897648,
    "mean_brier": 0.08576064277745457,
    "hybrid_score": 0.9222000773827113,
    "std_c_index": 0.002944039012989531,
    "std_mean_brier": 0.0051733317628973865,
    "std_hybrid": 0.003352282155478291
  }
}