{
  "trial_id": 128,
  "config": {
    "model_type": "gbsa",
    "model_params": {
      "loss": "coxph",
      "n_estimators": 63,
      "learning_rate": 0.1136296924272792,
      "subsample": 0.914182887761875,
      "max_depth": 3,
      "max_features": 0.5,
      "max_leaf_nodes": 31,
      "min_samples_split": 18,
      "min_samples_leaf": 9,
      "min_weight_fraction_leaf": 0.0,
      "min_impurity_decrease": 0.03688738614196956,
      "criterion": "friedman_mse",
      "ccp_alpha": 0.07340482395158979,
      "dropout_rate": 0.05891402584653091,
      "validation_fraction": 0.2715176734925271,
      "n_iter_no_change": 20,
      "tol": 9.05627233817165e-05,
      "random_state": 1024,
      "warm_start": false,
      "verbose": 0
    },
    "seed": 1024,
    "cv_n_splits": 5,
    "cv_n_repeats": 10,
    "preprocessing_config": {
      "eps": 1e-06,
      "min_speed": 0.01,
      "max_hours": 9999.0
    }
  },
  "result": {
    "c_index": 0.9045379264657172,
    "mean_brier": 0.09727971375472146,
    "hybrid_score": 0.9032655783114102,
    "std_c_index": 0.007405891913827579,
    "std_mean_brier": 0.005368171237484884,
    "std_hybrid": 0.0046561586052287635
  }
}