{
  "trial_id": 9,
  "config": {
    "model_type": "coxnet",
    "model_params": {
      "l1_ratio": 0.9722834265055369,
      "alpha_min_ratio": 0.0017136935532693614,
      "n_alphas": 231,
      "max_iter": 13603,
      "tol": 7.462787225464943e-08
    },
    "seed": 2023,
    "cv_n_splits": 5,
    "cv_n_repeats": 10,
    "preprocessing_config": {
      "eps": 1e-06,
      "min_speed": 0.01,
      "max_hours": 9999.0
    }
  },
  "result": {
    "c_index": 0.9118002649884067,
    "mean_brier": 0.04332007061487429,
    "hybrid_score": 0.9432160300661099,
    "std_c_index": 0.01764810269711108,
    "std_mean_brier": 0.008522941645579141,
    "std_hybrid": 0.010702002855205965
  }
}