{
  "trial_id": 54,
  "config": {
    "model_type": "gbsa",
    "model_params": {
      "loss": "coxph",
      "n_estimators": 203,
      "learning_rate": 0.13249542540580644,
      "subsample": 0.6881176932091965,
      "max_depth": 5,
      "max_features": 0.3,
      "max_leaf_nodes": 16,
      "min_samples_split": 10,
      "min_samples_leaf": 14,
      "min_weight_fraction_leaf": 0.0,
      "min_impurity_decrease": 0.041595298718189636,
      "criterion": "friedman_mse",
      "ccp_alpha": 0.00019748635008210954,
      "dropout_rate": 0.08473487409084182,
      "validation_fraction": 0.20172203311807815,
      "n_iter_no_change": 20,
      "tol": 0.006482903261347898,
      "random_state": 2023,
      "warm_start": false,
      "verbose": 0
    },
    "seed": 2023,
    "cv_n_splits": 5,
    "cv_n_repeats": 10,
    "preprocessing_config": {
      "eps": 1e-06,
      "min_speed": 0.01,
      "max_hours": 9999.0
    }
  },
  "result": {
    "c_index": 0.9376324942033785,
    "mean_brier": 0.09956954389532857,
    "hybrid_score": 0.9115910675342833,
    "std_c_index": 0.004667771575390986,
    "std_mean_brier": 0.007830732406957983,
    "std_hybrid": 0.005786035786014955
  }
}