{
  "trial_id": 198,
  "config": {
    "model_type": "coxnet",
    "model_params": {
      "l1_ratio": 0.9847693682908153,
      "alpha_min_ratio": 0.0961449938752925,
      "n_alphas": 287,
      "max_iter": 13738,
      "tol": 3.059446633162468e-07
    },
    "seed": 42,
    "cv_n_splits": 5,
    "cv_n_repeats": 10,
    "preprocessing_config": {
      "eps": 1e-06,
      "min_speed": 0.01,
      "max_hours": 9999.0
    }
  },
  "result": {
    "c_index": 0.9390940708843989,
    "mean_brier": 0.025671358544477767,
    "hybrid_score": 0.963758270284185,
    "std_c_index": 0.002342554680327199,
    "std_mean_brier": 0.0007680063635365774,
    "std_hybrid": 0.0010573309484084008
  }
}