{
  "trial_id": 229,
  "config": {
    "seed": 42,
    "cv_n_splits": 5,
    "cv_n_repeats": 10,
    "gbsa_config": {
      "loss": "coxph",
      "n_estimators": 458,
      "learning_rate": 0.0946160308036127,
      "subsample": 0.6166322407793863,
      "max_depth": 4,
      "max_features": "sqrt",
      "max_leaf_nodes": 8,
      "min_samples_split": 7,
      "min_samples_leaf": 17,
      "min_weight_fraction_leaf": 0.0,
      "min_impurity_decrease": 0.03297648020316019,
      "criterion": "friedman_mse",
      "ccp_alpha": 0.01227126457959178,
      "dropout_rate": 0.027245554692479194,
      "validation_fraction": 0.12454541481142238,
      "n_iter_no_change": 5,
      "tol": 4.70468487952857e-05,
      "random_state": 42,
      "warm_start": false,
      "verbose": 0
    },
    "preprocessing_config": {
      "eps": 1e-06,
      "min_speed": 0.01,
      "max_hours": 9999.0
    }
  },
  "result": {
    "c_index": 0.9186444186816827,
    "mean_brier": 0.07898190399971679,
    "hybrid_score": 0.9203059928047029,
    "std_c_index": 0.006046591990662164,
    "std_mean_brier": 0.006707589592188995,
    "std_hybrid": 0.004219684036224932
  }
}