{
  "trial_id": 65,
  "config": {
    "model_type": "coxnet",
    "model_params": {
      "l1_ratio": 0.9821070023660914,
      "alpha_min_ratio": 0.049287265411691365,
      "n_alphas": 244,
      "max_iter": 17690,
      "tol": 8.05768949367676e-06
    },
    "seed": 42,
    "cv_n_splits": 5,
    "cv_n_repeats": 10,
    "preprocessing_config": {
      "eps": 1e-06,
      "min_speed": 0.01,
      "max_hours": 9999.0
    }
  },
  "result": {
    "c_index": 0.9376366346472341,
    "mean_brier": 0.0256488980476993,
    "hybrid_score": 0.9633367617607809,
    "std_c_index": 0.004529494188132203,
    "std_mean_brier": 0.002409818762278441,
    "std_hybrid": 0.0029360441158359485
  }
}