{
  "trial_id": 175,
  "config": {
    "model_type": "coxnet",
    "model_params": {
      "l1_ratio": 0.9959715857746759,
      "alpha_min_ratio": 0.06371602834542277,
      "n_alphas": 270,
      "max_iter": 1391,
      "tol": 3.298592328678665e-05
    },
    "seed": 42,
    "cv_n_splits": 5,
    "cv_n_repeats": 10,
    "preprocessing_config": {
      "eps": 1e-06,
      "min_speed": 0.01,
      "max_hours": 9999.0
    }
  },
  "result": {
    "c_index": 0.9391437562106658,
    "mean_brier": 0.02513068025403787,
    "hybrid_score": 0.9641516506853733,
    "std_c_index": 0.0025937691481623427,
    "std_mean_brier": 0.0010650389694383852,
    "std_hybrid": 0.0013151855379263597
  }
}