{
  "trial_id": 287,
  "config": {
    "model_type": "gbsa",
    "model_params": {
      "loss": "coxph",
      "n_estimators": 182,
      "learning_rate": 0.021185603820656297,
      "subsample": 0.834484643249007,
      "max_depth": 5,
      "max_features": 1.0,
      "max_leaf_nodes": 16,
      "min_samples_split": 19,
      "min_samples_leaf": 3,
      "min_weight_fraction_leaf": 0.0,
      "min_impurity_decrease": 0.0038472531582982566,
      "criterion": "friedman_mse",
      "ccp_alpha": 1.9432344300234438e-07,
      "dropout_rate": 0.04253832047242526,
      "validation_fraction": 0.1495469538846185,
      "n_iter_no_change": null,
      "tol": 0.0004458476824169369,
      "random_state": 1024,
      "warm_start": false,
      "verbose": 0
    },
    "seed": 1024,
    "cv_n_splits": 5,
    "cv_n_repeats": 10,
    "preprocessing_config": {
      "eps": 1e-06,
      "min_speed": 0.01,
      "max_hours": 9999.0
    }
  },
  "result": {
    "c_index": 0.9395909241470685,
    "mean_brier": 0.16705610770542736,
    "hybrid_score": 0.8649380018503214,
    "std_c_index": 0.004006700480670376,
    "std_mean_brier": 0.010925430029556262,
    "std_hybrid": 0.00790753269234893
  }
}