{
  "trial_id": 148,
  "config": {
    "model_type": "gbsa",
    "model_params": {
      "loss": "coxph",
      "n_estimators": 208,
      "learning_rate": 0.10512273585901966,
      "subsample": 0.7969727231728319,
      "max_depth": 6,
      "max_features": "sqrt",
      "max_leaf_nodes": 31,
      "min_samples_split": 2,
      "min_samples_leaf": 9,
      "min_weight_fraction_leaf": 0.0,
      "min_impurity_decrease": 0.02333484127218004,
      "criterion": "friedman_mse",
      "ccp_alpha": 0.004220632765049438,
      "dropout_rate": 0.011110014277952166,
      "validation_fraction": 0.2825581307038874,
      "n_iter_no_change": 10,
      "tol": 1.7347510004079687e-05,
      "random_state": 42,
      "warm_start": false,
      "verbose": 0
    },
    "seed": 42,
    "cv_n_splits": 5,
    "cv_n_repeats": 10,
    "preprocessing_config": {
      "eps": 1e-06,
      "min_speed": 0.01,
      "max_hours": 9999.0
    }
  },
  "result": {
    "c_index": 0.9371066578337197,
    "mean_brier": 0.04954838548224127,
    "hybrid_score": 0.946448127512547,
    "std_c_index": 0.0051042454130530105,
    "std_mean_brier": 0.004259502275916683,
    "std_hybrid": 0.0037937558928944335
  }
}