{
  "trial_id": 237,
  "config": {
    "model_type": "coxnet",
    "model_params": {
      "l1_ratio": 0.997255355906377,
      "alpha_min_ratio": 0.07692621797964758,
      "n_alphas": 219,
      "max_iter": 15808,
      "tol": 8.258235237426608e-05
    },
    "seed": 1024,
    "cv_n_splits": 5,
    "cv_n_repeats": 10,
    "preprocessing_config": {
      "eps": 1e-06,
      "min_speed": 0.01,
      "max_hours": 9999.0
    }
  },
  "result": {
    "c_index": 0.9360881086452467,
    "mean_brier": 0.025721140710383155,
    "hybrid_score": 0.9628216340963057,
    "std_c_index": 0.0037189945195920905,
    "std_mean_brier": 0.0007874629934050445,
    "std_hybrid": 0.001563885064465853
  }
}