{
  "trial_id": 292,
  "config": {
    "model_type": "gbsa",
    "model_params": {
      "loss": "coxph",
      "n_estimators": 244,
      "learning_rate": 0.057841360539192935,
      "subsample": 0.5137917618360258,
      "max_depth": 6,
      "max_features": 1.0,
      "max_leaf_nodes": 8,
      "min_samples_split": 4,
      "min_samples_leaf": 5,
      "min_weight_fraction_leaf": 0.0,
      "min_impurity_decrease": 0.03840688761654156,
      "criterion": "friedman_mse",
      "ccp_alpha": 2.0021992537491635e-08,
      "dropout_rate": 0.04074778908888248,
      "validation_fraction": 0.16102863724859923,
      "n_iter_no_change": null,
      "tol": 2.3068340028822376e-05,
      "random_state": 42,
      "warm_start": false,
      "verbose": 0
    },
    "seed": 42,
    "cv_n_splits": 5,
    "cv_n_repeats": 10,
    "preprocessing_config": {
      "eps": 1e-06,
      "min_speed": 0.01,
      "max_hours": 9999.0
    }
  },
  "result": {
    "c_index": 0.9420917522358397,
    "mean_brier": 0.10465093726621141,
    "hybrid_score": 0.909371869584404,
    "std_c_index": 0.002236774920023583,
    "std_mean_brier": 0.005006326036151789,
    "std_hybrid": 0.003788445432879804
  }
}