{
  "trial_id": 106,
  "config": {
    "model_type": "coxnet",
    "model_params": {
      "l1_ratio": 0.8177513100404749,
      "alpha_min_ratio": 0.09486861438754432,
      "n_alphas": 173,
      "max_iter": 14549,
      "tol": 1.9622243898376713e-08
    },
    "seed": 2023,
    "cv_n_splits": 5,
    "cv_n_repeats": 10,
    "preprocessing_config": {
      "eps": 1e-06,
      "min_speed": 0.01,
      "max_hours": 9999.0
    }
  },
  "result": {
    "c_index": 0.9370569725074528,
    "mean_brier": 0.026581369348646956,
    "hybrid_score": 0.9625101332081829,
    "std_c_index": 0.002530336320307712,
    "std_mean_brier": 0.0006571527405198245,
    "std_hybrid": 0.0010362084146756457
  }
}