{
  "trial_id": 258,
  "config": {
    "model_type": "coxnet",
    "model_params": {
      "l1_ratio": 0.7233472583950664,
      "alpha_min_ratio": 0.02225153547991938,
      "n_alphas": 175,
      "max_iter": 15728,
      "tol": 4.843750060554565e-06
    },
    "seed": 777,
    "cv_n_splits": 5,
    "cv_n_repeats": 10,
    "preprocessing_config": {
      "eps": 1e-06,
      "min_speed": 0.01,
      "max_hours": 9999.0
    }
  },
  "result": {
    "c_index": 0.9282295462073534,
    "mean_brier": 0.030311296302995856,
    "hybrid_score": 0.9572509564501088,
    "std_c_index": 0.008048839685382171,
    "std_mean_brier": 0.0048016065765034595,
    "std_hybrid": 0.005297490384738506
  }
}