{
  "trial_id": 109,
  "config": {
    "model_type": "coxnet",
    "model_params": {
      "l1_ratio": 0.8125198088306372,
      "alpha_min_ratio": 0.0618233296636537,
      "n_alphas": 195,
      "max_iter": 16115,
      "tol": 2.183364877171858e-05
    },
    "seed": 42,
    "cv_n_splits": 5,
    "cv_n_repeats": 10,
    "preprocessing_config": {
      "eps": 1e-06,
      "min_speed": 0.01,
      "max_hours": 9999.0
    }
  },
  "result": {
    "c_index": 0.9389615766810202,
    "mean_brier": 0.025826477757230848,
    "hybrid_score": 0.9636099385742444,
    "std_c_index": 0.0024155365067060125,
    "std_mean_brier": 0.0009340915082319518,
    "std_hybrid": 0.0011575107704608698
  }
}