{
  "trial_id": 160,
  "config": {
    "model_type": "coxnet",
    "model_params": {
      "l1_ratio": 0.8951229793906483,
      "alpha_min_ratio": 0.08445153196937062,
      "n_alphas": 230,
      "max_iter": 13414,
      "tol": 1.7922873582906115e-07
    },
    "seed": 2023,
    "cv_n_splits": 5,
    "cv_n_repeats": 10,
    "preprocessing_config": {
      "eps": 1e-06,
      "min_speed": 0.01,
      "max_hours": 9999.0
    }
  },
  "result": {
    "c_index": 0.937065253395164,
    "mean_brier": 0.026015087157763774,
    "hybrid_score": 0.9629090150081145,
    "std_c_index": 0.0026676799754365853,
    "std_mean_brier": 0.0007390087294651998,
    "std_hybrid": 0.0011571611900413911
  }
}