{
  "trial_id": 100,
  "config": {
    "model_type": "coxnet",
    "model_params": {
      "l1_ratio": 0.9844780665436754,
      "alpha_min_ratio": 0.023210960173664877,
      "n_alphas": 209,
      "max_iter": 19478,
      "tol": 1.3833734525738312e-06
    },
    "seed": 1024,
    "cv_n_splits": 5,
    "cv_n_repeats": 10,
    "preprocessing_config": {
      "eps": 1e-06,
      "min_speed": 0.01,
      "max_hours": 9999.0
    }
  },
  "result": {
    "c_index": 0.9311775422325272,
    "mean_brier": 0.027562939974117007,
    "hybrid_score": 0.9600592046878761,
    "std_c_index": 0.004379556323110116,
    "std_mean_brier": 0.0020873119382182597,
    "std_hybrid": 0.0023914957073517523
  }
}