{
  "trial_id": 24,
  "config": {
    "model_type": "coxnet",
    "model_params": {
      "l1_ratio": 0.6910885336193164,
      "alpha_min_ratio": 0.09957948926923686,
      "n_alphas": 300,
      "max_iter": 16886,
      "tol": 9.960403118915171e-08
    },
    "seed": 2023,
    "cv_n_splits": 5,
    "cv_n_repeats": 10,
    "preprocessing_config": {
      "eps": 1e-06,
      "min_speed": 0.01,
      "max_hours": 9999.0
    }
  },
  "result": {
    "c_index": 0.9370072871811859,
    "mean_brier": 0.027707502687230774,
    "hybrid_score": 0.9617069342732941,
    "std_c_index": 0.0025264308501715023,
    "std_mean_brier": 0.0006359694555198855,
    "std_hybrid": 0.0009104749051325602
  }
}