{
  "trial_id": 214,
  "config": {
    "model_type": "coxnet",
    "model_params": {
      "l1_ratio": 0.995773692216993,
      "alpha_min_ratio": 0.09952558738534567,
      "n_alphas": 285,
      "max_iter": 17894,
      "tol": 1.6466302206335868e-05
    },
    "seed": 42,
    "cv_n_splits": 5,
    "cv_n_repeats": 10,
    "preprocessing_config": {
      "eps": 1e-06,
      "min_speed": 0.01,
      "max_hours": 9999.0
    }
  },
  "result": {
    "c_index": 0.9390857899966877,
    "mean_brier": 0.02577014430956412,
    "hybrid_score": 0.9636866359823113,
    "std_c_index": 0.0023722105690352937,
    "std_mean_brier": 0.0007720683831122733,
    "std_hybrid": 0.0010612533044616563
  }
}