{
  "trial_id": 116,
  "config": {
    "model_type": "coxnet",
    "model_params": {
      "l1_ratio": 0.9210999305438875,
      "alpha_min_ratio": 0.010446955171347281,
      "n_alphas": 175,
      "max_iter": 19042,
      "tol": 1.2785664995458283e-05
    },
    "seed": 42,
    "cv_n_splits": 5,
    "cv_n_repeats": 10,
    "preprocessing_config": {
      "eps": 1e-06,
      "min_speed": 0.01,
      "max_hours": 9999.0
    }
  },
  "result": {
    "c_index": 0.9276167605167274,
    "mean_brier": 0.03138632592519623,
    "hybrid_score": 0.9563146000073809,
    "std_c_index": 0.009343061791058859,
    "std_mean_brier": 0.0030074176104354818,
    "std_hybrid": 0.004623977118672175
  }
}