{
  "trial_id": 215,
  "config": {
    "model_type": "coxnet",
    "model_params": {
      "l1_ratio": 0.9848254259484079,
      "alpha_min_ratio": 0.04166671091599188,
      "n_alphas": 285,
      "max_iter": 19814,
      "tol": 7.738678082371131e-07
    },
    "seed": 1024,
    "cv_n_splits": 5,
    "cv_n_repeats": 10,
    "preprocessing_config": {
      "eps": 1e-06,
      "min_speed": 0.01,
      "max_hours": 9999.0
    }
  },
  "result": {
    "c_index": 0.9348625372639947,
    "mean_brier": 0.02581678244122356,
    "hybrid_score": 0.9623870134703421,
    "std_c_index": 0.0032074305833741106,
    "std_mean_brier": 0.0012577289742836083,
    "std_hybrid": 0.0014858625721122089
  }
}