{
  "trial_id": 232,
  "config": {
    "model_type": "coxnet",
    "model_params": {
      "l1_ratio": 0.9700193752087778,
      "alpha_min_ratio": 0.08622628847108682,
      "n_alphas": 221,
      "max_iter": 18446,
      "tol": 7.334093606070005e-06
    },
    "seed": 42,
    "cv_n_splits": 5,
    "cv_n_repeats": 10,
    "preprocessing_config": {
      "eps": 1e-06,
      "min_speed": 0.01,
      "max_hours": 9999.0
    }
  },
  "result": {
    "c_index": 0.9392514077509106,
    "mean_brier": 0.02548987412135102,
    "hybrid_score": 0.9639325104403277,
    "std_c_index": 0.002382018617206093,
    "std_mean_brier": 0.0007941889944795777,
    "std_hybrid": 0.0011200693362130598
  }
}