{
  "trial_id": 99,
  "config": {
    "model_type": "gbsa",
    "model_params": {
      "loss": "coxph",
      "n_estimators": 336,
      "learning_rate": 0.10372147510781701,
      "subsample": 0.704608041122529,
      "max_depth": 3,
      "max_features": 0.5,
      "max_leaf_nodes": 8,
      "min_samples_split": 16,
      "min_samples_leaf": 13,
      "min_weight_fraction_leaf": 0.0,
      "min_impurity_decrease": 0.023277868961767423,
      "criterion": "friedman_mse",
      "ccp_alpha": 0.003874828684740077,
      "dropout_rate": 0.019605910688288885,
      "validation_fraction": 0.1437255512106272,
      "n_iter_no_change": null,
      "tol": 7.01458235670819e-05,
      "random_state": 777,
      "warm_start": false,
      "verbose": 0
    },
    "seed": 777,
    "cv_n_splits": 5,
    "cv_n_repeats": 10,
    "preprocessing_config": {
      "eps": 1e-06,
      "min_speed": 0.01,
      "max_hours": 9999.0
    }
  },
  "result": {
    "c_index": 0.9410732030473667,
    "mean_brier": 0.041051014075760985,
    "hybrid_score": 0.9535862510611771,
    "std_c_index": 0.0022343670392182234,
    "std_mean_brier": 0.002359805186734033,
    "std_hybrid": 0.001640978892427658
  }
}