{
  "trial_id": 192,
  "config": {
    "model_type": "coxnet",
    "model_params": {
      "l1_ratio": 0.944587857282182,
      "alpha_min_ratio": 0.0955028015146222,
      "n_alphas": 281,
      "max_iter": 17130,
      "tol": 8.875255942549079e-05
    },
    "seed": 42,
    "cv_n_splits": 5,
    "cv_n_repeats": 10,
    "preprocessing_config": {
      "eps": 1e-06,
      "min_speed": 0.01,
      "max_hours": 9999.0
    }
  },
  "result": {
    "c_index": 0.9396902947996025,
    "mean_brier": 0.02579907263910064,
    "hybrid_score": 0.9638477375925103,
    "std_c_index": 0.0024859357314490475,
    "std_mean_brier": 0.0007584022066707395,
    "std_hybrid": 0.0010952764567769763
  }
}