{
  "trial_id": 272,
  "config": {
    "model_type": "gbsa",
    "model_params": {
      "loss": "coxph",
      "n_estimators": 186,
      "learning_rate": 0.1886745037563856,
      "subsample": 0.5205445652735544,
      "max_depth": 5,
      "max_features": "sqrt",
      "max_leaf_nodes": 16,
      "min_samples_split": 2,
      "min_samples_leaf": 17,
      "min_weight_fraction_leaf": 0.0,
      "min_impurity_decrease": 0.025329149370245444,
      "criterion": "friedman_mse",
      "ccp_alpha": 5.572754738212333e-06,
      "dropout_rate": 0.18633957525206524,
      "validation_fraction": 0.15273168726492278,
      "n_iter_no_change": null,
      "tol": 0.0002583396712645338,
      "random_state": 2023,
      "warm_start": false,
      "verbose": 0
    },
    "seed": 2023,
    "cv_n_splits": 5,
    "cv_n_repeats": 10,
    "preprocessing_config": {
      "eps": 1e-06,
      "min_speed": 0.01,
      "max_hours": 9999.0
    }
  },
  "result": {
    "c_index": 0.925,
    "mean_brier": 0.13145563014281697,
    "hybrid_score": 0.885481058900028,
    "std_c_index": 0.004283916993181396,
    "std_mean_brier": 0.005831248531374758,
    "std_hybrid": 0.004561149375012831
  }
}