{
  "trial_id": 104,
  "config": {
    "model_type": "coxnet",
    "model_params": {
      "l1_ratio": 0.9058455841591321,
      "alpha_min_ratio": 0.06843718930881847,
      "n_alphas": 245,
      "max_iter": 13969,
      "tol": 3.748730819482084e-05
    },
    "seed": 1024,
    "cv_n_splits": 5,
    "cv_n_repeats": 10,
    "preprocessing_config": {
      "eps": 1e-06,
      "min_speed": 0.01,
      "max_hours": 9999.0
    }
  },
  "result": {
    "c_index": 0.9362537263994699,
    "mean_brier": 0.025862858921390154,
    "hybrid_score": 0.962772116674868,
    "std_c_index": 0.0035507148730690263,
    "std_mean_brier": 0.0008281336604535247,
    "std_hybrid": 0.0015453846399032163
  }
}