{
  "trial_id": 88,
  "config": {
    "model_type": "coxnet",
    "model_params": {
      "l1_ratio": 0.2056118669700558,
      "alpha_min_ratio": 0.006319250869133276,
      "n_alphas": 264,
      "max_iter": 7085,
      "tol": 5.531834246987928e-07
    },
    "seed": 42,
    "cv_n_splits": 5,
    "cv_n_repeats": 10,
    "preprocessing_config": {
      "eps": 1e-06,
      "min_speed": 0.01,
      "max_hours": 9999.0
    }
  },
  "result": {
    "c_index": 0.9290907585293144,
    "mean_brier": 0.031125702868254862,
    "hybrid_score": 0.9569392355510159,
    "std_c_index": 0.009538853005891985,
    "std_mean_brier": 0.0027873867016821926,
    "std_hybrid": 0.0045528387392096475
  }
}