{
  "trial_id": 169,
  "config": {
    "model_type": "gbsa",
    "model_params": {
      "loss": "coxph",
      "n_estimators": 106,
      "learning_rate": 0.13782872375331548,
      "subsample": 0.7907043569456691,
      "max_depth": 1,
      "max_features": 0.3,
      "max_leaf_nodes": 31,
      "min_samples_split": 15,
      "min_samples_leaf": 7,
      "min_weight_fraction_leaf": 0.0,
      "min_impurity_decrease": 0.0020778063975491357,
      "criterion": "friedman_mse",
      "ccp_alpha": 0.000586559429990865,
      "dropout_rate": 0.269851742998601,
      "validation_fraction": 0.20560602208145554,
      "n_iter_no_change": null,
      "tol": 0.000550929686211548,
      "random_state": 1024,
      "warm_start": false,
      "verbose": 0
    },
    "seed": 1024,
    "cv_n_splits": 5,
    "cv_n_repeats": 10,
    "preprocessing_config": {
      "eps": 1e-06,
      "min_speed": 0.01,
      "max_hours": 9999.0
    }
  },
  "result": {
    "c_index": 0.9122308711493874,
    "mean_brier": 0.1631502591685518,
    "hybrid_score": 0.8594640799268298,
    "std_c_index": 0.006476051279347169,
    "std_mean_brier": 0.00991769899136854,
    "std_hybrid": 0.006778395090304982
  }
}