{
  "trial_id": 32,
  "config": {
    "model_type": "gbsa",
    "model_params": {
      "loss": "coxph",
      "n_estimators": 212,
      "learning_rate": 0.11931183574864189,
      "subsample": 0.5237309292039949,
      "max_depth": 5,
      "max_features": 0.3,
      "max_leaf_nodes": null,
      "min_samples_split": 18,
      "min_samples_leaf": 8,
      "min_weight_fraction_leaf": 0.0,
      "min_impurity_decrease": 0.029855024649106162,
      "criterion": "friedman_mse",
      "ccp_alpha": 2.156902375361256e-05,
      "dropout_rate": 0.12877465391324924,
      "validation_fraction": 0.22339280100900832,
      "n_iter_no_change": 10,
      "tol": 0.0028534772520974463,
      "random_state": 1024,
      "warm_start": false,
      "verbose": 0
    },
    "seed": 1024,
    "cv_n_splits": 5,
    "cv_n_repeats": 10,
    "preprocessing_config": {
      "eps": 1e-06,
      "min_speed": 0.01,
      "max_hours": 9999.0
    }
  },
  "result": {
    "c_index": 0.9402244120569725,
    "mean_brier": 0.1272903923738272,
    "hybrid_score": 0.8929640489554128,
    "std_c_index": 0.002895177054833265,
    "std_mean_brier": 0.00792542248618063,
    "std_hybrid": 0.006128587762070294
  }
}