{
  "trial_id": 241,
  "config": {
    "model_type": "coxnet",
    "model_params": {
      "l1_ratio": 0.9188539400764223,
      "alpha_min_ratio": 0.055059705664387754,
      "n_alphas": 147,
      "max_iter": 15395,
      "tol": 8.375300349021089e-08
    },
    "seed": 1024,
    "cv_n_splits": 5,
    "cv_n_repeats": 10,
    "preprocessing_config": {
      "eps": 1e-06,
      "min_speed": 0.01,
      "max_hours": 9999.0
    }
  },
  "result": {
    "c_index": 0.9360715468698244,
    "mean_brier": 0.02573571185782842,
    "hybrid_score": 0.9628064657604674,
    "std_c_index": 0.003291796084972063,
    "std_mean_brier": 0.0008853907790044422,
    "std_hybrid": 0.0014500411759531412
  }
}