{
  "trial_id": 145,
  "config": {
    "model_type": "gbsa",
    "model_params": {
      "loss": "coxph",
      "n_estimators": 69,
      "learning_rate": 0.042352961227469024,
      "subsample": 0.6181030479600741,
      "max_depth": 4,
      "max_features": 0.5,
      "max_leaf_nodes": 63,
      "min_samples_split": 16,
      "min_samples_leaf": 5,
      "min_weight_fraction_leaf": 0.0,
      "min_impurity_decrease": 0.0048380428279609766,
      "criterion": "friedman_mse",
      "ccp_alpha": 0.00020428787399672923,
      "dropout_rate": 0.05507106505843759,
      "validation_fraction": 0.27406234436439164,
      "n_iter_no_change": null,
      "tol": 0.0009984259455721495,
      "random_state": 1024,
      "warm_start": false,
      "verbose": 0
    },
    "seed": 1024,
    "cv_n_splits": 5,
    "cv_n_repeats": 10,
    "preprocessing_config": {
      "eps": 1e-06,
      "min_speed": 0.01,
      "max_hours": 9999.0
    }
  },
  "result": {
    "c_index": 0.9413257701225571,
    "mean_brier": 0.1514105848753887,
    "hybrid_score": 0.8764103216239951,
    "std_c_index": 0.002972853104859672,
    "std_mean_brier": 0.009944690348532549,
    "std_hybrid": 0.007325405305350661
  }
}