{
  "trial_id": 93,
  "config": {
    "model_type": "coxnet",
    "model_params": {
      "l1_ratio": 0.8727863543261897,
      "alpha_min_ratio": 0.032619970414817887,
      "n_alphas": 254,
      "max_iter": 18697,
      "tol": 2.799546287330103e-05
    },
    "seed": 1024,
    "cv_n_splits": 5,
    "cv_n_repeats": 10,
    "preprocessing_config": {
      "eps": 1e-06,
      "min_speed": 0.01,
      "max_hours": 9999.0
    }
  },
  "result": {
    "c_index": 0.933968201391189,
    "mean_brier": 0.02649088848857505,
    "hybrid_score": 0.9616468384753543,
    "std_c_index": 0.0033059726519119956,
    "std_mean_brier": 0.0013694253242054317,
    "std_hybrid": 0.0016003069736080977
  }
}