{
  "trial_id": 93,
  "config": {
    "model_type": "gbsa",
    "model_params": {
      "loss": "coxph",
      "n_estimators": 144,
      "learning_rate": 0.03824736173094105,
      "subsample": 0.5661262106691166,
      "max_depth": 3,
      "max_features": 1.0,
      "max_leaf_nodes": 16,
      "min_samples_split": 12,
      "min_samples_leaf": 15,
      "min_weight_fraction_leaf": 0.0,
      "min_impurity_decrease": 0.01587757392381603,
      "criterion": "friedman_mse",
      "ccp_alpha": 5.656122536581876e-07,
      "dropout_rate": 0.07136119646348062,
      "validation_fraction": 0.20455745819918847,
      "n_iter_no_change": 5,
      "tol": 0.0001067755431069749,
      "random_state": 2023,
      "warm_start": false,
      "verbose": 0
    },
    "seed": 2023,
    "cv_n_splits": 5,
    "cv_n_repeats": 10,
    "preprocessing_config": {
      "eps": 1e-06,
      "min_speed": 0.01,
      "max_hours": 9999.0
    }
  },
  "result": {
    "c_index": 0.9117133156674395,
    "mean_brier": 0.1725661453770036,
    "hybrid_score": 0.8527176929363293,
    "std_c_index": 0.009627846131542075,
    "std_mean_brier": 0.012911965819991357,
    "std_hybrid": 0.01052081589849332
  }
}