{
  "trial_id": 269,
  "config": {
    "seed": 42,
    "cv_n_splits": 5,
    "cv_n_repeats": 10,
    "gbsa_config": {
      "loss": "coxph",
      "n_estimators": 407,
      "learning_rate": 0.09968726822374553,
      "subsample": 0.6808813394378762,
      "max_depth": 5,
      "max_features": null,
      "max_leaf_nodes": null,
      "min_samples_split": 9,
      "min_samples_leaf": 5,
      "min_weight_fraction_leaf": 0.0,
      "min_impurity_decrease": 0.03815449177269491,
      "criterion": "friedman_mse",
      "ccp_alpha": 2.9555839479791595e-06,
      "dropout_rate": 0.01798979785743992,
      "validation_fraction": 0.1538034933349622,
      "n_iter_no_change": null,
      "tol": 0.0026535861756471425,
      "random_state": 42,
      "warm_start": false,
      "verbose": 0
    },
    "preprocessing_config": {
      "eps": 1e-06,
      "min_speed": 0.01,
      "max_hours": 9999.0
    }
  },
  "result": {
    "c_index": 0.93910235177211,
    "mean_brier": 0.04371517802001444,
    "hybrid_score": 0.9511300809176226,
    "std_c_index": 0.0013271139865893003,
    "std_mean_brier": 0.002490001968633616,
    "std_hybrid": 0.0019411072713095899
  }
}