{
  "trial_id": 33,
  "config": {
    "model_type": "coxnet",
    "model_params": {
      "l1_ratio": 0.9820957776102999,
      "alpha_min_ratio": 0.07951938878949279,
      "n_alphas": 52,
      "max_iter": 370,
      "tol": 7.8711597336666e-07
    },
    "seed": 42,
    "cv_n_splits": 5,
    "cv_n_repeats": 10,
    "preprocessing_config": {
      "eps": 1e-06,
      "min_speed": 0.01,
      "max_hours": 9999.0
    }
  },
  "result": {
    "c_index": 0.9394915534945346,
    "mean_brier": 0.02579485290674837,
    "hybrid_score": 0.9637910690136364,
    "std_c_index": 0.002076192120173161,
    "std_mean_brier": 0.0007727082535886628,
    "std_hybrid": 0.0010005495086755896
  }
}