{
  "trial_id": 124,
  "config": {
    "model_type": "gbsa",
    "model_params": {
      "loss": "coxph",
      "n_estimators": 429,
      "learning_rate": 0.12973612827713285,
      "subsample": 0.7100340624654189,
      "max_depth": 3,
      "max_features": 0.3,
      "max_leaf_nodes": 31,
      "min_samples_split": 20,
      "min_samples_leaf": 6,
      "min_weight_fraction_leaf": 0.0,
      "min_impurity_decrease": 0.010485626649539352,
      "criterion": "friedman_mse",
      "ccp_alpha": 2.0462136732154834e-07,
      "dropout_rate": 0.1647866498616893,
      "validation_fraction": 0.2709990233704566,
      "n_iter_no_change": null,
      "tol": 0.00860731534527735,
      "random_state": 1024,
      "warm_start": false,
      "verbose": 0
    },
    "seed": 1024,
    "cv_n_splits": 5,
    "cv_n_repeats": 10,
    "preprocessing_config": {
      "eps": 1e-06,
      "min_speed": 0.01,
      "max_hours": 9999.0
    }
  },
  "result": {
    "c_index": 0.941553494534614,
    "mean_brier": 0.13739687858555777,
    "hybrid_score": 0.8862882333504938,
    "std_c_index": 0.002222550769759361,
    "std_mean_brier": 0.009113806650769166,
    "std_hybrid": 0.006651733207732146
  }
}