{
  "trial_id": 55,
  "config": {
    "model_type": "coxnet",
    "model_params": {
      "l1_ratio": 0.1790433190125424,
      "alpha_min_ratio": 0.00018036233308157008,
      "n_alphas": 142,
      "max_iter": 16214,
      "tol": 8.657658989482047e-07
    },
    "seed": 2023,
    "cv_n_splits": 5,
    "cv_n_repeats": 10,
    "preprocessing_config": {
      "eps": 1e-06,
      "min_speed": 0.01,
      "max_hours": 9999.0
    }
  },
  "result": {
    "c_index": 0.906773766147731,
    "mean_brier": 0.05358332944017434,
    "hybrid_score": 0.9345237992361971,
    "std_c_index": 0.01958774979462367,
    "std_mean_brier": 0.012093568560951645,
    "std_hybrid": 0.013725438207842488
  }
}