{
  "trial_id": 192,
  "config": {
    "model_type": "coxnet",
    "model_params": {
      "l1_ratio": 0.92550388543537,
      "alpha_min_ratio": 0.06102047169239289,
      "n_alphas": 232,
      "max_iter": 14021,
      "tol": 7.610425968741077e-06
    },
    "seed": 777,
    "cv_n_splits": 5,
    "cv_n_repeats": 10,
    "preprocessing_config": {
      "eps": 1e-06,
      "min_speed": 0.01,
      "max_hours": 9999.0
    }
  },
  "result": {
    "c_index": 0.9364441868168267,
    "mean_brier": 0.02542144109746084,
    "hybrid_score": 0.9631382472768253,
    "std_c_index": 0.003550415517047805,
    "std_mean_brier": 0.000509971572475457,
    "std_hybrid": 0.0012903513125774604
  }
}