{
  "trial_id": 82,
  "config": {
    "model_type": "coxnet",
    "model_params": {
      "l1_ratio": 0.5569517000126479,
      "alpha_min_ratio": 0.016353534841541565,
      "n_alphas": 141,
      "max_iter": 19444,
      "tol": 1.0941708562237459e-08
    },
    "seed": 42,
    "cv_n_splits": 5,
    "cv_n_repeats": 10,
    "preprocessing_config": {
      "eps": 1e-06,
      "min_speed": 0.01,
      "max_hours": 9999.0
    }
  },
  "result": {
    "c_index": 0.9295710500165617,
    "mean_brier": 0.0288749194659697,
    "hybrid_score": 0.9586588713787897,
    "std_c_index": 0.008191237974122986,
    "std_mean_brier": 0.0028236269009406286,
    "std_hybrid": 0.004336547790661224
  }
}