{
  "trial_id": 236,
  "config": {
    "model_type": "coxnet",
    "model_params": {
      "l1_ratio": 0.9934428507705593,
      "alpha_min_ratio": 0.0705213688706518,
      "n_alphas": 248,
      "max_iter": 16980,
      "tol": 3.075940246909124e-06
    },
    "seed": 42,
    "cv_n_splits": 5,
    "cv_n_repeats": 10,
    "preprocessing_config": {
      "eps": 1e-06,
      "min_speed": 0.01,
      "max_hours": 9999.0
    }
  },
  "result": {
    "c_index": 0.9391851606492215,
    "mean_brier": 0.025055031389959764,
    "hybrid_score": 0.9642170262217945,
    "std_c_index": 0.0024632544111584725,
    "std_mean_brier": 0.0008700639096829026,
    "std_hybrid": 0.0011951376279810513
  }
}