{
  "trial_id": 164,
  "config": {
    "model_type": "coxnet",
    "model_params": {
      "l1_ratio": 0.9690901244920503,
      "alpha_min_ratio": 0.08741120726669736,
      "n_alphas": 109,
      "max_iter": 11913,
      "tol": 2.0604974012484323e-05
    },
    "seed": 777,
    "cv_n_splits": 5,
    "cv_n_repeats": 10,
    "preprocessing_config": {
      "eps": 1e-06,
      "min_speed": 0.01,
      "max_hours": 9999.0
    }
  },
  "result": {
    "c_index": 0.9363365352765814,
    "mean_brier": 0.02583071494640029,
    "hybrid_score": 0.9628194601204945,
    "std_c_index": 0.0029875074177038385,
    "std_mean_brier": 0.000518928602656915,
    "std_hybrid": 0.0011403314348811993
  }
}