{
  "trial_id": 184,
  "config": {
    "model_type": "coxnet",
    "model_params": {
      "l1_ratio": 0.9291331813936481,
      "alpha_min_ratio": 0.09336975675008655,
      "n_alphas": 293,
      "max_iter": 15801,
      "tol": 9.828795220349115e-05
    },
    "seed": 42,
    "cv_n_splits": 5,
    "cv_n_repeats": 10,
    "preprocessing_config": {
      "eps": 1e-06,
      "min_speed": 0.01,
      "max_hours": 9999.0
    }
  },
  "result": {
    "c_index": 0.9397648227890029,
    "mean_brier": 0.025782961491840534,
    "hybrid_score": 0.9638813737924125,
    "std_c_index": 0.0023808668263079506,
    "std_mean_brier": 0.0007593144616109316,
    "std_hybrid": 0.0010776822050365252
  }
}