{
  "trial_id": 33,
  "config": {
    "model_type": "coxnet",
    "model_params": {
      "l1_ratio": 0.9891430511031404,
      "alpha_min_ratio": 0.07066387648386094,
      "n_alphas": 153,
      "max_iter": 18399,
      "tol": 1.7386692156476405e-06
    },
    "seed": 777,
    "cv_n_splits": 5,
    "cv_n_repeats": 10,
    "preprocessing_config": {
      "eps": 1e-06,
      "min_speed": 0.01,
      "max_hours": 9999.0
    }
  },
  "result": {
    "c_index": 0.9361295130838027,
    "mean_brier": 0.025376570170681963,
    "hybrid_score": 0.9630752548056634,
    "std_c_index": 0.0036560002017985388,
    "std_mean_brier": 0.0005026442991800883,
    "std_hybrid": 0.001336921130994343
  }
}