{
  "trial_id": 143,
  "config": {
    "model_type": "coxnet",
    "model_params": {
      "l1_ratio": 0.9417679348204069,
      "alpha_min_ratio": 0.03537419251571421,
      "n_alphas": 143,
      "max_iter": 16871,
      "tol": 3.897978857012111e-06
    },
    "seed": 777,
    "cv_n_splits": 5,
    "cv_n_repeats": 10,
    "preprocessing_config": {
      "eps": 1e-06,
      "min_speed": 0.01,
      "max_hours": 9999.0
    }
  },
  "result": {
    "c_index": 0.9329496522027162,
    "mean_brier": 0.027379363175167943,
    "hybrid_score": 0.9607193414381973,
    "std_c_index": 0.003743116966864509,
    "std_mean_brier": 0.002614157895366097,
    "std_hybrid": 0.0024373011936244947
  }
}