{
  "trial_id": 224,
  "config": {
    "model_type": "gbsa",
    "model_params": {
      "loss": "coxph",
      "n_estimators": 474,
      "learning_rate": 0.11775327919388721,
      "subsample": 0.6215648621317325,
      "max_depth": 3,
      "max_features": "sqrt",
      "max_leaf_nodes": 8,
      "min_samples_split": 20,
      "min_samples_leaf": 9,
      "min_weight_fraction_leaf": 0.0,
      "min_impurity_decrease": 0.03538425984935806,
      "criterion": "friedman_mse",
      "ccp_alpha": 0.00012444099486251157,
      "dropout_rate": 0.06094650102130994,
      "validation_fraction": 0.25242787788712284,
      "n_iter_no_change": 5,
      "tol": 2.0719896009028057e-05,
      "random_state": 777,
      "warm_start": false,
      "verbose": 0
    },
    "seed": 777,
    "cv_n_splits": 5,
    "cv_n_repeats": 10,
    "preprocessing_config": {
      "eps": 1e-06,
      "min_speed": 0.01,
      "max_hours": 9999.0
    }
  },
  "result": {
    "c_index": 0.9344360715468698,
    "mean_brier": 0.09201935776891632,
    "hybrid_score": 0.9159172710258195,
    "std_c_index": 0.004892885328408527,
    "std_mean_brier": 0.006369862098104434,
    "std_hybrid": 0.0048361198288761585
  }
}