{
  "trial_id": 166,
  "config": {
    "model_type": "gbsa",
    "model_params": {
      "loss": "coxph",
      "n_estimators": 449,
      "learning_rate": 0.11636009860788099,
      "subsample": 0.6060687457588003,
      "max_depth": 1,
      "max_features": 1.0,
      "max_leaf_nodes": 31,
      "min_samples_split": 15,
      "min_samples_leaf": 19,
      "min_weight_fraction_leaf": 0.0,
      "min_impurity_decrease": 0.0012504028752450813,
      "criterion": "friedman_mse",
      "ccp_alpha": 1.4191126149325549e-05,
      "dropout_rate": 0.13490796959374315,
      "validation_fraction": 0.19942839483083358,
      "n_iter_no_change": null,
      "tol": 0.0011840168816008747,
      "random_state": 2023,
      "warm_start": false,
      "verbose": 0
    },
    "seed": 2023,
    "cv_n_splits": 5,
    "cv_n_repeats": 10,
    "preprocessing_config": {
      "eps": 1e-06,
      "min_speed": 0.01,
      "max_hours": 9999.0
    }
  },
  "result": {
    "c_index": 0.9031301755548196,
    "mean_brier": 0.1389166025533901,
    "hybrid_score": 0.8736974308790728,
    "std_c_index": 0.005221367297071979,
    "std_mean_brier": 0.006447084195270602,
    "std_hybrid": 0.003782975829915492
  }
}