{
  "trial_id": 10,
  "config": {
    "model_type": "coxnet",
    "model_params": {
      "l1_ratio": 0.8251600754392918,
      "alpha_min_ratio": 0.03570022153615545,
      "n_alphas": 66,
      "max_iter": 15480,
      "tol": 1.2235105045517538e-08
    },
    "seed": 2023,
    "cv_n_splits": 5,
    "cv_n_repeats": 10,
    "preprocessing_config": {
      "eps": 1e-06,
      "min_speed": 0.01,
      "max_hours": 9999.0
    }
  },
  "result": {
    "c_index": 0.9338605498509441,
    "mean_brier": 0.026566554974904445,
    "hybrid_score": 0.9615615764728501,
    "std_c_index": 0.0037752221052743174,
    "std_mean_brier": 0.0012011047983958635,
    "std_hybrid": 0.0017588771540463254
  }
}