{
  "trial_id": 91,
  "config": {
    "model_type": "coxnet",
    "model_params": {
      "l1_ratio": 0.40640862968043145,
      "alpha_min_ratio": 0.0011203835051520313,
      "n_alphas": 199,
      "max_iter": 10736,
      "tol": 7.30501664572061e-05
    },
    "seed": 2023,
    "cv_n_splits": 5,
    "cv_n_repeats": 10,
    "preprocessing_config": {
      "eps": 1e-06,
      "min_speed": 0.01,
      "max_hours": 9999.0
    }
  },
  "result": {
    "c_index": 0.9184415369327592,
    "mean_brier": 0.04028342864791182,
    "hybrid_score": 0.9473340610262895,
    "std_c_index": 0.018667789771787194,
    "std_mean_brier": 0.007696755186529227,
    "std_hybrid": 0.01043116946725955
  }
}