{
  "trial_id": 152,
  "config": {
    "model_type": "coxnet",
    "model_params": {
      "l1_ratio": 0.9916409459756839,
      "alpha_min_ratio": 0.021590114326980065,
      "n_alphas": 239,
      "max_iter": 15560,
      "tol": 3.64088238367539e-07
    },
    "seed": 2023,
    "cv_n_splits": 5,
    "cv_n_repeats": 10,
    "preprocessing_config": {
      "eps": 1e-06,
      "min_speed": 0.01,
      "max_hours": 9999.0
    }
  },
  "result": {
    "c_index": 0.9288092083471348,
    "mean_brier": 0.02963650460889325,
    "hybrid_score": 0.957897209277915,
    "std_c_index": 0.007529512985007213,
    "std_mean_brier": 0.0035824801597964416,
    "std_hybrid": 0.004545205269734496
  }
}