{
  "trial_id": 217,
  "config": {
    "model_type": "coxnet",
    "model_params": {
      "l1_ratio": 0.975617541604513,
      "alpha_min_ratio": 0.037051769095853865,
      "n_alphas": 174,
      "max_iter": 17310,
      "tol": 8.969374458674355e-05
    },
    "seed": 1024,
    "cv_n_splits": 5,
    "cv_n_repeats": 10,
    "preprocessing_config": {
      "eps": 1e-06,
      "min_speed": 0.01,
      "max_hours": 9999.0
    }
  },
  "result": {
    "c_index": 0.9346555150712156,
    "mean_brier": 0.026146934692311906,
    "hybrid_score": 0.9620938002367463,
    "std_c_index": 0.0029353264900764116,
    "std_mean_brier": 0.0012273071381029945,
    "std_hybrid": 0.0013714964371142444
  }
}