{
  "trial_id": 222,
  "config": {
    "model_type": "coxnet",
    "model_params": {
      "l1_ratio": 0.7587529133133435,
      "alpha_min_ratio": 0.0003140178640498189,
      "n_alphas": 224,
      "max_iter": 1671,
      "tol": 1.9459529694315842e-07
    },
    "seed": 42,
    "cv_n_splits": 5,
    "cv_n_repeats": 10,
    "preprocessing_config": {
      "eps": 1e-06,
      "min_speed": 0.01,
      "max_hours": 9999.0
    }
  },
  "result": {
    "c_index": 0.9269211659489898,
    "mean_brier": 0.03848472074576647,
    "hybrid_score": 0.9511370452626604,
    "std_c_index": 0.01216113982604599,
    "std_mean_brier": 0.006795556386767698,
    "std_hybrid": 0.0077471915630077685
  }
}