{
  "trial_id": 251,
  "config": {
    "model_type": "coxnet",
    "model_params": {
      "l1_ratio": 0.18326414700987448,
      "alpha_min_ratio": 0.01940794563875691,
      "n_alphas": 255,
      "max_iter": 3299,
      "tol": 2.163910180363187e-08
    },
    "seed": 1024,
    "cv_n_splits": 5,
    "cv_n_repeats": 10,
    "preprocessing_config": {
      "eps": 1e-06,
      "min_speed": 0.01,
      "max_hours": 9999.0
    }
  },
  "result": {
    "c_index": 0.9338191454123883,
    "mean_brier": 0.029331002913022326,
    "hybrid_score": 0.9596140415846008,
    "std_c_index": 0.0030468265719503,
    "std_mean_brier": 0.0012498935970643645,
    "std_hybrid": 0.0014359471962140417
  }
}