{
  "trial_id": 105,
  "config": {
    "model_type": "gbsa",
    "model_params": {
      "loss": "coxph",
      "n_estimators": 404,
      "learning_rate": 0.13726320638447323,
      "subsample": 0.9077482958442562,
      "max_depth": 3,
      "max_features": 0.3,
      "max_leaf_nodes": 31,
      "min_samples_split": 19,
      "min_samples_leaf": 4,
      "min_weight_fraction_leaf": 0.0,
      "min_impurity_decrease": 0.03305944459690905,
      "criterion": "friedman_mse",
      "ccp_alpha": 0.003362302592546703,
      "dropout_rate": 0.08791325276979411,
      "validation_fraction": 0.19890722336280497,
      "n_iter_no_change": null,
      "tol": 0.000495440198817781,
      "random_state": 1024,
      "warm_start": false,
      "verbose": 0
    },
    "seed": 1024,
    "cv_n_splits": 5,
    "cv_n_repeats": 10,
    "preprocessing_config": {
      "eps": 1e-06,
      "min_speed": 0.01,
      "max_hours": 9999.0
    }
  },
  "result": {
    "c_index": 0.9395039748261013,
    "mean_brier": 0.09158164169031931,
    "hybrid_score": 0.9177440432646069,
    "std_c_index": 0.0029916504815359966,
    "std_mean_brier": 0.006279052256808749,
    "std_hybrid": 0.004894172604730136
  }
}