{
  "trial_id": 164,
  "config": {
    "model_type": "coxnet",
    "model_params": {
      "l1_ratio": 0.8654822205389068,
      "alpha_min_ratio": 0.09546029339034767,
      "n_alphas": 254,
      "max_iter": 14910,
      "tol": 1.220420669508146e-06
    },
    "seed": 2023,
    "cv_n_splits": 5,
    "cv_n_repeats": 10,
    "preprocessing_config": {
      "eps": 1e-06,
      "min_speed": 0.01,
      "max_hours": 9999.0
    }
  },
  "result": {
    "c_index": 0.9371315004968533,
    "mean_brier": 0.026374480125437506,
    "hybrid_score": 0.9626773140612498,
    "std_c_index": 0.0025856533183841787,
    "std_mean_brier": 0.0006573966283264283,
    "std_hybrid": 0.001072763402670084
  }
}