{
  "trial_id": 177,
  "config": {
    "model_type": "coxnet",
    "model_params": {
      "l1_ratio": 0.9742231125967223,
      "alpha_min_ratio": 0.059216793862148134,
      "n_alphas": 218,
      "max_iter": 14692,
      "tol": 9.84574601830843e-08
    },
    "seed": 2023,
    "cv_n_splits": 5,
    "cv_n_repeats": 10,
    "preprocessing_config": {
      "eps": 1e-06,
      "min_speed": 0.01,
      "max_hours": 9999.0
    }
  },
  "result": {
    "c_index": 0.935574693607155,
    "mean_brier": 0.025639878377642387,
    "hybrid_score": 0.9627244932177967,
    "std_c_index": 0.0028286232442515883,
    "std_mean_brier": 0.0009628078335918075,
    "std_hybrid": 0.0013115231089302019
  }
}