{
  "trial_id": 1,
  "config": {
    "model_type": "coxnet",
    "model_params": {
      "l1_ratio": 0.4678955922748659,
      "alpha_min_ratio": 0.00011648472664387373,
      "n_alphas": 232,
      "max_iter": 10963,
      "tol": 1.512658719819251e-06
    },
    "seed": 2023,
    "cv_n_splits": 5,
    "cv_n_repeats": 10,
    "preprocessing_config": {
      "eps": 1e-06,
      "min_speed": 0.01,
      "max_hours": 9999.0
    }
  },
  "result": {
    "c_index": 0.9035525008280889,
    "mean_brier": 0.05416034989091806,
    "hybrid_score": 0.9331535053247839,
    "std_c_index": 0.02445353432090394,
    "std_mean_brier": 0.014556371604524417,
    "std_hybrid": 0.016566947358521038
  }
}