{
  "trial_id": 23,
  "config": {
    "model_type": "gbsa",
    "model_params": {
      "loss": "coxph",
      "n_estimators": 64,
      "learning_rate": 0.09962572609948814,
      "subsample": 0.5322483621811573,
      "max_depth": 5,
      "max_features": 0.5,
      "max_leaf_nodes": null,
      "min_samples_split": 12,
      "min_samples_leaf": 17,
      "min_weight_fraction_leaf": 0.0,
      "min_impurity_decrease": 0.04004060439302316,
      "criterion": "friedman_mse",
      "ccp_alpha": 0.00038399035423615345,
      "dropout_rate": 0.08618594929590208,
      "validation_fraction": 0.12357794455584512,
      "n_iter_no_change": null,
      "tol": 4.389693357805298e-05,
      "random_state": 1024,
      "warm_start": false,
      "verbose": 0
    },
    "seed": 1024,
    "cv_n_splits": 5,
    "cv_n_repeats": 10,
    "preprocessing_config": {
      "eps": 1e-06,
      "min_speed": 0.01,
      "max_hours": 9999.0
    }
  },
  "result": {
    "c_index": 0.9132494203378604,
    "mean_brier": 0.12158519511582018,
    "hybrid_score": 0.8888651895202839,
    "std_c_index": 0.008906012925046692,
    "std_mean_brier": 0.0072512451343799585,
    "std_hybrid": 0.005197837579429651
  }
}