{
  "trial_id": 5,
  "config": {
    "model_type": "coxnet",
    "model_params": {
      "l1_ratio": 0.10395183635292826,
      "alpha_min_ratio": 0.0023162299536553057,
      "n_alphas": 99,
      "max_iter": 8192,
      "tol": 5.2738507746595286e-05
    },
    "seed": 2023,
    "cv_n_splits": 5,
    "cv_n_repeats": 10,
    "preprocessing_config": {
      "eps": 1e-06,
      "min_speed": 0.01,
      "max_hours": 9999.0
    }
  },
  "result": {
    "c_index": 0.92393176548526,
    "mean_brier": 0.03481534653182148,
    "hybrid_score": 0.952808787073303,
    "std_c_index": 0.01485422304588085,
    "std_mean_brier": 0.006453420307833411,
    "std_hybrid": 0.008746249988192319
  }
}