{
  "trial_id": 69,
  "config": {
    "model_type": "coxnet",
    "model_params": {
      "l1_ratio": 0.9765795715336746,
      "alpha_min_ratio": 0.08163747112656447,
      "n_alphas": 292,
      "max_iter": 16037,
      "tol": 1.0884491306013097e-06
    },
    "seed": 42,
    "cv_n_splits": 5,
    "cv_n_repeats": 10,
    "preprocessing_config": {
      "eps": 1e-06,
      "min_speed": 0.01,
      "max_hours": 9999.0
    }
  },
  "result": {
    "c_index": 0.9391106326598212,
    "mean_brier": 0.025328566906685945,
    "hybrid_score": 0.9640031929632661,
    "std_c_index": 0.002254181753610664,
    "std_mean_brier": 0.000815078466821747,
    "std_hybrid": 0.001081131608866383
  }
}