{
  "trial_id": 135,
  "config": {
    "model_type": "coxnet",
    "model_params": {
      "l1_ratio": 0.9821535334027233,
      "alpha_min_ratio": 0.08068155499963806,
      "n_alphas": 254,
      "max_iter": 18454,
      "tol": 9.259078999504358e-05
    },
    "seed": 42,
    "cv_n_splits": 5,
    "cv_n_repeats": 10,
    "preprocessing_config": {
      "eps": 1e-06,
      "min_speed": 0.01,
      "max_hours": 9999.0
    }
  },
  "result": {
    "c_index": 0.9393921828420007,
    "mean_brier": 0.02533162477782287,
    "hybrid_score": 0.9640855175081242,
    "std_c_index": 0.0023110798960612276,
    "std_mean_brier": 0.0008283524854779657,
    "std_hybrid": 0.0011301047783339713
  }
}