{
  "trial_id": 68,
  "config": {
    "model_type": "coxnet",
    "model_params": {
      "l1_ratio": 0.36174060203354663,
      "alpha_min_ratio": 0.0017267198260854102,
      "n_alphas": 248,
      "max_iter": 5095,
      "tol": 6.804452753108841e-05
    },
    "seed": 1024,
    "cv_n_splits": 5,
    "cv_n_repeats": 10,
    "preprocessing_config": {
      "eps": 1e-06,
      "min_speed": 0.01,
      "max_hours": 9999.0
    }
  },
  "result": {
    "c_index": 0.9243954951970853,
    "mean_brier": 0.03609231611367401,
    "hybrid_score": 0.9520540272795538,
    "std_c_index": 0.012219403163074627,
    "std_mean_brier": 0.00427344464367075,
    "std_hybrid": 0.006322634658010182
  }
}