{
  "trial_id": 61,
  "config": {
    "model_type": "coxnet",
    "model_params": {
      "l1_ratio": 0.859275075339801,
      "alpha_min_ratio": 0.09603621844482406,
      "n_alphas": 193,
      "max_iter": 978,
      "tol": 4.559374508636864e-06
    },
    "seed": 42,
    "cv_n_splits": 5,
    "cv_n_repeats": 10,
    "preprocessing_config": {
      "eps": 1e-06,
      "min_speed": 0.01,
      "max_hours": 9999.0
    }
  },
  "result": {
    "c_index": 0.9399387214309375,
    "mean_brier": 0.026249754527227748,
    "hybrid_score": 0.9636067882602216,
    "std_c_index": 0.0024712727436551757,
    "std_mean_brier": 0.0007822648570618864,
    "std_hybrid": 0.0011370198168858554
  }
}