{
  "trial_id": 176,
  "config": {
    "model_type": "coxnet",
    "model_params": {
      "l1_ratio": 0.7953726881870256,
      "alpha_min_ratio": 0.0004500451293247073,
      "n_alphas": 87,
      "max_iter": 6630,
      "tol": 7.487439606128578e-05
    },
    "seed": 777,
    "cv_n_splits": 5,
    "cv_n_repeats": 10,
    "preprocessing_config": {
      "eps": 1e-06,
      "min_speed": 0.01,
      "max_hours": 9999.0
    }
  },
  "result": {
    "c_index": 0.9199403776084795,
    "mean_brier": 0.042368414403786,
    "hybrid_score": 0.9463242231998936,
    "std_c_index": 0.012856930901382008,
    "std_mean_brier": 0.008362723031584455,
    "std_hybrid": 0.008741675490140988
  }
}