{
  "trial_id": 281,
  "config": {
    "model_type": "coxnet",
    "model_params": {
      "l1_ratio": 0.702286325838213,
      "alpha_min_ratio": 0.048785005919544995,
      "n_alphas": 68,
      "max_iter": 14873,
      "tol": 4.380428614714951e-08
    },
    "seed": 777,
    "cv_n_splits": 5,
    "cv_n_repeats": 10,
    "preprocessing_config": {
      "eps": 1e-06,
      "min_speed": 0.01,
      "max_hours": 9999.0
    }
  },
  "result": {
    "c_index": 0.935028155018218,
    "mean_brier": 0.026384273948194648,
    "hybrid_score": 0.9620394547417291,
    "std_c_index": 0.002667217242689278,
    "std_mean_brier": 0.00074406039000421,
    "std_hybrid": 0.0010166194507166344
  }
}