{
  "trial_id": 186,
  "config": {
    "model_type": "gbsa",
    "model_params": {
      "loss": "coxph",
      "n_estimators": 86,
      "learning_rate": 0.12224876192245941,
      "subsample": 0.6936616449314374,
      "max_depth": 1,
      "max_features": 0.3,
      "max_leaf_nodes": 31,
      "min_samples_split": 7,
      "min_samples_leaf": 3,
      "min_weight_fraction_leaf": 0.0,
      "min_impurity_decrease": 0.017537228200462558,
      "criterion": "friedman_mse",
      "ccp_alpha": 0.0014625250897468967,
      "dropout_rate": 0.005710550667555418,
      "validation_fraction": 0.10456550298837866,
      "n_iter_no_change": null,
      "tol": 0.0022239247864617715,
      "random_state": 1024,
      "warm_start": false,
      "verbose": 0
    },
    "seed": 1024,
    "cv_n_splits": 5,
    "cv_n_repeats": 10,
    "preprocessing_config": {
      "eps": 1e-06,
      "min_speed": 0.01,
      "max_hours": 9999.0
    }
  },
  "result": {
    "c_index": 0.9155722093408413,
    "mean_brier": 0.04609461186579909,
    "hybrid_score": 0.942405434496193,
    "std_c_index": 0.007857542531087131,
    "std_mean_brier": 0.001731327498096742,
    "std_hybrid": 0.002199546542309365
  }
}