{
  "trial_id": 96,
  "config": {
    "model_type": "coxnet",
    "model_params": {
      "l1_ratio": 0.016697239110156192,
      "alpha_min_ratio": 0.000667405168874417,
      "n_alphas": 250,
      "max_iter": 5190,
      "tol": 1.1750151676330198e-08
    },
    "seed": 42,
    "cv_n_splits": 5,
    "cv_n_repeats": 10,
    "preprocessing_config": {
      "eps": 1e-06,
      "min_speed": 0.01,
      "max_hours": 9999.0
    }
  },
  "result": {
    "c_index": 0.9318896985756874,
    "mean_brier": 0.03160976075891617,
    "hybrid_score": 0.9574400770414648,
    "std_c_index": 0.009383619733417116,
    "std_mean_brier": 0.0029819202363986583,
    "std_hybrid": 0.004422685588117387
  }
}