{
  "trial_id": 253,
  "config": {
    "model_type": "coxnet",
    "model_params": {
      "l1_ratio": 0.9317174001675362,
      "alpha_min_ratio": 0.07614933377367417,
      "n_alphas": 129,
      "max_iter": 19805,
      "tol": 1.0451695288398388e-06
    },
    "seed": 777,
    "cv_n_splits": 5,
    "cv_n_repeats": 10,
    "preprocessing_config": {
      "eps": 1e-06,
      "min_speed": 0.01,
      "max_hours": 9999.0
    }
  },
  "result": {
    "c_index": 0.9365269956939384,
    "mean_brier": 0.025559340536742393,
    "hybrid_score": 0.9630665603324617,
    "std_c_index": 0.0034823569743386825,
    "std_mean_brier": 0.0005220078976085931,
    "std_hybrid": 0.0013067110076749302
  }
}