{
  "trial_id": 47,
  "config": {
    "model_type": "gbsa",
    "model_params": {
      "loss": "coxph",
      "n_estimators": 388,
      "learning_rate": 0.13983776119562416,
      "subsample": 0.9658031184274959,
      "max_depth": 3,
      "max_features": 0.3,
      "max_leaf_nodes": 63,
      "min_samples_split": 15,
      "min_samples_leaf": 2,
      "min_weight_fraction_leaf": 0.0,
      "min_impurity_decrease": 0.03363614211422981,
      "criterion": "friedman_mse",
      "ccp_alpha": 0.000672486062954736,
      "dropout_rate": 0.0021084317211089096,
      "validation_fraction": 0.2401388234267231,
      "n_iter_no_change": null,
      "tol": 0.0005748913592361244,
      "random_state": 1024,
      "warm_start": false,
      "verbose": 0
    },
    "seed": 1024,
    "cv_n_splits": 5,
    "cv_n_repeats": 10,
    "preprocessing_config": {
      "eps": 1e-06,
      "min_speed": 0.01,
      "max_hours": 9999.0
    }
  },
  "result": {
    "c_index": 0.9351151043391852,
    "mean_brier": 0.027906915472050327,
    "hybrid_score": 0.9609996904713203,
    "std_c_index": 0.003887894418024347,
    "std_mean_brier": 0.0022821380414825647,
    "std_hybrid": 0.0023803052915231443
  }
}