{
  "trial_id": 81,
  "config": {
    "model_type": "coxnet",
    "model_params": {
      "l1_ratio": 0.9947546121555708,
      "alpha_min_ratio": 0.040616616664832114,
      "n_alphas": 230,
      "max_iter": 11494,
      "tol": 4.609177681173588e-06
    },
    "seed": 42,
    "cv_n_splits": 5,
    "cv_n_repeats": 10,
    "preprocessing_config": {
      "eps": 1e-06,
      "min_speed": 0.01,
      "max_hours": 9999.0
    }
  },
  "result": {
    "c_index": 0.9367505796621398,
    "mean_brier": 0.025745709068086937,
    "hybrid_score": 0.963003177550981,
    "std_c_index": 0.0051271736674476185,
    "std_mean_brier": 0.002809095422164861,
    "std_hybrid": 0.003358806665344967
  }
}