{
  "trial_id": 193,
  "config": {
    "model_type": "gbsa",
    "model_params": {
      "loss": "coxph",
      "n_estimators": 427,
      "learning_rate": 0.17286439643606533,
      "subsample": 0.6785318790212801,
      "max_depth": 4,
      "max_features": "sqrt",
      "max_leaf_nodes": 31,
      "min_samples_split": 6,
      "min_samples_leaf": 17,
      "min_weight_fraction_leaf": 0.0,
      "min_impurity_decrease": 0.0382710580351403,
      "criterion": "friedman_mse",
      "ccp_alpha": 4.738294913371357e-07,
      "dropout_rate": 0.04060850967672949,
      "validation_fraction": 0.2449386167984322,
      "n_iter_no_change": null,
      "tol": 0.0030592619197603206,
      "random_state": 2023,
      "warm_start": false,
      "verbose": 0
    },
    "seed": 2023,
    "cv_n_splits": 5,
    "cv_n_repeats": 10,
    "preprocessing_config": {
      "eps": 1e-06,
      "min_speed": 0.01,
      "max_hours": 9999.0
    }
  },
  "result": {
    "c_index": 0.9423153362040411,
    "mean_brier": 0.05011787925289958,
    "hybrid_score": 0.9476120853841827,
    "std_c_index": 0.003965014942339782,
    "std_mean_brier": 0.0031167398975273696,
    "std_hybrid": 0.003082397562867769
  }
}