{
  "trial_id": 125,
  "config": {
    "model_type": "coxnet",
    "model_params": {
      "l1_ratio": 0.9089574108604783,
      "alpha_min_ratio": 0.09979329350885081,
      "n_alphas": 183,
      "max_iter": 402,
      "tol": 2.2903878004360377e-06
    },
    "seed": 42,
    "cv_n_splits": 5,
    "cv_n_repeats": 10,
    "preprocessing_config": {
      "eps": 1e-06,
      "min_speed": 0.01,
      "max_hours": 9999.0
    }
  },
  "result": {
    "c_index": 0.9397482610135807,
    "mean_brier": 0.026168870242071235,
    "hybrid_score": 0.9636062691346243,
    "std_c_index": 0.002632280464963773,
    "std_mean_brier": 0.0007412001173848759,
    "std_hybrid": 0.00113209928126073
  }
}