{
  "trial_id": 284,
  "config": {
    "model_type": "coxnet",
    "model_params": {
      "l1_ratio": 0.5145531299212025,
      "alpha_min_ratio": 0.0002158116647195816,
      "n_alphas": 69,
      "max_iter": 4790,
      "tol": 2.0561078417392974e-08
    },
    "seed": 1024,
    "cv_n_splits": 5,
    "cv_n_repeats": 10,
    "preprocessing_config": {
      "eps": 1e-06,
      "min_speed": 0.01,
      "max_hours": 9999.0
    }
  },
  "result": {
    "c_index": 0.9230043060616098,
    "mean_brier": 0.0382085111607777,
    "hybrid_score": 0.9501553340059387,
    "std_c_index": 0.012688027926753108,
    "std_mean_brier": 0.004298927089949947,
    "std_hybrid": 0.006072509470195202
  }
}