{
  "trial_id": 64,
  "config": {
    "model_type": "gbsa",
    "model_params": {
      "loss": "coxph",
      "n_estimators": 112,
      "learning_rate": 0.17496901387359506,
      "subsample": 0.9953549731776488,
      "max_depth": 5,
      "max_features": 1.0,
      "max_leaf_nodes": 8,
      "min_samples_split": 5,
      "min_samples_leaf": 3,
      "min_weight_fraction_leaf": 0.0,
      "min_impurity_decrease": 0.02488866143622503,
      "criterion": "friedman_mse",
      "ccp_alpha": 0.0039872014649071814,
      "dropout_rate": 0.10986458669738945,
      "validation_fraction": 0.29331284074768565,
      "n_iter_no_change": null,
      "tol": 0.00010583598672171492,
      "random_state": 42,
      "warm_start": false,
      "verbose": 0
    },
    "seed": 42,
    "cv_n_splits": 5,
    "cv_n_repeats": 10,
    "preprocessing_config": {
      "eps": 1e-06,
      "min_speed": 0.01,
      "max_hours": 9999.0
    }
  },
  "result": {
    "c_index": 0.9387462736005301,
    "mean_brier": 0.09208216829178746,
    "hybrid_score": 0.9171663642759078,
    "std_c_index": 0.0034918059578189758,
    "std_mean_brier": 0.0041216301111347145,
    "std_hybrid": 0.003168434069610897
  }
}