{
  "trial_id": 250,
  "config": {
    "model_type": "gbsa",
    "model_params": {
      "loss": "coxph",
      "n_estimators": 133,
      "learning_rate": 0.07059833023566192,
      "subsample": 0.9790610349741677,
      "max_depth": 3,
      "max_features": "log2",
      "max_leaf_nodes": 63,
      "min_samples_split": 17,
      "min_samples_leaf": 6,
      "min_weight_fraction_leaf": 0.0,
      "min_impurity_decrease": 0.012781101338510351,
      "criterion": "friedman_mse",
      "ccp_alpha": 0.0022694394032079027,
      "dropout_rate": 0.09672634957982477,
      "validation_fraction": 0.29153594552634515,
      "n_iter_no_change": null,
      "tol": 0.0029252063366781633,
      "random_state": 1024,
      "warm_start": false,
      "verbose": 0
    },
    "seed": 1024,
    "cv_n_splits": 5,
    "cv_n_repeats": 10,
    "preprocessing_config": {
      "eps": 1e-06,
      "min_speed": 0.01,
      "max_hours": 9999.0
    }
  },
  "result": {
    "c_index": 0.9362371646240477,
    "mean_brier": 0.14309758887131557,
    "hybrid_score": 0.8807028371772934,
    "std_c_index": 0.0026363282573931145,
    "std_mean_brier": 0.009063673703898552,
    "std_hybrid": 0.00652358881428372
  }
}