{
  "trial_id": 102,
  "config": {
    "model_type": "coxnet",
    "model_params": {
      "l1_ratio": 0.9682703904608266,
      "alpha_min_ratio": 0.08079254015077356,
      "n_alphas": 224,
      "max_iter": 17923,
      "tol": 2.5472933420582922e-05
    },
    "seed": 1024,
    "cv_n_splits": 5,
    "cv_n_repeats": 10,
    "preprocessing_config": {
      "eps": 1e-06,
      "min_speed": 0.01,
      "max_hours": 9999.0
    }
  },
  "result": {
    "c_index": 0.9363613779397152,
    "mean_brier": 0.025802559977270635,
    "hybrid_score": 0.962846621397825,
    "std_c_index": 0.0036455191529488665,
    "std_mean_brier": 0.0007760181009092686,
    "std_hybrid": 0.0015485299525305875
  }
}