{
  "trial_id": 218,
  "config": {
    "model_type": "coxnet",
    "model_params": {
      "l1_ratio": 0.43858917267202846,
      "alpha_min_ratio": 0.00011565245050679643,
      "n_alphas": 294,
      "max_iter": 12980,
      "tol": 4.420013715057479e-06
    },
    "seed": 42,
    "cv_n_splits": 5,
    "cv_n_repeats": 10,
    "preprocessing_config": {
      "eps": 1e-06,
      "min_speed": 0.01,
      "max_hours": 9999.0
    }
  },
  "result": {
    "c_index": 0.9216379595892679,
    "mean_brier": 0.040621178154903875,
    "hybrid_score": 0.9480565631683475,
    "std_c_index": 0.011954576424905343,
    "std_mean_brier": 0.006614078572156804,
    "std_hybrid": 0.0073295639705500916
  }
}