{
  "trial_id": 193,
  "config": {
    "model_type": "coxnet",
    "model_params": {
      "l1_ratio": 0.9907605621629606,
      "alpha_min_ratio": 0.044013728450578306,
      "n_alphas": 127,
      "max_iter": 10884,
      "tol": 2.3886565851907125e-06
    },
    "seed": 777,
    "cv_n_splits": 5,
    "cv_n_repeats": 10,
    "preprocessing_config": {
      "eps": 1e-06,
      "min_speed": 0.01,
      "max_hours": 9999.0
    }
  },
  "result": {
    "c_index": 0.9349039417025505,
    "mean_brier": 0.02583422597039845,
    "hybrid_score": 0.9623872243314862,
    "std_c_index": 0.003195703897618867,
    "std_mean_brier": 0.0011614888555025254,
    "std_hybrid": 0.0014106873916521134
  }
}