{
  "trial_id": 226,
  "config": {
    "model_type": "coxnet",
    "model_params": {
      "l1_ratio": 0.9494208412038474,
      "alpha_min_ratio": 0.01982663866985093,
      "n_alphas": 116,
      "max_iter": 14000,
      "tol": 8.74192754712439e-07
    },
    "seed": 777,
    "cv_n_splits": 5,
    "cv_n_repeats": 10,
    "preprocessing_config": {
      "eps": 1e-06,
      "min_speed": 0.01,
      "max_hours": 9999.0
    }
  },
  "result": {
    "c_index": 0.9267058628684997,
    "mean_brier": 0.031061935305613908,
    "hybrid_score": 0.9562684041466202,
    "std_c_index": 0.008034036001495238,
    "std_mean_brier": 0.005200257479334136,
    "std_hybrid": 0.0055913765925329935
  }
}