{
  "trial_id": 36,
  "config": {
    "model_type": "coxnet",
    "model_params": {
      "l1_ratio": 0.02308523533724266,
      "alpha_min_ratio": 0.00021134810739315506,
      "n_alphas": 188,
      "max_iter": 3398,
      "tol": 5.965834153084798e-07
    },
    "seed": 2023,
    "cv_n_splits": 5,
    "cv_n_repeats": 10,
    "preprocessing_config": {
      "eps": 1e-06,
      "min_speed": 0.01,
      "max_hours": 9999.0
    }
  },
  "result": {
    "c_index": 0.9172904935409075,
    "mean_brier": 0.04118706782226325,
    "hybrid_score": 0.946356200586688,
    "std_c_index": 0.01922146555599815,
    "std_mean_brier": 0.008537523922432247,
    "std_hybrid": 0.0114799346143348
  }
}