{
  "trial_id": 137,
  "config": {
    "model_type": "coxnet",
    "model_params": {
      "l1_ratio": 0.8632343785853335,
      "alpha_min_ratio": 0.09050035880826458,
      "n_alphas": 211,
      "max_iter": 503,
      "tol": 3.750024128901506e-05
    },
    "seed": 42,
    "cv_n_splits": 5,
    "cv_n_repeats": 10,
    "preprocessing_config": {
      "eps": 1e-06,
      "min_speed": 0.01,
      "max_hours": 9999.0
    }
  },
  "result": {
    "c_index": 0.9398807552169594,
    "mean_brier": 0.026111564122327957,
    "hybrid_score": 0.9636861316794582,
    "std_c_index": 0.0023130225598222433,
    "std_mean_brier": 0.0007906132580504005,
    "std_hybrid": 0.0010949958890449152
  }
}