{
  "trial_id": 258,
  "config": {
    "model_type": "gbsa",
    "model_params": {
      "loss": "coxph",
      "n_estimators": 185,
      "learning_rate": 0.12941878398781861,
      "subsample": 0.9515230467421102,
      "max_depth": 2,
      "max_features": "sqrt",
      "max_leaf_nodes": 8,
      "min_samples_split": 3,
      "min_samples_leaf": 13,
      "min_weight_fraction_leaf": 0.0,
      "min_impurity_decrease": 0.045129784403888054,
      "criterion": "friedman_mse",
      "ccp_alpha": 0.00010143656979790345,
      "dropout_rate": 0.0017208804317900917,
      "validation_fraction": 0.2570338592443391,
      "n_iter_no_change": 10,
      "tol": 4.849428844638666e-05,
      "random_state": 777,
      "warm_start": false,
      "verbose": 0
    },
    "seed": 777,
    "cv_n_splits": 5,
    "cv_n_repeats": 10,
    "preprocessing_config": {
      "eps": 1e-06,
      "min_speed": 0.01,
      "max_hours": 9999.0
    }
  },
  "result": {
    "c_index": 0.935582974494866,
    "mean_brier": 0.04092120238065831,
    "hybrid_score": 0.952030050681999,
    "std_c_index": 0.004192239785688349,
    "std_mean_brier": 0.0032467797033595915,
    "std_hybrid": 0.0027516069259790783
  }
}