{
  "trial_id": 105,
  "config": {
    "model_type": "coxnet",
    "model_params": {
      "l1_ratio": 0.9724743584013281,
      "alpha_min_ratio": 0.06451569833487868,
      "n_alphas": 274,
      "max_iter": 16599,
      "tol": 7.98434181663022e-05
    },
    "seed": 1024,
    "cv_n_splits": 5,
    "cv_n_repeats": 10,
    "preprocessing_config": {
      "eps": 1e-06,
      "min_speed": 0.01,
      "max_hours": 9999.0
    }
  },
  "result": {
    "c_index": 0.9361626366346473,
    "mean_brier": 0.025674708294059483,
    "hybrid_score": 0.9628764951845525,
    "std_c_index": 0.003303742114392965,
    "std_mean_brier": 0.0008080002748380666,
    "std_hybrid": 0.0014429269216821039
  }
}