{
  "trial_id": 6,
  "config": {
    "model_type": "gbsa",
    "model_params": {
      "loss": "coxph",
      "n_estimators": 404,
      "learning_rate": 0.0020108584304511816,
      "subsample": 0.8004301867209255,
      "max_depth": 4,
      "max_features": 0.7,
      "max_leaf_nodes": 8,
      "min_samples_split": 9,
      "min_samples_leaf": 14,
      "min_weight_fraction_leaf": 0.0,
      "min_impurity_decrease": 0.012652641694177708,
      "criterion": "friedman_mse",
      "ccp_alpha": 4.258372124280347e-05,
      "dropout_rate": 0.28965258838427393,
      "validation_fraction": 0.2389939084425543,
      "n_iter_no_change": 10,
      "tol": 2.829451915114078e-05,
      "random_state": 777,
      "warm_start": false,
      "verbose": 0
    },
    "seed": 777,
    "cv_n_splits": 5,
    "cv_n_repeats": 10,
    "preprocessing_config": {
      "eps": 1e-06,
      "min_speed": 0.01,
      "max_hours": 9999.0
    }
  },
  "result": {
    "c_index": 0.9388249420337861,
    "mean_brier": 0.22890737993071983,
    "hybrid_score": 0.821412316658632,
    "std_c_index": 0.004047704774420637,
    "std_mean_brier": 0.019690430107658485,
    "std_hybrid": 0.014112783424519118
  }
}