{
  "trial_id": 16,
  "config": {
    "model_type": "gbsa",
    "model_params": {
      "loss": "coxph",
      "n_estimators": 280,
      "learning_rate": 0.09023203668129273,
      "subsample": 0.6113675255601534,
      "max_depth": 3,
      "max_features": null,
      "max_leaf_nodes": null,
      "min_samples_split": 15,
      "min_samples_leaf": 19,
      "min_weight_fraction_leaf": 0.0,
      "min_impurity_decrease": 0.04673994662872986,
      "criterion": "friedman_mse",
      "ccp_alpha": 0.00020682389835211502,
      "dropout_rate": 0.2269721689724185,
      "validation_fraction": 0.23633564546062774,
      "n_iter_no_change": null,
      "tol": 4.114922048752696e-05,
      "random_state": 777,
      "warm_start": false,
      "verbose": 0
    },
    "seed": 777,
    "cv_n_splits": 5,
    "cv_n_repeats": 10,
    "preprocessing_config": {
      "eps": 1e-06,
      "min_speed": 0.01,
      "max_hours": 9999.0
    }
  },
  "result": {
    "c_index": 0.9202550513415038,
    "mean_brier": 0.17994613969279458,
    "hybrid_score": 0.8501142176174948,
    "std_c_index": 0.013447483449678662,
    "std_mean_brier": 0.011684559496995546,
    "std_hybrid": 0.0076576552256790165
  }
}