{
  "trial_id": 63,
  "config": {
    "model_type": "coxnet",
    "model_params": {
      "l1_ratio": 0.9745367378737784,
      "alpha_min_ratio": 0.06948226227178682,
      "n_alphas": 286,
      "max_iter": 16809,
      "tol": 1.5346561695729922e-06
    },
    "seed": 42,
    "cv_n_splits": 5,
    "cv_n_repeats": 10,
    "preprocessing_config": {
      "eps": 1e-06,
      "min_speed": 0.01,
      "max_hours": 9999.0
    }
  },
  "result": {
    "c_index": 0.9392100033123552,
    "mean_brier": 0.025085223933392575,
    "hybrid_score": 0.9642033442403317,
    "std_c_index": 0.002322622936462258,
    "std_mean_brier": 0.0008655798275574414,
    "std_hybrid": 0.0011524700331260903
  }
}