{
  "trial_id": 253,
  "config": {
    "model_type": "coxnet",
    "model_params": {
      "l1_ratio": 0.9912686336664867,
      "alpha_min_ratio": 0.0575621521383655,
      "n_alphas": 252,
      "max_iter": 12777,
      "tol": 7.529823645526587e-05
    },
    "seed": 1024,
    "cv_n_splits": 5,
    "cv_n_repeats": 10,
    "preprocessing_config": {
      "eps": 1e-06,
      "min_speed": 0.01,
      "max_hours": 9999.0
    }
  },
  "result": {
    "c_index": 0.9359224908910238,
    "mean_brier": 0.02566495433466614,
    "hybrid_score": 0.9628112792330408,
    "std_c_index": 0.0032107640453269757,
    "std_mean_brier": 0.0008147627466895151,
    "std_hybrid": 0.0013940444721823077
  }
}