{
  "trial_id": 82,
  "config": {
    "model_type": "gbsa",
    "model_params": {
      "loss": "coxph",
      "n_estimators": 465,
      "learning_rate": 0.1397480766783852,
      "subsample": 0.730184308093211,
      "max_depth": 6,
      "max_features": "log2",
      "max_leaf_nodes": 31,
      "min_samples_split": 2,
      "min_samples_leaf": 12,
      "min_weight_fraction_leaf": 0.0,
      "min_impurity_decrease": 0.031068193592192636,
      "criterion": "friedman_mse",
      "ccp_alpha": 0.004535455132464387,
      "dropout_rate": 0.17934627248591717,
      "validation_fraction": 0.19995745558421557,
      "n_iter_no_change": null,
      "tol": 2.8816508109902745e-05,
      "random_state": 42,
      "warm_start": false,
      "verbose": 0
    },
    "seed": 42,
    "cv_n_splits": 5,
    "cv_n_repeats": 10,
    "preprocessing_config": {
      "eps": 1e-06,
      "min_speed": 0.01,
      "max_hours": 9999.0
    }
  },
  "result": {
    "c_index": 0.9376697581980789,
    "mean_brier": 0.14717576758951492,
    "hybrid_score": 0.8782778901467632,
    "std_c_index": 0.0026694915730577835,
    "std_mean_brier": 0.006125190997530282,
    "std_hybrid": 0.004429618363726951
  }
}