{
  "trial_id": 29,
  "config": {
    "model_type": "coxnet",
    "model_params": {
      "l1_ratio": 0.9225147357599311,
      "alpha_min_ratio": 0.09568636968534991,
      "n_alphas": 59,
      "max_iter": 912,
      "tol": 3.6916281299831133e-06
    },
    "seed": 42,
    "cv_n_splits": 5,
    "cv_n_repeats": 10,
    "preprocessing_config": {
      "eps": 1e-06,
      "min_speed": 0.01,
      "max_hours": 9999.0
    }
  },
  "result": {
    "c_index": 0.9397068565750247,
    "mean_brier": 0.025870493587858014,
    "hybrid_score": 0.9638027114610068,
    "std_c_index": 0.002252781980794645,
    "std_mean_brier": 0.000754307755633549,
    "std_hybrid": 0.0010483167434792487
  }
}