{
  "trial_id": 72,
  "config": {
    "model_type": "coxnet",
    "model_params": {
      "l1_ratio": 0.9833055525949403,
      "alpha_min_ratio": 0.042676430206183426,
      "n_alphas": 154,
      "max_iter": 244,
      "tol": 4.9810650347522064e-05
    },
    "seed": 42,
    "cv_n_splits": 5,
    "cv_n_repeats": 10,
    "preprocessing_config": {
      "eps": 1e-06,
      "min_speed": 0.01,
      "max_hours": 9999.0
    }
  },
  "result": {
    "c_index": 0.9374378933421662,
    "mean_brier": 0.025862709775397775,
    "hybrid_score": 0.9631274711598714,
    "std_c_index": 0.004526132028935173,
    "std_mean_brier": 0.00266608367606614,
    "std_hybrid": 0.0030761664655137556
  }
}