{
  "trial_id": 292,
  "config": {
    "model_type": "coxnet",
    "model_params": {
      "l1_ratio": 0.8318134337658469,
      "alpha_min_ratio": 0.06724998288030096,
      "n_alphas": 55,
      "max_iter": 12446,
      "tol": 1.043838072362717e-07
    },
    "seed": 777,
    "cv_n_splits": 5,
    "cv_n_repeats": 10,
    "preprocessing_config": {
      "eps": 1e-06,
      "min_speed": 0.01,
      "max_hours": 9999.0
    }
  },
  "result": {
    "c_index": 0.9365849619079165,
    "mean_brier": 0.025765552440329204,
    "hybrid_score": 0.9629396018641444,
    "std_c_index": 0.003158439564487482,
    "std_mean_brier": 0.00046061692381645883,
    "std_hybrid": 0.00113335901711859
  }
}