{
  "trial_id": 233,
  "config": {
    "model_type": "coxnet",
    "model_params": {
      "l1_ratio": 0.8827026460443566,
      "alpha_min_ratio": 0.03805921158864365,
      "n_alphas": 299,
      "max_iter": 14299,
      "tol": 6.765578342617923e-06
    },
    "seed": 777,
    "cv_n_splits": 5,
    "cv_n_repeats": 10,
    "preprocessing_config": {
      "eps": 1e-06,
      "min_speed": 0.01,
      "max_hours": 9999.0
    }
  },
  "result": {
    "c_index": 0.9338191454123882,
    "mean_brier": 0.026828361784622907,
    "hybrid_score": 0.9613658903744804,
    "std_c_index": 0.003062092679408961,
    "std_mean_brier": 0.0019530783040861896,
    "std_hybrid": 0.0017878363942055505
  }
}