{
  "trial_id": 88,
  "config": {
    "model_type": "coxnet",
    "model_params": {
      "l1_ratio": 0.1227052877532242,
      "alpha_min_ratio": 0.018223909279876892,
      "n_alphas": 51,
      "max_iter": 330,
      "tol": 6.433300544841918e-07
    },
    "seed": 42,
    "cv_n_splits": 5,
    "cv_n_repeats": 10,
    "preprocessing_config": {
      "eps": 1e-06,
      "min_speed": 0.01,
      "max_hours": 9999.0
    }
  },
  "result": {
    "c_index": 0.934663795958927,
    "mean_brier": 0.030967463103690807,
    "hybrid_score": 0.9587219146150945,
    "std_c_index": 0.004816744033964001,
    "std_mean_brier": 0.0022628747954650786,
    "std_hybrid": 0.0029345913045869935
  }
}