{
  "trial_id": 98,
  "config": {
    "model_type": "coxnet",
    "model_params": {
      "l1_ratio": 0.9850751759991151,
      "alpha_min_ratio": 0.026710924431947673,
      "n_alphas": 109,
      "max_iter": 1419,
      "tol": 3.1178971936990564e-07
    },
    "seed": 42,
    "cv_n_splits": 5,
    "cv_n_repeats": 10,
    "preprocessing_config": {
      "eps": 1e-06,
      "min_speed": 0.01,
      "max_hours": 9999.0
    }
  },
  "result": {
    "c_index": 0.9328088771116263,
    "mean_brier": 0.02650877903646508,
    "hybrid_score": 0.9612865178079624,
    "std_c_index": 0.008299597941773892,
    "std_mean_brier": 0.0030080951544767705,
    "std_hybrid": 0.0045618317816133
  }
}