{
  "trial_id": 189,
  "config": {
    "seed": 42,
    "cv_n_splits": 5,
    "cv_n_repeats": 10,
    "gbsa_config": {
      "loss": "coxph",
      "n_estimators": 101,
      "learning_rate": 0.1769947063212976,
      "subsample": 0.7712136653923194,
      "max_depth": 6,
      "max_features": 0.3,
      "max_leaf_nodes": 31,
      "min_samples_split": 3,
      "min_samples_leaf": 4,
      "min_weight_fraction_leaf": 0.0,
      "min_impurity_decrease": 0.02039453690819346,
      "criterion": "friedman_mse",
      "ccp_alpha": 0.0200490277591916,
      "dropout_rate": 0.003324977770439203,
      "validation_fraction": 0.29188455996207446,
      "n_iter_no_change": 20,
      "tol": 0.0007430741847788731,
      "random_state": 42,
      "warm_start": false,
      "verbose": 0
    },
    "preprocessing_config": {
      "eps": 1e-06,
      "min_speed": 0.01,
      "max_hours": 9999.0
    }
  },
  "result": {
    "c_index": 0.9367795627691289,
    "mean_brier": 0.037429555084102464,
    "hybrid_score": 0.9548331802718669,
    "std_c_index": 0.004737415090901506,
    "std_mean_brier": 0.0024203678878166,
    "std_hybrid": 0.0023931283316991096
  }
}