{
  "trial_id": 230,
  "config": {
    "model_type": "coxnet",
    "model_params": {
      "l1_ratio": 0.7891650018010733,
      "alpha_min_ratio": 0.06546702852928332,
      "n_alphas": 275,
      "max_iter": 15953,
      "tol": 1.918508470264469e-06
    },
    "seed": 42,
    "cv_n_splits": 5,
    "cv_n_repeats": 10,
    "preprocessing_config": {
      "eps": 1e-06,
      "min_speed": 0.01,
      "max_hours": 9999.0
    }
  },
  "result": {
    "c_index": 0.9391271944352434,
    "mean_brier": 0.02578566252583207,
    "hybrid_score": 0.9636881945624906,
    "std_c_index": 0.0023918581201853666,
    "std_mean_brier": 0.0009012455712794653,
    "std_hybrid": 0.001155242351277825
  }
}