{
  "trial_id": 32,
  "config": {
    "model_type": "coxnet",
    "model_params": {
      "l1_ratio": 0.9500559533896697,
      "alpha_min_ratio": 0.0345622888440878,
      "n_alphas": 210,
      "max_iter": 16263,
      "tol": 2.9400719531178e-08
    },
    "seed": 2023,
    "cv_n_splits": 5,
    "cv_n_repeats": 10,
    "preprocessing_config": {
      "eps": 1e-06,
      "min_speed": 0.01,
      "max_hours": 9999.0
    }
  },
  "result": {
    "c_index": 0.9333554157005631,
    "mean_brier": 0.026622092265200497,
    "hybrid_score": 0.9613711601245285,
    "std_c_index": 0.0038355441409601743,
    "std_mean_brier": 0.0014931893064138208,
    "std_hybrid": 0.002050211770892491
  }
}