{
  "trial_id": 76,
  "config": {
    "model_type": "coxnet",
    "model_params": {
      "l1_ratio": 0.9539951574687376,
      "alpha_min_ratio": 0.07313028554938351,
      "n_alphas": 88,
      "max_iter": 13564,
      "tol": 6.5402913907442025e-06
    },
    "seed": 777,
    "cv_n_splits": 5,
    "cv_n_repeats": 10,
    "preprocessing_config": {
      "eps": 1e-06,
      "min_speed": 0.01,
      "max_hours": 9999.0
    }
  },
  "result": {
    "c_index": 0.9364359059291155,
    "mean_brier": 0.025505770392411274,
    "hybrid_score": 0.9630767325040468,
    "std_c_index": 0.0035076573556918284,
    "std_mean_brier": 0.0005138890525477348,
    "std_hybrid": 0.0013089799071547004
  }
}