{
  "trial_id": 178,
  "config": {
    "model_type": "gbsa",
    "model_params": {
      "loss": "coxph",
      "n_estimators": 297,
      "learning_rate": 0.14168729123994941,
      "subsample": 0.5470388951695052,
      "max_depth": 1,
      "max_features": "log2",
      "max_leaf_nodes": 63,
      "min_samples_split": 15,
      "min_samples_leaf": 19,
      "min_weight_fraction_leaf": 0.0,
      "min_impurity_decrease": 0.0395865986261201,
      "criterion": "friedman_mse",
      "ccp_alpha": 1.3388431568611793e-06,
      "dropout_rate": 0.047787228440821825,
      "validation_fraction": 0.2854678558333891,
      "n_iter_no_change": null,
      "tol": 0.0005418502918623102,
      "random_state": 2023,
      "warm_start": false,
      "verbose": 0
    },
    "seed": 2023,
    "cv_n_splits": 5,
    "cv_n_repeats": 10,
    "preprocessing_config": {
      "eps": 1e-06,
      "min_speed": 0.01,
      "max_hours": 9999.0
    }
  },
  "result": {
    "c_index": 0.9394087446174229,
    "mean_brier": 0.07954276078496876,
    "hybrid_score": 0.9261426908357487,
    "std_c_index": 0.004133697717150494,
    "std_mean_brier": 0.004722097928118644,
    "std_hybrid": 0.0037890808872961135
  }
}