{
  "trial_id": 208,
  "config": {
    "model_type": "coxnet",
    "model_params": {
      "l1_ratio": 0.04369765848389279,
      "alpha_min_ratio": 0.00464771479445004,
      "n_alphas": 274,
      "max_iter": 1711,
      "tol": 2.6486957953428466e-06
    },
    "seed": 42,
    "cv_n_splits": 5,
    "cv_n_repeats": 10,
    "preprocessing_config": {
      "eps": 1e-06,
      "min_speed": 0.01,
      "max_hours": 9999.0
    }
  },
  "result": {
    "c_index": 0.9332394832726069,
    "mean_brier": 0.030592155231329233,
    "hybrid_score": 0.9585573363198515,
    "std_c_index": 0.006887667866448236,
    "std_mean_brier": 0.002884979224579511,
    "std_hybrid": 0.0039127779886458484
  }
}