{
  "trial_id": 221,
  "config": {
    "model_type": "coxnet",
    "model_params": {
      "l1_ratio": 0.9752199876520864,
      "alpha_min_ratio": 0.024658127745354443,
      "n_alphas": 257,
      "max_iter": 1698,
      "tol": 1.999937654087723e-05
    },
    "seed": 42,
    "cv_n_splits": 5,
    "cv_n_repeats": 10,
    "preprocessing_config": {
      "eps": 1e-06,
      "min_speed": 0.01,
      "max_hours": 9999.0
    }
  },
  "result": {
    "c_index": 0.9322540576349784,
    "mean_brier": 0.02686057088205155,
    "hybrid_score": 0.9608738176730574,
    "std_c_index": 0.008434192878207082,
    "std_mean_brier": 0.0030774880656361417,
    "std_hybrid": 0.004604168279584452
  }
}