{
  "trial_id": 112,
  "config": {
    "model_type": "coxnet",
    "model_params": {
      "l1_ratio": 0.7155553017306645,
      "alpha_min_ratio": 0.0001327355118289205,
      "n_alphas": 175,
      "max_iter": 4367,
      "tol": 7.289201786595847e-08
    },
    "seed": 1024,
    "cv_n_splits": 5,
    "cv_n_repeats": 10,
    "preprocessing_config": {
      "eps": 1e-06,
      "min_speed": 0.01,
      "max_hours": 9999.0
    }
  },
  "result": {
    "c_index": 0.920205366015237,
    "mean_brier": 0.041923694872356046,
    "hybrid_score": 0.9467150233939217,
    "std_c_index": 0.013901990198949837,
    "std_mean_brier": 0.004530358162707786,
    "std_hybrid": 0.0060183124425846335
  }
}