{
  "trial_id": 128,
  "config": {
    "model_type": "coxnet",
    "model_params": {
      "l1_ratio": 0.9120446491395718,
      "alpha_min_ratio": 0.07513134155236498,
      "n_alphas": 174,
      "max_iter": 11943,
      "tol": 7.175239878693738e-06
    },
    "seed": 777,
    "cv_n_splits": 5,
    "cv_n_repeats": 10,
    "preprocessing_config": {
      "eps": 1e-06,
      "min_speed": 0.01,
      "max_hours": 9999.0
    }
  },
  "result": {
    "c_index": 0.9367257369990062,
    "mean_brier": 0.025652145619554034,
    "hybrid_score": 0.9630612191660142,
    "std_c_index": 0.0034336139460936486,
    "std_mean_brier": 0.0005199171570524171,
    "std_hybrid": 0.0012724348875951348
  }
}