{
  "trial_id": 136,
  "config": {
    "model_type": "coxnet",
    "model_params": {
      "l1_ratio": 0.8078480429180761,
      "alpha_min_ratio": 0.09042300429259423,
      "n_alphas": 271,
      "max_iter": 13092,
      "tol": 1.5450319492077923e-08
    },
    "seed": 2023,
    "cv_n_splits": 5,
    "cv_n_repeats": 10,
    "preprocessing_config": {
      "eps": 1e-06,
      "min_speed": 0.01,
      "max_hours": 9999.0
    }
  },
  "result": {
    "c_index": 0.9371315004968533,
    "mean_brier": 0.026522015405842713,
    "hybrid_score": 0.9625740393649661,
    "std_c_index": 0.002546638888244501,
    "std_mean_brier": 0.0006854794232999324,
    "std_hybrid": 0.001062258424567662
  }
}