{
  "trial_id": 25,
  "config": {
    "model_type": "coxnet",
    "model_params": {
      "l1_ratio": 0.7885212344250325,
      "alpha_min_ratio": 0.006978395885518688,
      "n_alphas": 107,
      "max_iter": 13445,
      "tol": 3.732823943694197e-07
    },
    "seed": 1024,
    "cv_n_splits": 5,
    "cv_n_repeats": 10,
    "preprocessing_config": {
      "eps": 1e-06,
      "min_speed": 0.01,
      "max_hours": 9999.0
    }
  },
  "result": {
    "c_index": 0.9255879430274925,
    "mean_brier": 0.03251325922452918,
    "hybrid_score": 0.9549171014510774,
    "std_c_index": 0.007572028508842441,
    "std_mean_brier": 0.0037810069144323484,
    "std_hybrid": 0.004806339291361019
  }
}