{
  "trial_id": 21,
  "config": {
    "model_type": "coxnet",
    "model_params": {
      "l1_ratio": 0.818268658783482,
      "alpha_min_ratio": 0.0729886032174313,
      "n_alphas": 68,
      "max_iter": 1756,
      "tol": 9.725491013814792e-08
    },
    "seed": 42,
    "cv_n_splits": 5,
    "cv_n_repeats": 10,
    "preprocessing_config": {
      "eps": 1e-06,
      "min_speed": 0.01,
      "max_hours": 9999.0
    }
  },
  "result": {
    "c_index": 0.9398227890029812,
    "mean_brier": 0.025747145157570577,
    "hybrid_score": 0.9639238350905949,
    "std_c_index": 0.002550204207305693,
    "std_mean_brier": 0.0008694950315567601,
    "std_hybrid": 0.0011875625266170983
  }
}