{
  "trial_id": 1,
  "config": {
    "model_type": "coxnet",
    "model_params": {
      "l1_ratio": 0.7530673338921845,
      "alpha_min_ratio": 0.0002562957373113643,
      "n_alphas": 51,
      "max_iter": 3840,
      "tol": 6.21950764213283e-06
    },
    "seed": 1024,
    "cv_n_splits": 5,
    "cv_n_repeats": 10,
    "preprocessing_config": {
      "eps": 1e-06,
      "min_speed": 0.01,
      "max_hours": 9999.0
    }
  },
  "result": {
    "c_index": 0.909672076846638,
    "mean_brier": 0.051024963472873816,
    "hybrid_score": 0.9371841486229796,
    "std_c_index": 0.01446497349448443,
    "std_mean_brier": 0.010359978754090513,
    "std_hybrid": 0.009080053626329455
  }
}