{
  "trial_id": 22,
  "config": {
    "model_type": "gbsa",
    "model_params": {
      "loss": "coxph",
      "n_estimators": 274,
      "learning_rate": 0.153180100942278,
      "subsample": 0.5093699775367085,
      "max_depth": 5,
      "max_features": 0.3,
      "max_leaf_nodes": 16,
      "min_samples_split": 10,
      "min_samples_leaf": 16,
      "min_weight_fraction_leaf": 0.0,
      "min_impurity_decrease": 0.027693911385474036,
      "criterion": "friedman_mse",
      "ccp_alpha": 0.0006209228837817366,
      "dropout_rate": 0.0541081439343452,
      "validation_fraction": 0.18716421487396728,
      "n_iter_no_change": null,
      "tol": 0.004118429984051048,
      "random_state": 2023,
      "warm_start": false,
      "verbose": 0
    },
    "seed": 2023,
    "cv_n_splits": 5,
    "cv_n_repeats": 10,
    "preprocessing_config": {
      "eps": 1e-06,
      "min_speed": 0.01,
      "max_hours": 9999.0
    }
  },
  "result": {
    "c_index": 0.9282999337528983,
    "mean_brier": 0.06505123664323742,
    "hybrid_score": 0.9329541144756032,
    "std_c_index": 0.006834041837148094,
    "std_mean_brier": 0.003639741487390596,
    "std_hybrid": 0.004005225634460225
  }
}