{
  "trial_id": 100,
  "config": {
    "model_type": "coxnet",
    "model_params": {
      "l1_ratio": 0.9188026153299106,
      "alpha_min_ratio": 0.07471838878843501,
      "n_alphas": 165,
      "max_iter": 13840,
      "tol": 4.042923352587535e-08
    },
    "seed": 2023,
    "cv_n_splits": 5,
    "cv_n_repeats": 10,
    "preprocessing_config": {
      "eps": 1e-06,
      "min_speed": 0.01,
      "max_hours": 9999.0
    }
  },
  "result": {
    "c_index": 0.9362537263994699,
    "mean_brier": 0.025826176838093177,
    "hybrid_score": 0.9627977941331757,
    "std_c_index": 0.002706419107759596,
    "std_mean_brier": 0.0008135239814072675,
    "std_hybrid": 0.0012272555595662117
  }
}