{
  "trial_id": 292,
  "config": {
    "model_type": "gbsa",
    "model_params": {
      "loss": "coxph",
      "n_estimators": 199,
      "learning_rate": 0.15881458747541394,
      "subsample": 0.6455911533283069,
      "max_depth": 3,
      "max_features": 0.7,
      "max_leaf_nodes": 63,
      "min_samples_split": 10,
      "min_samples_leaf": 13,
      "min_weight_fraction_leaf": 0.0,
      "min_impurity_decrease": 0.022695634437607057,
      "criterion": "friedman_mse",
      "ccp_alpha": 0.00013572792928442785,
      "dropout_rate": 0.19077354028668247,
      "validation_fraction": 0.11800047404397612,
      "n_iter_no_change": null,
      "tol": 2.2468869072493504e-05,
      "random_state": 777,
      "warm_start": false,
      "verbose": 0
    },
    "seed": 777,
    "cv_n_splits": 5,
    "cv_n_repeats": 10,
    "preprocessing_config": {
      "eps": 1e-06,
      "min_speed": 0.01,
      "max_hours": 9999.0
    }
  },
  "result": {
    "c_index": 0.9384812851937727,
    "mean_brier": 0.13599901702028222,
    "hybrid_score": 0.8863450736439342,
    "std_c_index": 0.0032976653399279473,
    "std_mean_brier": 0.008799476333073698,
    "std_hybrid": 0.006224160693635027
  }
}