{
  "trial_id": 156,
  "config": {
    "model_type": "coxnet",
    "model_params": {
      "l1_ratio": 0.6651003429285327,
      "alpha_min_ratio": 0.00783433826090037,
      "n_alphas": 93,
      "max_iter": 1133,
      "tol": 8.740103983394679e-06
    },
    "seed": 42,
    "cv_n_splits": 5,
    "cv_n_repeats": 10,
    "preprocessing_config": {
      "eps": 1e-06,
      "min_speed": 0.01,
      "max_hours": 9999.0
    }
  },
  "result": {
    "c_index": 0.9271447499171911,
    "mean_brier": 0.03225156454027052,
    "hybrid_score": 0.955567329796968,
    "std_c_index": 0.009728531240685422,
    "std_mean_brier": 0.0033201567398752343,
    "std_hybrid": 0.0048810267700071545
  }
}