{
  "trial_id": 112,
  "config": {
    "model_type": "coxnet",
    "model_params": {
      "l1_ratio": 0.06634453222467962,
      "alpha_min_ratio": 0.004420308933412838,
      "n_alphas": 162,
      "max_iter": 1179,
      "tol": 4.606369111791923e-06
    },
    "seed": 42,
    "cv_n_splits": 5,
    "cv_n_repeats": 10,
    "preprocessing_config": {
      "eps": 1e-06,
      "min_speed": 0.01,
      "max_hours": 9999.0
    }
  },
  "result": {
    "c_index": 0.9321381252070221,
    "mean_brier": 0.030482964005295217,
    "hybrid_score": 0.9583033627583999,
    "std_c_index": 0.008206459994260088,
    "std_mean_brier": 0.002967965831417573,
    "std_hybrid": 0.004309056331858645
  }
}