{
  "trial_id": 158,
  "config": {
    "model_type": "coxnet",
    "model_params": {
      "l1_ratio": 0.6727767998170608,
      "alpha_min_ratio": 0.0121795252570145,
      "n_alphas": 292,
      "max_iter": 19350,
      "tol": 3.352820823269836e-05
    },
    "seed": 42,
    "cv_n_splits": 5,
    "cv_n_repeats": 10,
    "preprocessing_config": {
      "eps": 1e-06,
      "min_speed": 0.01,
      "max_hours": 9999.0
    }
  },
  "result": {
    "c_index": 0.9277823782709506,
    "mean_brier": 0.030288143088423793,
    "hybrid_score": 0.9571330133193884,
    "std_c_index": 0.008989432831723642,
    "std_mean_brier": 0.0028489050728988017,
    "std_hybrid": 0.004555163229602292
  }
}