{
  "trial_id": 266,
  "config": {
    "seed": 42,
    "cv_n_splits": 5,
    "cv_n_repeats": 10,
    "gbsa_config": {
      "loss": "coxph",
      "n_estimators": 303,
      "learning_rate": 0.14524262483581604,
      "subsample": 0.7583033965354145,
      "max_depth": 6,
      "max_features": 0.7,
      "max_leaf_nodes": null,
      "min_samples_split": 12,
      "min_samples_leaf": 20,
      "min_weight_fraction_leaf": 0.0,
      "min_impurity_decrease": 0.011227412223876406,
      "criterion": "friedman_mse",
      "ccp_alpha": 0.032187961864628335,
      "dropout_rate": 0.028551864292208313,
      "validation_fraction": 0.199034032857118,
      "n_iter_no_change": null,
      "tol": 4.618488815338008e-05,
      "random_state": 42,
      "warm_start": false,
      "verbose": 0
    },
    "preprocessing_config": {
      "eps": 1e-06,
      "min_speed": 0.01,
      "max_hours": 9999.0
    }
  },
  "result": {
    "c_index": 0.9374710168930112,
    "mean_brier": 0.04241421742641521,
    "hybrid_score": 0.9515513528694127,
    "std_c_index": 0.003519562374572533,
    "std_mean_brier": 0.0011408189250648008,
    "std_hybrid": 0.0014723289044291912
  }
}