{
  "trial_id": 251,
  "config": {
    "model_type": "gbsa",
    "model_params": {
      "loss": "coxph",
      "n_estimators": 158,
      "learning_rate": 0.19279218276315413,
      "subsample": 0.9068519152458652,
      "max_depth": 5,
      "max_features": "sqrt",
      "max_leaf_nodes": 16,
      "min_samples_split": 17,
      "min_samples_leaf": 8,
      "min_weight_fraction_leaf": 0.0,
      "min_impurity_decrease": 0.007299552382948546,
      "criterion": "friedman_mse",
      "ccp_alpha": 5.519275654316157e-07,
      "dropout_rate": 0.10412651444589255,
      "validation_fraction": 0.22716720962660736,
      "n_iter_no_change": null,
      "tol": 0.0005481552887816191,
      "random_state": 1024,
      "warm_start": false,
      "verbose": 0
    },
    "seed": 1024,
    "cv_n_splits": 5,
    "cv_n_repeats": 10,
    "preprocessing_config": {
      "eps": 1e-06,
      "min_speed": 0.01,
      "max_hours": 9999.0
    }
  },
  "result": {
    "c_index": 0.9418433256045047,
    "mean_brier": 0.07917879495482406,
    "hybrid_score": 0.9271278412129746,
    "std_c_index": 0.001837554919007584,
    "std_mean_brier": 0.00587244879079212,
    "std_hybrid": 0.0043114449576845595
  }
}