{
  "trial_id": 57,
  "config": {
    "model_type": "coxnet",
    "model_params": {
      "l1_ratio": 0.977467077586757,
      "alpha_min_ratio": 0.01960594244683695,
      "n_alphas": 118,
      "max_iter": 9509,
      "tol": 4.7832908007481885e-06
    },
    "seed": 777,
    "cv_n_splits": 5,
    "cv_n_repeats": 10,
    "preprocessing_config": {
      "eps": 1e-06,
      "min_speed": 0.01,
      "max_hours": 9999.0
    }
  },
  "result": {
    "c_index": 0.9270122557138125,
    "mean_brier": 0.03095528018378758,
    "hybrid_score": 0.9564349805854923,
    "std_c_index": 0.007928767282896865,
    "std_mean_brier": 0.005240847001090767,
    "std_hybrid": 0.005575161741730776
  }
}