{
  "trial_id": 276,
  "config": {
    "model_type": "gbsa",
    "model_params": {
      "loss": "coxph",
      "n_estimators": 237,
      "learning_rate": 0.03942015671144622,
      "subsample": 0.7500982797804063,
      "max_depth": 3,
      "max_features": 0.3,
      "max_leaf_nodes": 63,
      "min_samples_split": 19,
      "min_samples_leaf": 3,
      "min_weight_fraction_leaf": 0.0,
      "min_impurity_decrease": 0.004837796281262552,
      "criterion": "friedman_mse",
      "ccp_alpha": 5.11462650036689e-06,
      "dropout_rate": 0.005746146652063879,
      "validation_fraction": 0.2922928325874644,
      "n_iter_no_change": null,
      "tol": 0.007948062178602515,
      "random_state": 1024,
      "warm_start": false,
      "verbose": 0
    },
    "seed": 1024,
    "cv_n_splits": 5,
    "cv_n_repeats": 10,
    "preprocessing_config": {
      "eps": 1e-06,
      "min_speed": 0.01,
      "max_hours": 9999.0
    }
  },
  "result": {
    "c_index": 0.9397316992381584,
    "mean_brier": 0.05388327059414433,
    "hybrid_score": 0.9442012203555464,
    "std_c_index": 0.0026840297555326773,
    "std_mean_brier": 0.004144435373479053,
    "std_hybrid": 0.002908572288393783
  }
}