{
  "trial_id": 21,
  "config": {
    "model_type": "coxnet",
    "model_params": {
      "l1_ratio": 0.7945358978116167,
      "alpha_min_ratio": 0.08275796707265705,
      "n_alphas": 168,
      "max_iter": 12377,
      "tol": 8.37813828370027e-05
    },
    "seed": 777,
    "cv_n_splits": 5,
    "cv_n_repeats": 10,
    "preprocessing_config": {
      "eps": 1e-06,
      "min_speed": 0.01,
      "max_hours": 9999.0
    }
  },
  "result": {
    "c_index": 0.9366512090096057,
    "mean_brier": 0.026659041729280984,
    "hybrid_score": 0.9623340334923849,
    "std_c_index": 0.002460413254197277,
    "std_mean_brier": 0.0005117685700708567,
    "std_hybrid": 0.0009271636473422112
  }
}