{
  "trial_id": 36,
  "config": {
    "model_type": "gbsa",
    "model_params": {
      "loss": "coxph",
      "n_estimators": 426,
      "learning_rate": 0.05935005744082281,
      "subsample": 0.6064979747259162,
      "max_depth": 2,
      "max_features": "sqrt",
      "max_leaf_nodes": 8,
      "min_samples_split": 13,
      "min_samples_leaf": 5,
      "min_weight_fraction_leaf": 0.0,
      "min_impurity_decrease": 0.040638936211531626,
      "criterion": "friedman_mse",
      "ccp_alpha": 7.255516155744742e-05,
      "dropout_rate": 0.07622148110664562,
      "validation_fraction": 0.20589394474643297,
      "n_iter_no_change": null,
      "tol": 0.0009937201769712025,
      "random_state": 1024,
      "warm_start": false,
      "verbose": 0
    },
    "seed": 1024,
    "cv_n_splits": 5,
    "cv_n_repeats": 10,
    "preprocessing_config": {
      "eps": 1e-06,
      "min_speed": 0.01,
      "max_hours": 9999.0
    }
  },
  "result": {
    "c_index": 0.9402037098376945,
    "mean_brier": 0.14212677868329202,
    "hybrid_score": 0.882572367873004,
    "std_c_index": 0.0019244647638487435,
    "std_mean_brier": 0.009137460636637947,
    "std_hybrid": 0.00639897092376829
  }
}