{
  "trial_id": 37,
  "config": {
    "model_type": "gbsa",
    "model_params": {
      "loss": "coxph",
      "n_estimators": 447,
      "learning_rate": 0.02515718640332379,
      "subsample": 0.7672718147925419,
      "max_depth": 3,
      "max_features": null,
      "max_leaf_nodes": 16,
      "min_samples_split": 14,
      "min_samples_leaf": 17,
      "min_weight_fraction_leaf": 0.0,
      "min_impurity_decrease": 0.008378320075848657,
      "criterion": "friedman_mse",
      "ccp_alpha": 0.007841117672288588,
      "dropout_rate": 0.05849927854867068,
      "validation_fraction": 0.25685601655976065,
      "n_iter_no_change": null,
      "tol": 0.0019299382418606153,
      "random_state": 2023,
      "warm_start": false,
      "verbose": 0
    },
    "seed": 2023,
    "cv_n_splits": 5,
    "cv_n_repeats": 10,
    "preprocessing_config": {
      "eps": 1e-06,
      "min_speed": 0.01,
      "max_hours": 9999.0
    }
  },
  "result": {
    "c_index": 0.9024842663133488,
    "mean_brier": 0.18168674431804716,
    "hybrid_score": 0.8435645588713717,
    "std_c_index": 0.006802959675727443,
    "std_mean_brier": 0.008754989389857595,
    "std_hybrid": 0.005578955114531588
  }
}