{
  "trial_id": 10,
  "config": {
    "model_type": "gbsa",
    "model_params": {
      "loss": "coxph",
      "n_estimators": 74,
      "learning_rate": 0.068226407239209,
      "subsample": 0.6733477233182376,
      "max_depth": 1,
      "max_features": 0.3,
      "max_leaf_nodes": null,
      "min_samples_split": 2,
      "min_samples_leaf": 18,
      "min_weight_fraction_leaf": 0.0,
      "min_impurity_decrease": 0.043579413480243905,
      "criterion": "friedman_mse",
      "ccp_alpha": 0.0038511278566540205,
      "dropout_rate": 0.17018024706254145,
      "validation_fraction": 0.27616812366773186,
      "n_iter_no_change": 10,
      "tol": 1.3239947470058392e-05,
      "random_state": 777,
      "warm_start": false,
      "verbose": 0
    },
    "seed": 777,
    "cv_n_splits": 5,
    "cv_n_repeats": 10,
    "preprocessing_config": {
      "eps": 1e-06,
      "min_speed": 0.01,
      "max_hours": 9999.0
    }
  },
  "result": {
    "c_index": 0.9091338191454124,
    "mean_brier": 0.17930937194302157,
    "hybrid_score": 0.8472235853835086,
    "std_c_index": 0.009772029951033014,
    "std_mean_brier": 0.013993568143508923,
    "std_hybrid": 0.010164712955087477
  }
}