{
  "trial_id": 208,
  "config": {
    "seed": 42,
    "cv_n_splits": 5,
    "cv_n_repeats": 10,
    "gbsa_config": {
      "loss": "coxph",
      "n_estimators": 87,
      "learning_rate": 0.06794565320844283,
      "subsample": 0.7428745286691629,
      "max_depth": 6,
      "max_features": 0.3,
      "max_leaf_nodes": 8,
      "min_samples_split": 2,
      "min_samples_leaf": 11,
      "min_weight_fraction_leaf": 0.0,
      "min_impurity_decrease": 0.007564346715633691,
      "criterion": "friedman_mse",
      "ccp_alpha": 0.00010394490729549507,
      "dropout_rate": 0.1135332321671512,
      "validation_fraction": 0.22718179104975406,
      "n_iter_no_change": null,
      "tol": 9.867294535156266e-05,
      "random_state": 42,
      "warm_start": false,
      "verbose": 0
    },
    "preprocessing_config": {
      "eps": 1e-06,
      "min_speed": 0.01,
      "max_hours": 9999.0
    }
  },
  "result": {
    "c_index": 0.9417853593905268,
    "mean_brier": 0.16444903808940428,
    "hybrid_score": 0.8674212811545748,
    "std_c_index": 0.0027424619867787124,
    "std_mean_brier": 0.007490086225798933,
    "std_hybrid": 0.005569179364308124
  }
}