{
  "trial_id": 57,
  "config": {
    "model_type": "coxnet",
    "model_params": {
      "l1_ratio": 0.6986250426387732,
      "alpha_min_ratio": 0.04124348591184617,
      "n_alphas": 262,
      "max_iter": 19647,
      "tol": 8.945678238779787e-07
    },
    "seed": 42,
    "cv_n_splits": 5,
    "cv_n_repeats": 10,
    "preprocessing_config": {
      "eps": 1e-06,
      "min_speed": 0.01,
      "max_hours": 9999.0
    }
  },
  "result": {
    "c_index": 0.9371066578337197,
    "mean_brier": 0.026547130046333012,
    "hybrid_score": 0.9625490063176828,
    "std_c_index": 0.004519764345435881,
    "std_mean_brier": 0.002516105064543256,
    "std_hybrid": 0.0030004863149621346
  }
}