{
  "trial_id": 19,
  "config": {
    "model_type": "gbsa",
    "model_params": {
      "loss": "coxph",
      "n_estimators": 339,
      "learning_rate": 0.06629730226874539,
      "subsample": 0.5955102598401699,
      "max_depth": 5,
      "max_features": null,
      "max_leaf_nodes": 8,
      "min_samples_split": 18,
      "min_samples_leaf": 8,
      "min_weight_fraction_leaf": 0.0,
      "min_impurity_decrease": 0.03905610908240851,
      "criterion": "friedman_mse",
      "ccp_alpha": 0.00041293235946117016,
      "dropout_rate": 0.2524508878419176,
      "validation_fraction": 0.28876370754862624,
      "n_iter_no_change": 20,
      "tol": 1.7583608361457552e-05,
      "random_state": 777,
      "warm_start": false,
      "verbose": 0
    },
    "seed": 777,
    "cv_n_splits": 5,
    "cv_n_repeats": 10,
    "preprocessing_config": {
      "eps": 1e-06,
      "min_speed": 0.01,
      "max_hours": 9999.0
    }
  },
  "result": {
    "c_index": 0.936738158330573,
    "mean_brier": 0.19447835555647458,
    "hybrid_score": 0.8448865986096397,
    "std_c_index": 0.00410206835002408,
    "std_mean_brier": 0.015810396442432942,
    "std_hybrid": 0.011309215896612075
  }
}