{
  "trial_id": 30,
  "config": {
    "model_type": "coxnet",
    "model_params": {
      "l1_ratio": 0.9073383321209834,
      "alpha_min_ratio": 0.014371843523493412,
      "n_alphas": 116,
      "max_iter": 707,
      "tol": 2.3460635414657955e-05
    },
    "seed": 42,
    "cv_n_splits": 5,
    "cv_n_repeats": 10,
    "preprocessing_config": {
      "eps": 1e-06,
      "min_speed": 0.01,
      "max_hours": 9999.0
    }
  },
  "result": {
    "c_index": 0.9278403444849287,
    "mean_brier": 0.02941450928244272,
    "hybrid_score": 0.9577619468477687,
    "std_c_index": 0.00899193071689346,
    "std_mean_brier": 0.00278206285702469,
    "std_hybrid": 0.004531747621025145
  }
}