{
  "trial_id": 44,
  "config": {
    "model_type": "coxnet",
    "model_params": {
      "l1_ratio": 0.45232574291934746,
      "alpha_min_ratio": 0.0019067594876368468,
      "n_alphas": 262,
      "max_iter": 1019,
      "tol": 1.1639010490358286e-07
    },
    "seed": 42,
    "cv_n_splits": 5,
    "cv_n_repeats": 10,
    "preprocessing_config": {
      "eps": 1e-06,
      "min_speed": 0.01,
      "max_hours": 9999.0
    }
  },
  "result": {
    "c_index": 0.9274180192116596,
    "mean_brier": 0.035588736241158304,
    "hybrid_score": 0.9533132903946869,
    "std_c_index": 0.011509435998501166,
    "std_mean_brier": 0.005208001529487984,
    "std_hybrid": 0.006280883640757185
  }
}