{
  "trial_id": 123,
  "config": {
    "model_type": "coxnet",
    "model_params": {
      "l1_ratio": 0.9852298280429368,
      "alpha_min_ratio": 0.050587076004527734,
      "n_alphas": 257,
      "max_iter": 19853,
      "tol": 2.770815367102444e-05
    },
    "seed": 42,
    "cv_n_splits": 5,
    "cv_n_repeats": 10,
    "preprocessing_config": {
      "eps": 1e-06,
      "min_speed": 0.01,
      "max_hours": 9999.0
    }
  },
  "result": {
    "c_index": 0.9376035110963896,
    "mean_brier": 0.02556545995358771,
    "hybrid_score": 0.9633852313614053,
    "std_c_index": 0.004400767902353359,
    "std_mean_brier": 0.0021606736388977608,
    "std_hybrid": 0.002717973857176832
  }
}