{
  "trial_id": 187,
  "config": {
    "model_type": "coxnet",
    "model_params": {
      "l1_ratio": 0.5082290523518556,
      "alpha_min_ratio": 0.08548983014304969,
      "n_alphas": 163,
      "max_iter": 16041,
      "tol": 3.544772191599235e-05
    },
    "seed": 1024,
    "cv_n_splits": 5,
    "cv_n_repeats": 10,
    "preprocessing_config": {
      "eps": 1e-06,
      "min_speed": 0.01,
      "max_hours": 9999.0
    }
  },
  "result": {
    "c_index": 0.936717456111295,
    "mean_brier": 0.02907227229030081,
    "hybrid_score": 0.960664646230178,
    "std_c_index": 0.0036038134095638208,
    "std_mean_brier": 0.0006769018908855842,
    "std_hybrid": 0.0014784789214374713
  }
}