{
  "trial_id": 19,
  "config": {
    "model_type": "coxnet",
    "model_params": {
      "l1_ratio": 0.9680096024789318,
      "alpha_min_ratio": 0.008626811387339324,
      "n_alphas": 223,
      "max_iter": 1076,
      "tol": 5.973258339240533e-07
    },
    "seed": 42,
    "cv_n_splits": 5,
    "cv_n_repeats": 10,
    "preprocessing_config": {
      "eps": 1e-06,
      "min_speed": 0.01,
      "max_hours": 9999.0
    }
  },
  "result": {
    "c_index": 0.9267886717456111,
    "mean_brier": 0.03177765613666753,
    "hybrid_score": 0.9557922422280161,
    "std_c_index": 0.009828297439121933,
    "std_mean_brier": 0.003239660766551581,
    "std_hybrid": 0.004910396080919934
  }
}