{
  "trial_id": 126,
  "config": {
    "model_type": "coxnet",
    "model_params": {
      "l1_ratio": 0.6288342843593004,
      "alpha_min_ratio": 0.00014766247926875718,
      "n_alphas": 246,
      "max_iter": 7097,
      "tol": 1.3652559240971402e-08
    },
    "seed": 42,
    "cv_n_splits": 5,
    "cv_n_repeats": 10,
    "preprocessing_config": {
      "eps": 1e-06,
      "min_speed": 0.01,
      "max_hours": 9999.0
    }
  },
  "result": {
    "c_index": 0.9253892017224248,
    "mean_brier": 0.03892564869471605,
    "hybrid_score": 0.9503688064304262,
    "std_c_index": 0.011905486145296879,
    "std_mean_brier": 0.006950920978807527,
    "std_hybrid": 0.007862578611072745
  }
}