{
  "trial_id": 154,
  "config": {
    "model_type": "gbsa",
    "model_params": {
      "loss": "coxph",
      "n_estimators": 472,
      "learning_rate": 0.18685925679361573,
      "subsample": 0.8352026116523557,
      "max_depth": 1,
      "max_features": "log2",
      "max_leaf_nodes": 31,
      "min_samples_split": 9,
      "min_samples_leaf": 14,
      "min_weight_fraction_leaf": 0.0,
      "min_impurity_decrease": 0.004019154199218299,
      "criterion": "friedman_mse",
      "ccp_alpha": 1.3329988311587405e-08,
      "dropout_rate": 0.005306236975064386,
      "validation_fraction": 0.2630383028504958,
      "n_iter_no_change": 10,
      "tol": 0.00012546132269858828,
      "random_state": 2023,
      "warm_start": false,
      "verbose": 0
    },
    "seed": 2023,
    "cv_n_splits": 5,
    "cv_n_repeats": 10,
    "preprocessing_config": {
      "eps": 1e-06,
      "min_speed": 0.01,
      "max_hours": 9999.0
    }
  },
  "result": {
    "c_index": 0.928055647565419,
    "mean_brier": 0.04675383048266584,
    "hybrid_score": 0.9456890129317597,
    "std_c_index": 0.006130547604033482,
    "std_mean_brier": 0.00430838272750552,
    "std_hybrid": 0.004007033367138893
  }
}