{
  "trial_id": 112,
  "config": {
    "model_type": "gbsa",
    "model_params": {
      "loss": "coxph",
      "n_estimators": 445,
      "learning_rate": 0.05265065189197124,
      "subsample": 0.603492409592236,
      "max_depth": 3,
      "max_features": "log2",
      "max_leaf_nodes": 31,
      "min_samples_split": 16,
      "min_samples_leaf": 18,
      "min_weight_fraction_leaf": 0.0,
      "min_impurity_decrease": 0.032394896558987925,
      "criterion": "friedman_mse",
      "ccp_alpha": 2.2460046621825503e-08,
      "dropout_rate": 0.09121732098225965,
      "validation_fraction": 0.24245967206888458,
      "n_iter_no_change": null,
      "tol": 0.006578235008651475,
      "random_state": 2023,
      "warm_start": false,
      "verbose": 0
    },
    "seed": 2023,
    "cv_n_splits": 5,
    "cv_n_repeats": 10,
    "preprocessing_config": {
      "eps": 1e-06,
      "min_speed": 0.01,
      "max_hours": 9999.0
    }
  },
  "result": {
    "c_index": 0.9272027161311692,
    "mean_brier": 0.17273646125495987,
    "hybrid_score": 0.8572452919608787,
    "std_c_index": 0.003851538709121032,
    "std_mean_brier": 0.008082876848452556,
    "std_hybrid": 0.005899670000802908
  }
}