{
  "trial_id": 22,
  "config": {
    "model_type": "coxnet",
    "model_params": {
      "l1_ratio": 0.8829312918587492,
      "alpha_min_ratio": 0.07568658150630474,
      "n_alphas": 248,
      "max_iter": 15132,
      "tol": 1.2974137505622401e-08
    },
    "seed": 2023,
    "cv_n_splits": 5,
    "cv_n_repeats": 10,
    "preprocessing_config": {
      "eps": 1e-06,
      "min_speed": 0.01,
      "max_hours": 9999.0
    }
  },
  "result": {
    "c_index": 0.9365932427956277,
    "mean_brier": 0.02591092034938427,
    "hybrid_score": 0.9628403285941193,
    "std_c_index": 0.002646530774115311,
    "std_mean_brier": 0.0007920471597557808,
    "std_hybrid": 0.0011942204522604146
  }
}