{
  "trial_id": 298,
  "config": {
    "model_type": "coxnet",
    "model_params": {
      "l1_ratio": 0.9984466825531506,
      "alpha_min_ratio": 0.09599662944752352,
      "n_alphas": 292,
      "max_iter": 13411,
      "tol": 9.386118227510636e-05
    },
    "seed": 1024,
    "cv_n_splits": 5,
    "cv_n_repeats": 10,
    "preprocessing_config": {
      "eps": 1e-06,
      "min_speed": 0.01,
      "max_hours": 9999.0
    }
  },
  "result": {
    "c_index": 0.9359845975488572,
    "mean_brier": 0.026011588940002446,
    "hybrid_score": 0.9625872670066553,
    "std_c_index": 0.0038311278872538916,
    "std_mean_brier": 0.0007395831427515967,
    "std_hybrid": 0.0015775304307389818
  }
}