{
  "trial_id": 106,
  "config": {
    "model_type": "coxnet",
    "model_params": {
      "l1_ratio": 0.9543782384146497,
      "alpha_min_ratio": 0.0273577251450369,
      "n_alphas": 150,
      "max_iter": 11845,
      "tol": 2.771843729150859e-06
    },
    "seed": 777,
    "cv_n_splits": 5,
    "cv_n_repeats": 10,
    "preprocessing_config": {
      "eps": 1e-06,
      "min_speed": 0.01,
      "max_hours": 9999.0
    }
  },
  "result": {
    "c_index": 0.9302666445842993,
    "mean_brier": 0.028932320526607068,
    "hybrid_score": 0.9588273690066649,
    "std_c_index": 0.006180499777335458,
    "std_mean_brier": 0.004123646727440376,
    "std_hybrid": 0.004249235232379217
  }
}