{
  "trial_id": 252,
  "config": {
    "model_type": "coxnet",
    "model_params": {
      "l1_ratio": 0.9694599276602532,
      "alpha_min_ratio": 0.08554659380341148,
      "n_alphas": 300,
      "max_iter": 18747,
      "tol": 5.2019800320318915e-06
    },
    "seed": 42,
    "cv_n_splits": 5,
    "cv_n_repeats": 10,
    "preprocessing_config": {
      "eps": 1e-06,
      "min_speed": 0.01,
      "max_hours": 9999.0
    }
  },
  "result": {
    "c_index": 0.9392431268631997,
    "mean_brier": 0.02545829919166521,
    "hybrid_score": 0.9639521286247941,
    "std_c_index": 0.0023451292706691013,
    "std_mean_brier": 0.0007960295671530418,
    "std_hybrid": 0.001107844106444954
  }
}