{
  "trial_id": 169,
  "config": {
    "model_type": "coxnet",
    "model_params": {
      "l1_ratio": 0.04877478674105562,
      "alpha_min_ratio": 0.0009777636691037925,
      "n_alphas": 124,
      "max_iter": 8696,
      "tol": 1.3155443461739966e-05
    },
    "seed": 42,
    "cv_n_splits": 5,
    "cv_n_repeats": 10,
    "preprocessing_config": {
      "eps": 1e-06,
      "min_speed": 0.01,
      "max_hours": 9999.0
    }
  },
  "result": {
    "c_index": 0.9300679032792315,
    "mean_brier": 0.03316782980658743,
    "hybrid_score": 0.9558028901191582,
    "std_c_index": 0.010002767364598717,
    "std_mean_brier": 0.0035280902305561967,
    "std_hybrid": 0.004805958441910988
  }
}