{
  "trial_id": 215,
  "config": {
    "model_type": "gbsa",
    "model_params": {
      "loss": "coxph",
      "n_estimators": 416,
      "learning_rate": 0.18347646571520831,
      "subsample": 0.851785849097057,
      "max_depth": 5,
      "max_features": 0.3,
      "max_leaf_nodes": null,
      "min_samples_split": 8,
      "min_samples_leaf": 4,
      "min_weight_fraction_leaf": 0.0,
      "min_impurity_decrease": 0.04944946096447943,
      "criterion": "friedman_mse",
      "ccp_alpha": 0.0040038059034519105,
      "dropout_rate": 0.07195572058333558,
      "validation_fraction": 0.16285714584390393,
      "n_iter_no_change": 10,
      "tol": 0.00975273108590785,
      "random_state": 42,
      "warm_start": false,
      "verbose": 0
    },
    "seed": 42,
    "cv_n_splits": 5,
    "cv_n_repeats": 10,
    "preprocessing_config": {
      "eps": 1e-06,
      "min_speed": 0.01,
      "max_hours": 9999.0
    }
  },
  "result": {
    "c_index": 0.9390857899966877,
    "mean_brier": 0.07776835184449696,
    "hybrid_score": 0.9272878907078583,
    "std_c_index": 0.002160248558578733,
    "std_mean_brier": 0.006034665925595085,
    "std_hybrid": 0.00448531422265113
  }
}