{
  "trial_id": 200,
  "config": {
    "model_type": "gbsa",
    "model_params": {
      "loss": "coxph",
      "n_estimators": 482,
      "learning_rate": 0.11629239640848574,
      "subsample": 0.7934972869083696,
      "max_depth": 4,
      "max_features": 0.3,
      "max_leaf_nodes": null,
      "min_samples_split": 6,
      "min_samples_leaf": 3,
      "min_weight_fraction_leaf": 0.0,
      "min_impurity_decrease": 0.04858062948555783,
      "criterion": "friedman_mse",
      "ccp_alpha": 0.009221041900233968,
      "dropout_rate": 0.008918546433201563,
      "validation_fraction": 0.152959551353816,
      "n_iter_no_change": null,
      "tol": 0.005894157078444314,
      "random_state": 42,
      "warm_start": false,
      "verbose": 0
    },
    "seed": 42,
    "cv_n_splits": 5,
    "cv_n_repeats": 10,
    "preprocessing_config": {
      "eps": 1e-06,
      "min_speed": 0.01,
      "max_hours": 9999.0
    }
  },
  "result": {
    "c_index": 0.9407419675389201,
    "mean_brier": 0.029776152565772533,
    "hybrid_score": 0.9613792834656352,
    "std_c_index": 0.001873824185507067,
    "std_mean_brier": 0.0011477702912032603,
    "std_hybrid": 0.0011296802892137438
  }
}