{
  "trial_id": 72,
  "config": {
    "model_type": "coxnet",
    "model_params": {
      "l1_ratio": 0.9619652914035343,
      "alpha_min_ratio": 0.0943130667513717,
      "n_alphas": 206,
      "max_iter": 10341,
      "tol": 3.012205393367233e-08
    },
    "seed": 2023,
    "cv_n_splits": 5,
    "cv_n_repeats": 10,
    "preprocessing_config": {
      "eps": 1e-06,
      "min_speed": 0.01,
      "max_hours": 9999.0
    }
  },
  "result": {
    "c_index": 0.9362454455117589,
    "mean_brier": 0.02600221823515448,
    "hybrid_score": 0.9626720808889196,
    "std_c_index": 0.002768455699033356,
    "std_mean_brier": 0.0007079502606709367,
    "std_hybrid": 0.0011357627561168222
  }
}