{
  "trial_id": 87,
  "config": {
    "model_type": "coxnet",
    "model_params": {
      "l1_ratio": 0.15331966459722202,
      "alpha_min_ratio": 0.08026461355059815,
      "n_alphas": 285,
      "max_iter": 14010,
      "tol": 7.260818029748634e-07
    },
    "seed": 777,
    "cv_n_splits": 5,
    "cv_n_repeats": 10,
    "preprocessing_config": {
      "eps": 1e-06,
      "min_speed": 0.01,
      "max_hours": 9999.0
    }
  },
  "result": {
    "c_index": 0.937578668433256,
    "mean_brier": 0.03718109172005531,
    "hybrid_score": 0.9552468363259379,
    "std_c_index": 0.0015906203648284828,
    "std_mean_brier": 0.000673554512624774,
    "std_hybrid": 0.0007132594872561707
  }
}