{
  "trial_id": 26,
  "config": {
    "model_type": "coxnet",
    "model_params": {
      "l1_ratio": 0.8436091074936859,
      "alpha_min_ratio": 0.09200274978865845,
      "n_alphas": 149,
      "max_iter": 9239,
      "tol": 6.49426992356357e-08
    },
    "seed": 2023,
    "cv_n_splits": 5,
    "cv_n_repeats": 10,
    "preprocessing_config": {
      "eps": 1e-06,
      "min_speed": 0.01,
      "max_hours": 9999.0
    }
  },
  "result": {
    "c_index": 0.9371563431599867,
    "mean_brier": 0.026363192098267745,
    "hybrid_score": 0.9626926684792085,
    "std_c_index": 0.0025071951702418474,
    "std_mean_brier": 0.0006806361934364954,
    "std_hybrid": 0.001060782517569281
  }
}