{
  "trial_id": 266,
  "config": {
    "model_type": "coxnet",
    "model_params": {
      "l1_ratio": 0.9037261370980695,
      "alpha_min_ratio": 0.0389836463643009,
      "n_alphas": 278,
      "max_iter": 12368,
      "tol": 6.600531475839777e-05
    },
    "seed": 1024,
    "cv_n_splits": 5,
    "cv_n_repeats": 10,
    "preprocessing_config": {
      "eps": 1e-06,
      "min_speed": 0.01,
      "max_hours": 9999.0
    }
  },
  "result": {
    "c_index": 0.9348790990394171,
    "mean_brier": 0.026164221886058398,
    "hybrid_score": 0.9621487743915841,
    "std_c_index": 0.003165899362930525,
    "std_mean_brier": 0.0012233546259858125,
    "std_hybrid": 0.0014347333845435393
  }
}