{
  "trial_id": 124,
  "config": {
    "model_type": "coxnet",
    "model_params": {
      "l1_ratio": 0.21591060820347263,
      "alpha_min_ratio": 0.06831629557160156,
      "n_alphas": 98,
      "max_iter": 15989,
      "tol": 4.944141349622375e-07
    },
    "seed": 1024,
    "cv_n_splits": 5,
    "cv_n_repeats": 10,
    "preprocessing_config": {
      "eps": 1e-06,
      "min_speed": 0.01,
      "max_hours": 9999.0
    }
  },
  "result": {
    "c_index": 0.9374792977807221,
    "mean_brier": 0.03220328085401901,
    "hybrid_score": 0.9587014927364033,
    "std_c_index": 0.0026781983485916257,
    "std_mean_brier": 0.0007307454942196247,
    "std_hybrid": 0.001127190014434128
  }
}