{
  "trial_id": 111,
  "config": {
    "model_type": "coxnet",
    "model_params": {
      "l1_ratio": 0.8087870714628785,
      "alpha_min_ratio": 0.07910559186421555,
      "n_alphas": 160,
      "max_iter": 18733,
      "tol": 5.054896642122101e-07
    },
    "seed": 2023,
    "cv_n_splits": 5,
    "cv_n_repeats": 10,
    "preprocessing_config": {
      "eps": 1e-06,
      "min_speed": 0.01,
      "max_hours": 9999.0
    }
  },
  "result": {
    "c_index": 0.9370155680688971,
    "mean_brier": 0.026313760393628226,
    "hybrid_score": 0.9626850381451293,
    "std_c_index": 0.0025305395650705945,
    "std_mean_brier": 0.0007466628988217918,
    "std_hybrid": 0.0011334040289491469
  }
}