{
  "trial_id": 118,
  "config": {
    "model_type": "gbsa",
    "model_params": {
      "loss": "coxph",
      "n_estimators": 259,
      "learning_rate": 0.08391400324996885,
      "subsample": 0.6430814207085259,
      "max_depth": 3,
      "max_features": 0.7,
      "max_leaf_nodes": 31,
      "min_samples_split": 14,
      "min_samples_leaf": 16,
      "min_weight_fraction_leaf": 0.0,
      "min_impurity_decrease": 0.03621219132964597,
      "criterion": "friedman_mse",
      "ccp_alpha": 0.03540229887416397,
      "dropout_rate": 0.05938721242792332,
      "validation_fraction": 0.1565995938531994,
      "n_iter_no_change": null,
      "tol": 2.7040405266397774e-05,
      "random_state": 777,
      "warm_start": false,
      "verbose": 0
    },
    "seed": 777,
    "cv_n_splits": 5,
    "cv_n_repeats": 10,
    "preprocessing_config": {
      "eps": 1e-06,
      "min_speed": 0.01,
      "max_hours": 9999.0
    }
  },
  "result": {
    "c_index": 0.900285690626035,
    "mean_brier": 0.09913009548705724,
    "hybrid_score": 0.9006946403468705,
    "std_c_index": 0.011125366476277479,
    "std_mean_brier": 0.005394030379589245,
    "std_hybrid": 0.0046752323207814445
  }
}