{
  "trial_id": 80,
  "config": {
    "model_type": "gbsa",
    "model_params": {
      "loss": "coxph",
      "n_estimators": 250,
      "learning_rate": 0.05541803478350971,
      "subsample": 0.623180687299835,
      "max_depth": 3,
      "max_features": null,
      "max_leaf_nodes": 8,
      "min_samples_split": 17,
      "min_samples_leaf": 10,
      "min_weight_fraction_leaf": 0.0,
      "min_impurity_decrease": 0.042500786200807855,
      "criterion": "friedman_mse",
      "ccp_alpha": 1.554523333854159e-06,
      "dropout_rate": 0.07256114490861035,
      "validation_fraction": 0.156729189799936,
      "n_iter_no_change": 10,
      "tol": 4.7226746047016196e-05,
      "random_state": 777,
      "warm_start": false,
      "verbose": 0
    },
    "seed": 777,
    "cv_n_splits": 5,
    "cv_n_repeats": 10,
    "preprocessing_config": {
      "eps": 1e-06,
      "min_speed": 0.01,
      "max_hours": 9999.0
    }
  },
  "result": {
    "c_index": 0.9393549188473005,
    "mean_brier": 0.1430284214408751,
    "hybrid_score": 0.8816865806455775,
    "std_c_index": 0.003049461494841092,
    "std_mean_brier": 0.010242622325032504,
    "std_hybrid": 0.007305375355740229
  }
}