{
  "trial_id": 45,
  "config": {
    "seed": 42,
    "cv_n_splits": 5,
    "cv_n_repeats": 10,
    "gbsa_config": {
      "loss": "coxph",
      "n_estimators": 71,
      "learning_rate": 0.14663697409054963,
      "subsample": 0.7760950037986603,
      "max_depth": 5,
      "max_features": 0.5,
      "max_leaf_nodes": 8,
      "min_samples_split": 6,
      "min_samples_leaf": 18,
      "min_weight_fraction_leaf": 0.0,
      "min_impurity_decrease": 0.016150535881123772,
      "criterion": "friedman_mse",
      "ccp_alpha": 1.0113720130905062e-05,
      "dropout_rate": 0.11804164550263356,
      "validation_fraction": 0.2946920617112687,
      "n_iter_no_change": 20,
      "tol": 5.317507786248706e-05,
      "random_state": 42,
      "warm_start": false,
      "verbose": 0
    },
    "preprocessing_config": {
      "eps": 1e-06,
      "min_speed": 0.01,
      "max_hours": 9999.0
    }
  },
  "result": {
    "c_index": 0.903254388870487,
    "mean_brier": 0.10430907979750614,
    "hybrid_score": 0.8979599608028919,
    "std_c_index": 0.008560495588645477,
    "std_mean_brier": 0.004509314467122711,
    "std_hybrid": 0.004522135153663947
  }
}