{
  "trial_id": 86,
  "config": {
    "model_type": "coxnet",
    "model_params": {
      "l1_ratio": 0.9819781377618063,
      "alpha_min_ratio": 0.07977785155517755,
      "n_alphas": 237,
      "max_iter": 15590,
      "tol": 6.936767753135686e-06
    },
    "seed": 42,
    "cv_n_splits": 5,
    "cv_n_repeats": 10,
    "preprocessing_config": {
      "eps": 1e-06,
      "min_speed": 0.01,
      "max_hours": 9999.0
    }
  },
  "result": {
    "c_index": 0.9392514077509109,
    "mean_brier": 0.02530228484223705,
    "hybrid_score": 0.9640638229357072,
    "std_c_index": 0.002425381396939968,
    "std_mean_brier": 0.0008253003076364651,
    "std_hybrid": 0.0011419591412552665
  }
}