{
  "trial_id": 205,
  "config": {
    "model_type": "coxnet",
    "model_params": {
      "l1_ratio": 0.9922303451931734,
      "alpha_min_ratio": 0.038328028670368414,
      "n_alphas": 255,
      "max_iter": 19857,
      "tol": 8.590219384431336e-06
    },
    "seed": 42,
    "cv_n_splits": 5,
    "cv_n_repeats": 10,
    "preprocessing_config": {
      "eps": 1e-06,
      "min_speed": 0.01,
      "max_hours": 9999.0
    }
  },
  "result": {
    "c_index": 0.9364938721430937,
    "mean_brier": 0.025827591874740725,
    "hybrid_score": 0.9628688473306097,
    "std_c_index": 0.005260606230506081,
    "std_mean_brier": 0.0028881514996397218,
    "std_hybrid": 0.0034488928324359087
  }
}