{
  "trial_id": 227,
  "config": {
    "model_type": "coxnet",
    "model_params": {
      "l1_ratio": 0.9697099431172382,
      "alpha_min_ratio": 0.09679672811153912,
      "n_alphas": 157,
      "max_iter": 9782,
      "tol": 1.1052212823658316e-06
    },
    "seed": 777,
    "cv_n_splits": 5,
    "cv_n_repeats": 10,
    "preprocessing_config": {
      "eps": 1e-06,
      "min_speed": 0.01,
      "max_hours": 9999.0
    }
  },
  "result": {
    "c_index": 0.9360715468698244,
    "mean_brier": 0.025995417310020676,
    "hybrid_score": 0.9626246719439328,
    "std_c_index": 0.0027831668151838173,
    "std_mean_brier": 0.0005277063722072265,
    "std_hybrid": 0.0010842853641665133
  }
}