{
  "trial_id": 246,
  "config": {
    "model_type": "coxnet",
    "model_params": {
      "l1_ratio": 0.9032205022912918,
      "alpha_min_ratio": 0.047482073096901604,
      "n_alphas": 162,
      "max_iter": 6027,
      "tol": 1.4475266589888233e-08
    },
    "seed": 1024,
    "cv_n_splits": 5,
    "cv_n_repeats": 10,
    "preprocessing_config": {
      "eps": 1e-06,
      "min_speed": 0.01,
      "max_hours": 9999.0
    }
  },
  "result": {
    "c_index": 0.9358148393507785,
    "mean_brier": 0.025828134581410523,
    "hybrid_score": 0.9626647575982462,
    "std_c_index": 0.003150320043401926,
    "std_mean_brier": 0.0010643808006007608,
    "std_hybrid": 0.0014046295045692327
  }
}