{
  "trial_id": 75,
  "config": {
    "model_type": "gbsa",
    "model_params": {
      "loss": "coxph",
      "n_estimators": 291,
      "learning_rate": 0.10402944645499308,
      "subsample": 0.6787076239108998,
      "max_depth": 2,
      "max_features": 1.0,
      "max_leaf_nodes": 16,
      "min_samples_split": 20,
      "min_samples_leaf": 19,
      "min_weight_fraction_leaf": 0.0,
      "min_impurity_decrease": 0.013143484556026102,
      "criterion": "friedman_mse",
      "ccp_alpha": 0.01795099505276169,
      "dropout_rate": 0.025452402822760067,
      "validation_fraction": 0.17497205986055325,
      "n_iter_no_change": 20,
      "tol": 0.0011954920735924284,
      "random_state": 2023,
      "warm_start": false,
      "verbose": 0
    },
    "seed": 2023,
    "cv_n_splits": 5,
    "cv_n_repeats": 10,
    "preprocessing_config": {
      "eps": 1e-06,
      "min_speed": 0.01,
      "max_hours": 9999.0
    }
  },
  "result": {
    "c_index": 0.9080862868499505,
    "mean_brier": 0.05807741526793727,
    "hybrid_score": 0.9317716953674291,
    "std_c_index": 0.009625609446941156,
    "std_mean_brier": 0.003920086435585215,
    "std_hybrid": 0.004142574944419604
  }
}