{
  "trial_id": 247,
  "config": {
    "model_type": "coxnet",
    "model_params": {
      "l1_ratio": 0.9659685873813051,
      "alpha_min_ratio": 0.08423689202495757,
      "n_alphas": 231,
      "max_iter": 15956,
      "tol": 4.818052217697933e-06
    },
    "seed": 2023,
    "cv_n_splits": 5,
    "cv_n_repeats": 10,
    "preprocessing_config": {
      "eps": 1e-06,
      "min_speed": 0.01,
      "max_hours": 9999.0
    }
  },
  "result": {
    "c_index": 0.936402782378271,
    "mean_brier": 0.025881947187571846,
    "hybrid_score": 0.9628034716821808,
    "std_c_index": 0.0027482069382630653,
    "std_mean_brier": 0.0007500764079608892,
    "std_hybrid": 0.0011932138728285282
  }
}