{
  "trial_id": 275,
  "config": {
    "model_type": "gbsa",
    "model_params": {
      "loss": "coxph",
      "n_estimators": 475,
      "learning_rate": 0.13438284832608208,
      "subsample": 0.7830560508121709,
      "max_depth": 6,
      "max_features": 1.0,
      "max_leaf_nodes": 63,
      "min_samples_split": 3,
      "min_samples_leaf": 12,
      "min_weight_fraction_leaf": 0.0,
      "min_impurity_decrease": 0.013813588470803669,
      "criterion": "friedman_mse",
      "ccp_alpha": 8.177343604952449e-06,
      "dropout_rate": 0.14829075993429588,
      "validation_fraction": 0.27892566386338014,
      "n_iter_no_change": null,
      "tol": 3.594140244451817e-05,
      "random_state": 2023,
      "warm_start": false,
      "verbose": 0
    },
    "seed": 2023,
    "cv_n_splits": 5,
    "cv_n_repeats": 10,
    "preprocessing_config": {
      "eps": 1e-06,
      "min_speed": 0.01,
      "max_hours": 9999.0
    }
  },
  "result": {
    "c_index": 0.9382949652202717,
    "mean_brier": 0.13555547678053664,
    "hybrid_score": 0.8865996558197058,
    "std_c_index": 0.0031291484905232535,
    "std_mean_brier": 0.006843974986990189,
    "std_hybrid": 0.005028811383221983
  }
}