{
  "trial_id": 212,
  "config": {
    "model_type": "gbsa",
    "model_params": {
      "loss": "coxph",
      "n_estimators": 202,
      "learning_rate": 0.09461848183237254,
      "subsample": 0.6781656768886754,
      "max_depth": 2,
      "max_features": "log2",
      "max_leaf_nodes": 31,
      "min_samples_split": 19,
      "min_samples_leaf": 8,
      "min_weight_fraction_leaf": 0.0,
      "min_impurity_decrease": 0.026365834804174045,
      "criterion": "friedman_mse",
      "ccp_alpha": 0.00015071189744408464,
      "dropout_rate": 0.009961006894784661,
      "validation_fraction": 0.1075864570972002,
      "n_iter_no_change": null,
      "tol": 0.00014722317521412493,
      "random_state": 777,
      "warm_start": false,
      "verbose": 0
    },
    "seed": 777,
    "cv_n_splits": 5,
    "cv_n_repeats": 10,
    "preprocessing_config": {
      "eps": 1e-06,
      "min_speed": 0.01,
      "max_hours": 9999.0
    }
  },
  "result": {
    "c_index": 0.93945842994369,
    "mean_brier": 0.03818608496261007,
    "hybrid_score": 0.9551072695092799,
    "std_c_index": 0.001883041819594072,
    "std_mean_brier": 0.0019501117564530172,
    "std_hybrid": 0.0014779409660570669
  }
}