{
  "trial_id": 56,
  "config": {
    "model_type": "coxnet",
    "model_params": {
      "l1_ratio": 0.9172049558008253,
      "alpha_min_ratio": 0.09716967807072358,
      "n_alphas": 266,
      "max_iter": 12793,
      "tol": 1.063822868107374e-07
    },
    "seed": 2023,
    "cv_n_splits": 5,
    "cv_n_repeats": 10,
    "preprocessing_config": {
      "eps": 1e-06,
      "min_speed": 0.01,
      "max_hours": 9999.0
    }
  },
  "result": {
    "c_index": 0.9367671414375621,
    "mean_brier": 0.026168002549628783,
    "hybrid_score": 0.9627125406465284,
    "std_c_index": 0.0026767128935786,
    "std_mean_brier": 0.0006667854839670574,
    "std_hybrid": 0.0011000038256846064
  }
}