{
  "trial_id": 48,
  "config": {
    "model_type": "coxnet",
    "model_params": {
      "l1_ratio": 0.8798711769497606,
      "alpha_min_ratio": 0.05354688021011912,
      "n_alphas": 58,
      "max_iter": 16109,
      "tol": 2.462147032848251e-07
    },
    "seed": 777,
    "cv_n_splits": 5,
    "cv_n_repeats": 10,
    "preprocessing_config": {
      "eps": 1e-06,
      "min_speed": 0.01,
      "max_hours": 9999.0
    }
  },
  "result": {
    "c_index": 0.9359059291156011,
    "mean_brier": 0.025496850668237658,
    "hybrid_score": 0.9629239832669139,
    "std_c_index": 0.003459587995450283,
    "std_mean_brier": 0.0005509848731287178,
    "std_hybrid": 0.0012220228059847745
  }
}