{
  "trial_id": 53,
  "config": {
    "model_type": "gbsa",
    "model_params": {
      "loss": "coxph",
      "n_estimators": 483,
      "learning_rate": 0.039982567527442094,
      "subsample": 0.5402964100863926,
      "max_depth": 5,
      "max_features": 0.3,
      "max_leaf_nodes": 8,
      "min_samples_split": 2,
      "min_samples_leaf": 1,
      "min_weight_fraction_leaf": 0.0,
      "min_impurity_decrease": 0.03954756709249311,
      "criterion": "friedman_mse",
      "ccp_alpha": 0.0012953992579844988,
      "dropout_rate": 0.28708240660057416,
      "validation_fraction": 0.2756903500431483,
      "n_iter_no_change": 5,
      "tol": 2.9639632131159028e-05,
      "random_state": 777,
      "warm_start": false,
      "verbose": 0
    },
    "seed": 777,
    "cv_n_splits": 5,
    "cv_n_repeats": 10,
    "preprocessing_config": {
      "eps": 1e-06,
      "min_speed": 0.01,
      "max_hours": 9999.0
    }
  },
  "result": {
    "c_index": 0.9316868168267638,
    "mean_brier": 0.21171416567757886,
    "hybrid_score": 0.8313061290737238,
    "std_c_index": 0.004491549601416468,
    "std_mean_brier": 0.01871414436643928,
    "std_hybrid": 0.013629723799229283
  }
}