{
  "trial_id": 288,
  "config": {
    "model_type": "coxnet",
    "model_params": {
      "l1_ratio": 0.9389186566002216,
      "alpha_min_ratio": 0.03996723936682053,
      "n_alphas": 63,
      "max_iter": 14001,
      "tol": 8.385861277444807e-08
    },
    "seed": 777,
    "cv_n_splits": 5,
    "cv_n_repeats": 10,
    "preprocessing_config": {
      "eps": 1e-06,
      "min_speed": 0.01,
      "max_hours": 9999.0
    }
  },
  "result": {
    "c_index": 0.9337197747598542,
    "mean_brier": 0.02655163387026953,
    "hybrid_score": 0.9615297887187675,
    "std_c_index": 0.00339581021325857,
    "std_mean_brier": 0.0018260548500849672,
    "std_hybrid": 0.0018295061530815985
  }
}