{
  "trial_id": 101,
  "config": {
    "model_type": "coxnet",
    "model_params": {
      "l1_ratio": 0.9896670523320562,
      "alpha_min_ratio": 0.08302216638717852,
      "n_alphas": 178,
      "max_iter": 16345,
      "tol": 1.4960866122149784e-05
    },
    "seed": 1024,
    "cv_n_splits": 5,
    "cv_n_repeats": 10,
    "preprocessing_config": {
      "eps": 1e-06,
      "min_speed": 0.01,
      "max_hours": 9999.0
    }
  },
  "result": {
    "c_index": 0.9361377939715139,
    "mean_brier": 0.025813573843933145,
    "hybrid_score": 0.962771836500701,
    "std_c_index": 0.0037633514381432654,
    "std_mean_brier": 0.0007770765499868508,
    "std_hybrid": 0.0015855739487883598
  }
}