{
  "trial_id": 223,
  "config": {
    "model_type": "coxnet",
    "model_params": {
      "l1_ratio": 0.49805590653022075,
      "alpha_min_ratio": 0.0021599413009753808,
      "n_alphas": 238,
      "max_iter": 19667,
      "tol": 2.4621560197423995e-07
    },
    "seed": 42,
    "cv_n_splits": 5,
    "cv_n_repeats": 10,
    "preprocessing_config": {
      "eps": 1e-06,
      "min_speed": 0.01,
      "max_hours": 9999.0
    }
  },
  "result": {
    "c_index": 0.9252153030804902,
    "mean_brier": 0.03760964220315286,
    "hybrid_score": 0.95123784138194,
    "std_c_index": 0.011334563177076672,
    "std_mean_brier": 0.006798536954637201,
    "std_hybrid": 0.007262508053118431
  }
}