{
  "trial_id": 221,
  "config": {
    "model_type": "gbsa",
    "model_params": {
      "loss": "coxph",
      "n_estimators": 186,
      "learning_rate": 0.10833576594855178,
      "subsample": 0.61410374627694,
      "max_depth": 3,
      "max_features": "sqrt",
      "max_leaf_nodes": 8,
      "min_samples_split": 2,
      "min_samples_leaf": 16,
      "min_weight_fraction_leaf": 0.0,
      "min_impurity_decrease": 0.03631184919355344,
      "criterion": "friedman_mse",
      "ccp_alpha": 8.472505666072235e-06,
      "dropout_rate": 0.11708466016276992,
      "validation_fraction": 0.2998890949961724,
      "n_iter_no_change": null,
      "tol": 1.730151561639788e-05,
      "random_state": 777,
      "warm_start": false,
      "verbose": 0
    },
    "seed": 777,
    "cv_n_splits": 5,
    "cv_n_repeats": 10,
    "preprocessing_config": {
      "eps": 1e-06,
      "min_speed": 0.01,
      "max_hours": 9999.0
    }
  },
  "result": {
    "c_index": 0.9378974826101357,
    "mean_brier": 0.1322945612053324,
    "hybrid_score": 0.8887630519393079,
    "std_c_index": 0.004083932416677284,
    "std_mean_brier": 0.008098093975848823,
    "std_hybrid": 0.005223322962367347
  }
}