{
  "trial_id": 50,
  "config": {
    "model_type": "coxnet",
    "model_params": {
      "l1_ratio": 0.8081122998206172,
      "alpha_min_ratio": 0.06827505684999649,
      "n_alphas": 164,
      "max_iter": 112,
      "tol": 2.6191908667311702e-06
    },
    "seed": 42,
    "cv_n_splits": 5,
    "cv_n_repeats": 10,
    "preprocessing_config": {
      "eps": 1e-06,
      "min_speed": 0.01,
      "max_hours": 9999.0
    }
  },
  "result": {
    "c_index": 0.9393259357403114,
    "mean_brier": 0.025944400546928266,
    "hybrid_score": 0.9636367003392436,
    "std_c_index": 0.002752707079418557,
    "std_mean_brier": 0.0008836053606456573,
    "std_hybrid": 0.0012222316257050237
  }
}