{
  "trial_id": 296,
  "config": {
    "model_type": "coxnet",
    "model_params": {
      "l1_ratio": 0.6346460331362422,
      "alpha_min_ratio": 0.05269852124518485,
      "n_alphas": 151,
      "max_iter": 17269,
      "tol": 1.7730157326161136e-07
    },
    "seed": 2023,
    "cv_n_splits": 5,
    "cv_n_repeats": 10,
    "preprocessing_config": {
      "eps": 1e-06,
      "min_speed": 0.01,
      "max_hours": 9999.0
    }
  },
  "result": {
    "c_index": 0.9353593905266646,
    "mean_brier": 0.02681956101096137,
    "hybrid_score": 0.9618341244503263,
    "std_c_index": 0.0028803208303677503,
    "std_mean_brier": 0.000878983947926271,
    "std_hybrid": 0.0011974017979084304
  }
}