{
  "trial_id": 249,
  "config": {
    "model_type": "gbsa",
    "model_params": {
      "loss": "coxph",
      "n_estimators": 366,
      "learning_rate": 0.1434355797374979,
      "subsample": 0.611383801836315,
      "max_depth": 2,
      "max_features": null,
      "max_leaf_nodes": 16,
      "min_samples_split": 17,
      "min_samples_leaf": 17,
      "min_weight_fraction_leaf": 0.0,
      "min_impurity_decrease": 0.01557976233149304,
      "criterion": "friedman_mse",
      "ccp_alpha": 0.005565373324801074,
      "dropout_rate": 0.028335098831963324,
      "validation_fraction": 0.11954679816365511,
      "n_iter_no_change": null,
      "tol": 0.0003796351101022045,
      "random_state": 2023,
      "warm_start": false,
      "verbose": 0
    },
    "seed": 2023,
    "cv_n_splits": 5,
    "cv_n_repeats": 10,
    "preprocessing_config": {
      "eps": 1e-06,
      "min_speed": 0.01,
      "max_hours": 9999.0
    }
  },
  "result": {
    "c_index": 0.938439880755217,
    "mean_brier": 0.044463676594373,
    "hybrid_score": 0.9504073906105039,
    "std_c_index": 0.005416415913647212,
    "std_mean_brier": 0.0037885874442733784,
    "std_hybrid": 0.003970051197952897
  }
}