{
  "trial_id": 140,
  "config": {
    "model_type": "coxnet",
    "model_params": {
      "l1_ratio": 0.9702338019723042,
      "alpha_min_ratio": 0.08418704825183751,
      "n_alphas": 225,
      "max_iter": 19846,
      "tol": 7.036477290204101e-05
    },
    "seed": 42,
    "cv_n_splits": 5,
    "cv_n_repeats": 10,
    "preprocessing_config": {
      "eps": 1e-06,
      "min_speed": 0.01,
      "max_hours": 9999.0
    }
  },
  "result": {
    "c_index": 0.939309373964889,
    "mean_brier": 0.025449218765908076,
    "hybrid_score": 0.9639783590533308,
    "std_c_index": 0.0022579507318428995,
    "std_mean_brier": 0.0008063821109296693,
    "std_hybrid": 0.001088302932947121
  }
}