{
  "trial_id": 151,
  "config": {
    "model_type": "gbsa",
    "model_params": {
      "loss": "coxph",
      "n_estimators": 453,
      "learning_rate": 0.027892455461064787,
      "subsample": 0.5242613275975795,
      "max_depth": 1,
      "max_features": "sqrt",
      "max_leaf_nodes": 31,
      "min_samples_split": 11,
      "min_samples_leaf": 17,
      "min_weight_fraction_leaf": 0.0,
      "min_impurity_decrease": 0.0003170799321390275,
      "criterion": "friedman_mse",
      "ccp_alpha": 7.244614434955186e-07,
      "dropout_rate": 0.15630245352003352,
      "validation_fraction": 0.23716338055296324,
      "n_iter_no_change": 10,
      "tol": 0.00018728647128162047,
      "random_state": 2023,
      "warm_start": false,
      "verbose": 0
    },
    "seed": 2023,
    "cv_n_splits": 5,
    "cv_n_repeats": 10,
    "preprocessing_config": {
      "eps": 1e-06,
      "min_speed": 0.01,
      "max_hours": 9999.0
    }
  },
  "result": {
    "c_index": 0.9343574031136139,
    "mean_brier": 0.21825007148214787,
    "hybrid_score": 0.8275321708965805,
    "std_c_index": 0.004571215031273146,
    "std_mean_brier": 0.01755338882720653,
    "std_hybrid": 0.012626225542743456
  }
}