{
  "trial_id": 165,
  "config": {
    "model_type": "coxnet",
    "model_params": {
      "l1_ratio": 0.5420320420645063,
      "alpha_min_ratio": 0.00011869269736075952,
      "n_alphas": 210,
      "max_iter": 4249,
      "tol": 6.606460490559688e-07
    },
    "seed": 42,
    "cv_n_splits": 5,
    "cv_n_repeats": 10,
    "preprocessing_config": {
      "eps": 1e-06,
      "min_speed": 0.01,
      "max_hours": 9999.0
    }
  },
  "result": {
    "c_index": 0.9212487578668433,
    "mean_brier": 0.04113765082541794,
    "hybrid_score": 0.9475782717822604,
    "std_c_index": 0.010335927919337814,
    "std_mean_brier": 0.007307822558439842,
    "std_hybrid": 0.007303767034429035
  }
}