{
  "trial_id": 205,
  "config": {
    "model_type": "coxnet",
    "model_params": {
      "l1_ratio": 0.6859171476933896,
      "alpha_min_ratio": 0.06434551494735338,
      "n_alphas": 278,
      "max_iter": 10197,
      "tol": 5.6098824850002534e-05
    },
    "seed": 1024,
    "cv_n_splits": 5,
    "cv_n_repeats": 10,
    "preprocessing_config": {
      "eps": 1e-06,
      "min_speed": 0.01,
      "max_hours": 9999.0
    }
  },
  "result": {
    "c_index": 0.9362537263994701,
    "mean_brier": 0.02695946265460819,
    "hybrid_score": 0.9620044940616153,
    "std_c_index": 0.0033959313717575037,
    "std_mean_brier": 0.000714954894547642,
    "std_hybrid": 0.0014397420969743623
  }
}