{
  "trial_id": 173,
  "config": {
    "model_type": "gbsa",
    "model_params": {
      "loss": "coxph",
      "n_estimators": 457,
      "learning_rate": 0.05163894986372706,
      "subsample": 0.5718870724373984,
      "max_depth": 1,
      "max_features": "log2",
      "max_leaf_nodes": 63,
      "min_samples_split": 18,
      "min_samples_leaf": 9,
      "min_weight_fraction_leaf": 0.0,
      "min_impurity_decrease": 0.014801472089008125,
      "criterion": "friedman_mse",
      "ccp_alpha": 3.5219447066840476e-06,
      "dropout_rate": 0.050491094631828645,
      "validation_fraction": 0.22986566958550197,
      "n_iter_no_change": 20,
      "tol": 0.0007189979125840616,
      "random_state": 2023,
      "warm_start": false,
      "verbose": 0
    },
    "seed": 2023,
    "cv_n_splits": 5,
    "cv_n_repeats": 10,
    "preprocessing_config": {
      "eps": 1e-06,
      "min_speed": 0.01,
      "max_hours": 9999.0
    }
  },
  "result": {
    "c_index": 0.9384812851937727,
    "mean_brier": 0.15209229456764345,
    "hybrid_score": 0.8750797793607813,
    "std_c_index": 0.0028569542650939447,
    "std_mean_brier": 0.011958333088360765,
    "std_hybrid": 0.00858102039842941
  }
}