{
  "trial_id": 222,
  "config": {
    "model_type": "coxnet",
    "model_params": {
      "l1_ratio": 0.7043299500801538,
      "alpha_min_ratio": 0.09488423594485013,
      "n_alphas": 51,
      "max_iter": 17212,
      "tol": 1.1785497817592014e-06
    },
    "seed": 2023,
    "cv_n_splits": 5,
    "cv_n_repeats": 10,
    "preprocessing_config": {
      "eps": 1e-06,
      "min_speed": 0.01,
      "max_hours": 9999.0
    }
  },
  "result": {
    "c_index": 0.9370238489566081,
    "mean_brier": 0.027450939137267295,
    "hybrid_score": 0.9618914972908952,
    "std_c_index": 0.0025625969336879584,
    "std_mean_brier": 0.0006487304476634945,
    "std_hybrid": 0.0009262378233784734
  }
}