{
  "trial_id": 165,
  "config": {
    "model_type": "gbsa",
    "model_params": {
      "loss": "coxph",
      "n_estimators": 87,
      "learning_rate": 0.07649285036613167,
      "subsample": 0.9348047003503024,
      "max_depth": 3,
      "max_features": "log2",
      "max_leaf_nodes": 16,
      "min_samples_split": 18,
      "min_samples_leaf": 1,
      "min_weight_fraction_leaf": 0.0,
      "min_impurity_decrease": 0.010410132796831024,
      "criterion": "friedman_mse",
      "ccp_alpha": 0.0054835248810504444,
      "dropout_rate": 0.2246266267076664,
      "validation_fraction": 0.28421823107066363,
      "n_iter_no_change": null,
      "tol": 0.006090413159799934,
      "random_state": 1024,
      "warm_start": false,
      "verbose": 0
    },
    "seed": 1024,
    "cv_n_splits": 5,
    "cv_n_repeats": 10,
    "preprocessing_config": {
      "eps": 1e-06,
      "min_speed": 0.01,
      "max_hours": 9999.0
    }
  },
  "result": {
    "c_index": 0.9345313017555481,
    "mean_brier": 0.1837488257310252,
    "hybrid_score": 0.8517352125149469,
    "std_c_index": 0.0032915773467914263,
    "std_mean_brier": 0.011195739139003087,
    "std_hybrid": 0.008070602340638836
  }
}