{
  "trial_id": 172,
  "config": {
    "model_type": "gbsa",
    "model_params": {
      "loss": "coxph",
      "n_estimators": 222,
      "learning_rate": 0.1190884531902407,
      "subsample": 0.7454237685215845,
      "max_depth": 3,
      "max_features": "log2",
      "max_leaf_nodes": 63,
      "min_samples_split": 10,
      "min_samples_leaf": 3,
      "min_weight_fraction_leaf": 0.0,
      "min_impurity_decrease": 0.004726698447960255,
      "criterion": "friedman_mse",
      "ccp_alpha": 0.0001027005622892862,
      "dropout_rate": 0.051517272413522816,
      "validation_fraction": 0.22935925430722853,
      "n_iter_no_change": null,
      "tol": 0.0008655062981600932,
      "random_state": 1024,
      "warm_start": false,
      "verbose": 0
    },
    "seed": 1024,
    "cv_n_splits": 5,
    "cv_n_repeats": 10,
    "preprocessing_config": {
      "eps": 1e-06,
      "min_speed": 0.01,
      "max_hours": 9999.0
    }
  },
  "result": {
    "c_index": 0.9405432262338522,
    "mean_brier": 0.06851746816954897,
    "hybrid_score": 0.9342007401514714,
    "std_c_index": 0.0022900809562694463,
    "std_mean_brier": 0.005261948381277809,
    "std_hybrid": 0.0036137050749159307
  }
}