{
  "trial_id": 175,
  "config": {
    "model_type": "coxnet",
    "model_params": {
      "l1_ratio": 0.881787155748302,
      "alpha_min_ratio": 0.07355324794252426,
      "n_alphas": 109,
      "max_iter": 6379,
      "tol": 2.0933451197609342e-05
    },
    "seed": 777,
    "cv_n_splits": 5,
    "cv_n_repeats": 10,
    "preprocessing_config": {
      "eps": 1e-06,
      "min_speed": 0.01,
      "max_hours": 9999.0
    }
  },
  "result": {
    "c_index": 0.936560119244783,
    "mean_brier": 0.025894360683734047,
    "hybrid_score": 0.962841983294821,
    "std_c_index": 0.0032266678470184514,
    "std_mean_brier": 0.0004910612287492221,
    "std_hybrid": 0.0011719081517306755
  }
}