{
  "trial_id": 2,
  "config": {
    "model_type": "coxnet",
    "model_params": {
      "l1_ratio": 0.020584494295802447,
      "alpha_min_ratio": 0.0812324508558869,
      "n_alphas": 258,
      "max_iter": 5034,
      "tol": 5.337032762603946e-08
    },
    "seed": 42,
    "cv_n_splits": 5,
    "cv_n_repeats": 10,
    "preprocessing_config": {
      "eps": 1e-06,
      "min_speed": 0.01,
      "max_hours": 9999.0
    }
  },
  "result": {
    "c_index": 0.9337363365352764,
    "mean_brier": 0.09349067398652906,
    "hybrid_score": 0.9146774291700126,
    "std_c_index": 0.0012174876415693339,
    "std_mean_brier": 0.003112552760807821,
    "std_hybrid": 0.002237856254094781
  }
}