{
  "trial_id": 81,
  "config": {
    "model_type": "coxnet",
    "model_params": {
      "l1_ratio": 0.9880025794289906,
      "alpha_min_ratio": 0.04142294228173876,
      "n_alphas": 145,
      "max_iter": 19484,
      "tol": 1.2083034372966919e-05
    },
    "seed": 1024,
    "cv_n_splits": 5,
    "cv_n_repeats": 10,
    "preprocessing_config": {
      "eps": 1e-06,
      "min_speed": 0.01,
      "max_hours": 9999.0
    }
  },
  "result": {
    "c_index": 0.9349122225902615,
    "mean_brier": 0.025984641599155246,
    "hybrid_score": 0.9622844176576697,
    "std_c_index": 0.003109250041270897,
    "std_mean_brier": 0.0011699545058688975,
    "std_hybrid": 0.001363192505134997
  }
}