{
  "trial_id": 211,
  "config": {
    "model_type": "gbsa",
    "model_params": {
      "loss": "coxph",
      "n_estimators": 160,
      "learning_rate": 0.05805509373237281,
      "subsample": 0.8073346692053981,
      "max_depth": 1,
      "max_features": 0.3,
      "max_leaf_nodes": 31,
      "min_samples_split": 8,
      "min_samples_leaf": 13,
      "min_weight_fraction_leaf": 0.0,
      "min_impurity_decrease": 0.03438453708876481,
      "criterion": "friedman_mse",
      "ccp_alpha": 0.0007807086837390947,
      "dropout_rate": 0.12940463972820093,
      "validation_fraction": 0.11703603235247309,
      "n_iter_no_change": null,
      "tol": 0.0006346265956597035,
      "random_state": 1024,
      "warm_start": false,
      "verbose": 0
    },
    "seed": 1024,
    "cv_n_splits": 5,
    "cv_n_repeats": 10,
    "preprocessing_config": {
      "eps": 1e-06,
      "min_speed": 0.01,
      "max_hours": 9999.0
    }
  },
  "result": {
    "c_index": 0.9190004968532627,
    "mean_brier": 0.1711605677873632,
    "hybrid_score": 0.8558877516048244,
    "std_c_index": 0.007871767822880411,
    "std_mean_brier": 0.01040420235888287,
    "std_hybrid": 0.007160500257268038
  }
}