{
  "trial_id": 289,
  "config": {
    "model_type": "coxnet",
    "model_params": {
      "l1_ratio": 0.7687422742538628,
      "alpha_min_ratio": 0.09533320302377213,
      "n_alphas": 212,
      "max_iter": 7597,
      "tol": 6.719707695437473e-08
    },
    "seed": 2023,
    "cv_n_splits": 5,
    "cv_n_repeats": 10,
    "preprocessing_config": {
      "eps": 1e-06,
      "min_speed": 0.01,
      "max_hours": 9999.0
    }
  },
  "result": {
    "c_index": 0.9371563431599867,
    "mean_brier": 0.026929304608050153,
    "hybrid_score": 0.9622963897223608,
    "std_c_index": 0.002656203647708617,
    "std_mean_brier": 0.0006582096720519075,
    "std_hybrid": 0.001047688695904121
  }
}