{
  "trial_id": 121,
  "config": {
    "model_type": "gbsa",
    "model_params": {
      "loss": "coxph",
      "n_estimators": 124,
      "learning_rate": 0.1278731860686691,
      "subsample": 0.8391990221541266,
      "max_depth": 3,
      "max_features": 1.0,
      "max_leaf_nodes": 63,
      "min_samples_split": 18,
      "min_samples_leaf": 17,
      "min_weight_fraction_leaf": 0.0,
      "min_impurity_decrease": 0.04987382459370142,
      "criterion": "friedman_mse",
      "ccp_alpha": 3.028819553190636e-05,
      "dropout_rate": 0.048561578283061874,
      "validation_fraction": 0.22949726334345072,
      "n_iter_no_change": 20,
      "tol": 0.00046778758472913154,
      "random_state": 1024,
      "warm_start": false,
      "verbose": 0
    },
    "seed": 1024,
    "cv_n_splits": 5,
    "cv_n_repeats": 10,
    "preprocessing_config": {
      "eps": 1e-06,
      "min_speed": 0.01,
      "max_hours": 9999.0
    }
  },
  "result": {
    "c_index": 0.9358231202384897,
    "mean_brier": 0.06399466854590599,
    "hybrid_score": 0.9359506680894126,
    "std_c_index": 0.003951771149891293,
    "std_mean_brier": 0.004458499250919493,
    "std_hybrid": 0.003833625852242336
  }
}