{
  "trial_id": 56,
  "config": {
    "model_type": "coxnet",
    "model_params": {
      "l1_ratio": 0.8695114274502278,
      "alpha_min_ratio": 0.08692832995952833,
      "n_alphas": 71,
      "max_iter": 16963,
      "tol": 7.518832282029774e-05
    },
    "seed": 1024,
    "cv_n_splits": 5,
    "cv_n_repeats": 10,
    "preprocessing_config": {
      "eps": 1e-06,
      "min_speed": 0.01,
      "max_hours": 9999.0
    }
  },
  "result": {
    "c_index": 0.9370735342828752,
    "mean_brier": 0.02665881466805368,
    "hybrid_score": 0.9624608900172248,
    "std_c_index": 0.0035324465555347305,
    "std_mean_brier": 0.0007978924747845004,
    "std_hybrid": 0.0015418834668043378
  }
}