{
  "trial_id": 180,
  "config": {
    "model_type": "gbsa",
    "model_params": {
      "loss": "coxph",
      "n_estimators": 402,
      "learning_rate": 0.08908719876254265,
      "subsample": 0.5088956046911544,
      "max_depth": 3,
      "max_features": "sqrt",
      "max_leaf_nodes": 8,
      "min_samples_split": 4,
      "min_samples_leaf": 6,
      "min_weight_fraction_leaf": 0.0,
      "min_impurity_decrease": 0.0363859480635145,
      "criterion": "friedman_mse",
      "ccp_alpha": 0.00013515982256606776,
      "dropout_rate": 0.09386572888337413,
      "validation_fraction": 0.27747696767083646,
      "n_iter_no_change": null,
      "tol": 1.0574624494221605e-05,
      "random_state": 777,
      "warm_start": false,
      "verbose": 0
    },
    "seed": 777,
    "cv_n_splits": 5,
    "cv_n_repeats": 10,
    "preprocessing_config": {
      "eps": 1e-06,
      "min_speed": 0.01,
      "max_hours": 9999.0
    }
  },
  "result": {
    "c_index": 0.9399635640940707,
    "mean_brier": 0.12982950991588155,
    "hybrid_score": 0.8911084122871042,
    "std_c_index": 0.002470703842304941,
    "std_mean_brier": 0.008593176481631888,
    "std_hybrid": 0.006119499817196793
  }
}