{
  "trial_id": 245,
  "config": {
    "model_type": "coxnet",
    "model_params": {
      "l1_ratio": 0.9528367437689377,
      "alpha_min_ratio": 0.04284492934203623,
      "n_alphas": 107,
      "max_iter": 16679,
      "tol": 1.227317973848128e-07
    },
    "seed": 1024,
    "cv_n_splits": 5,
    "cv_n_repeats": 10,
    "preprocessing_config": {
      "eps": 1e-06,
      "min_speed": 0.01,
      "max_hours": 9999.0
    }
  },
  "result": {
    "c_index": 0.9351937727724412,
    "mean_brier": 0.02580649218338879,
    "hybrid_score": 0.9624935873033602,
    "std_c_index": 0.003177574188841452,
    "std_mean_brier": 0.0012573006190681837,
    "std_hybrid": 0.0014530548125310135
  }
}