{
  "trial_id": 142,
  "config": {
    "model_type": "coxnet",
    "model_params": {
      "l1_ratio": 0.8225297514685318,
      "alpha_min_ratio": 0.06245953018670896,
      "n_alphas": 232,
      "max_iter": 8878,
      "tol": 1.1182203609103358e-06
    },
    "seed": 2023,
    "cv_n_splits": 5,
    "cv_n_repeats": 10,
    "preprocessing_config": {
      "eps": 1e-06,
      "min_speed": 0.01,
      "max_hours": 9999.0
    }
  },
  "result": {
    "c_index": 0.9361046704206691,
    "mean_brier": 0.026048278018046933,
    "hybrid_score": 0.9625976065135677,
    "std_c_index": 0.002711077145364759,
    "std_mean_brier": 0.0008581828793753838,
    "std_hybrid": 0.0012418340749989615
  }
}