{
  "trial_id": 157,
  "config": {
    "model_type": "coxnet",
    "model_params": {
      "l1_ratio": 0.9333168609954282,
      "alpha_min_ratio": 0.038313700579733524,
      "n_alphas": 251,
      "max_iter": 870,
      "tol": 7.506310310124555e-06
    },
    "seed": 42,
    "cv_n_splits": 5,
    "cv_n_repeats": 10,
    "preprocessing_config": {
      "eps": 1e-06,
      "min_speed": 0.01,
      "max_hours": 9999.0
    }
  },
  "result": {
    "c_index": 0.9368085458761177,
    "mean_brier": 0.025928510595140297,
    "hybrid_score": 0.9628926063462371,
    "std_c_index": 0.00502663526201573,
    "std_mean_brier": 0.0028862029983194727,
    "std_hybrid": 0.0033764532372171623
  }
}