{
  "trial_id": 74,
  "config": {
    "model_type": "gbsa",
    "model_params": {
      "loss": "coxph",
      "n_estimators": 235,
      "learning_rate": 0.02168727076370651,
      "subsample": 0.6339655807848676,
      "max_depth": 3,
      "max_features": 1.0,
      "max_leaf_nodes": 31,
      "min_samples_split": 14,
      "min_samples_leaf": 20,
      "min_weight_fraction_leaf": 0.0,
      "min_impurity_decrease": 0.0026241169165689537,
      "criterion": "friedman_mse",
      "ccp_alpha": 0.048554569090906406,
      "dropout_rate": 0.11625286594700238,
      "validation_fraction": 0.21064359536467353,
      "n_iter_no_change": 20,
      "tol": 0.009922917223580333,
      "random_state": 2023,
      "warm_start": false,
      "verbose": 0
    },
    "seed": 2023,
    "cv_n_splits": 5,
    "cv_n_repeats": 10,
    "preprocessing_config": {
      "eps": 1e-06,
      "min_speed": 0.01,
      "max_hours": 9999.0
    }
  },
  "result": {
    "c_index": 0.9026084796290161,
    "mean_brier": 0.21298247625653394,
    "hybrid_score": 0.8216948105091312,
    "std_c_index": 0.006730477110554162,
    "std_mean_brier": 0.01709173093754475,
    "std_hybrid": 0.011642982479387783
  }
}