{
  "trial_id": 223,
  "config": {
    "model_type": "coxnet",
    "model_params": {
      "l1_ratio": 0.8711488404479628,
      "alpha_min_ratio": 0.06705984546090099,
      "n_alphas": 147,
      "max_iter": 14519,
      "tol": 1.704455536088981e-06
    },
    "seed": 777,
    "cv_n_splits": 5,
    "cv_n_repeats": 10,
    "preprocessing_config": {
      "eps": 1e-06,
      "min_speed": 0.01,
      "max_hours": 9999.0
    }
  },
  "result": {
    "c_index": 0.936717456111295,
    "mean_brier": 0.025625606933220402,
    "hybrid_score": 0.9630773119801344,
    "std_c_index": 0.003310449932402707,
    "std_mean_brier": 0.0004745476733657985,
    "std_hybrid": 0.0011906023613987248
  }
}