{
  "trial_id": 64,
  "config": {
    "model_type": "coxnet",
    "model_params": {
      "l1_ratio": 0.7793340694048249,
      "alpha_min_ratio": 0.001065693086499585,
      "n_alphas": 180,
      "max_iter": 1807,
      "tol": 1.5867047241306535e-05
    },
    "seed": 1024,
    "cv_n_splits": 5,
    "cv_n_repeats": 10,
    "preprocessing_config": {
      "eps": 1e-06,
      "min_speed": 0.01,
      "max_hours": 9999.0
    }
  },
  "result": {
    "c_index": 0.9218449817820471,
    "mean_brier": 0.040373319310473534,
    "hybrid_score": 0.9482921710172827,
    "std_c_index": 0.012065330122431411,
    "std_mean_brier": 0.004829076683386531,
    "std_hybrid": 0.005891892593248431
  }
}