{
  "trial_id": 209,
  "config": {
    "model_type": "gbsa",
    "model_params": {
      "loss": "coxph",
      "n_estimators": 195,
      "learning_rate": 0.19258820533979937,
      "subsample": 0.8525027073391143,
      "max_depth": 2,
      "max_features": 0.3,
      "max_leaf_nodes": 8,
      "min_samples_split": 15,
      "min_samples_leaf": 14,
      "min_weight_fraction_leaf": 0.0,
      "min_impurity_decrease": 0.04986901701134992,
      "criterion": "friedman_mse",
      "ccp_alpha": 0.001234144168445724,
      "dropout_rate": 0.035841265580617135,
      "validation_fraction": 0.23157720392338085,
      "n_iter_no_change": 20,
      "tol": 0.0022756440507858476,
      "random_state": 1024,
      "warm_start": false,
      "verbose": 0
    },
    "seed": 1024,
    "cv_n_splits": 5,
    "cv_n_repeats": 10,
    "preprocessing_config": {
      "eps": 1e-06,
      "min_speed": 0.01,
      "max_hours": 9999.0
    }
  },
  "result": {
    "c_index": 0.9390733686651209,
    "mean_brier": 0.04639654335405614,
    "hybrid_score": 0.9492444302516969,
    "std_c_index": 0.0037009292031893026,
    "std_mean_brier": 0.0029330871564668282,
    "std_hybrid": 0.002888326149288242
  }
}