{
  "trial_id": 125,
  "config": {
    "model_type": "coxnet",
    "model_params": {
      "l1_ratio": 0.9921104385545224,
      "alpha_min_ratio": 0.071833149430495,
      "n_alphas": 103,
      "max_iter": 18129,
      "tol": 4.386215935534e-07
    },
    "seed": 2023,
    "cv_n_splits": 5,
    "cv_n_repeats": 10,
    "preprocessing_config": {
      "eps": 1e-06,
      "min_speed": 0.01,
      "max_hours": 9999.0
    }
  },
  "result": {
    "c_index": 0.935947333554157,
    "mean_brier": 0.025681911293444958,
    "hybrid_score": 0.9628068621608357,
    "std_c_index": 0.0026520181246145573,
    "std_mean_brier": 0.0008481464261533167,
    "std_hybrid": 0.0012516724898131296
  }
}