{
  "trial_id": 120,
  "config": {
    "model_type": "gbsa",
    "model_params": {
      "loss": "coxph",
      "n_estimators": 184,
      "learning_rate": 0.060014718090619576,
      "subsample": 0.5883606349385606,
      "max_depth": 6,
      "max_features": 0.3,
      "max_leaf_nodes": 8,
      "min_samples_split": 15,
      "min_samples_leaf": 17,
      "min_weight_fraction_leaf": 0.0,
      "min_impurity_decrease": 0.02979628051106254,
      "criterion": "friedman_mse",
      "ccp_alpha": 5.002463674806986e-06,
      "dropout_rate": 0.1190174634179315,
      "validation_fraction": 0.2617504947154526,
      "n_iter_no_change": null,
      "tol": 1.0847963610583607e-05,
      "random_state": 777,
      "warm_start": false,
      "verbose": 0
    },
    "seed": 777,
    "cv_n_splits": 5,
    "cv_n_repeats": 10,
    "preprocessing_config": {
      "eps": 1e-06,
      "min_speed": 0.01,
      "max_hours": 9999.0
    }
  },
  "result": {
    "c_index": 0.9310409075852931,
    "mean_brier": 0.16728197228358152,
    "hybrid_score": 0.8622148916770808,
    "std_c_index": 0.00963762018699523,
    "std_mean_brier": 0.010672788523820073,
    "std_hybrid": 0.007079272430528903
  }
}