{
  "trial_id": 104,
  "config": {
    "model_type": "coxnet",
    "model_params": {
      "l1_ratio": 0.8657982817179084,
      "alpha_min_ratio": 0.06126880766159885,
      "n_alphas": 198,
      "max_iter": 5807,
      "tol": 6.116263767663442e-06
    },
    "seed": 2023,
    "cv_n_splits": 5,
    "cv_n_repeats": 10,
    "preprocessing_config": {
      "eps": 1e-06,
      "min_speed": 0.01,
      "max_hours": 9999.0
    }
  },
  "result": {
    "c_index": 0.9359721762172905,
    "mean_brier": 0.025921636459762226,
    "hybrid_score": 0.9626465073433537,
    "std_c_index": 0.0027248524941218583,
    "std_mean_brier": 0.0008542481256043476,
    "std_hybrid": 0.0012467795496460187
  }
}