{
  "trial_id": 291,
  "config": {
    "model_type": "coxnet",
    "model_params": {
      "l1_ratio": 0.994132005694645,
      "alpha_min_ratio": 0.00013547067825725733,
      "n_alphas": 92,
      "max_iter": 19956,
      "tol": 1.4314445592836986e-08
    },
    "seed": 2023,
    "cv_n_splits": 5,
    "cv_n_repeats": 10,
    "preprocessing_config": {
      "eps": 1e-06,
      "min_speed": 0.01,
      "max_hours": 9999.0
    }
  },
  "result": {
    "c_index": 0.9119244783040742,
    "mean_brier": 0.04434527634206338,
    "hybrid_score": 0.9425356500517778,
    "std_c_index": 0.018063621039545806,
    "std_mean_brier": 0.009240773229013602,
    "std_hybrid": 0.011346073350313813
  }
}