{
  "trial_id": 277,
  "config": {
    "model_type": "coxnet",
    "model_params": {
      "l1_ratio": 0.8950060690901739,
      "alpha_min_ratio": 0.07681200968598768,
      "n_alphas": 266,
      "max_iter": 1938,
      "tol": 9.869175509497782e-07
    },
    "seed": 42,
    "cv_n_splits": 5,
    "cv_n_repeats": 10,
    "preprocessing_config": {
      "eps": 1e-06,
      "min_speed": 0.01,
      "max_hours": 9999.0
    }
  },
  "result": {
    "c_index": 0.9395329579330903,
    "mean_brier": 0.025434145902732557,
    "hybrid_score": 0.9640559852480142,
    "std_c_index": 0.002336560727200836,
    "std_mean_brier": 0.0008155810970814062,
    "std_hybrid": 0.001109074866133834
  }
}