{
  "trial_id": 239,
  "config": {
    "model_type": "coxnet",
    "model_params": {
      "l1_ratio": 0.971957957850777,
      "alpha_min_ratio": 0.08004002198189435,
      "n_alphas": 214,
      "max_iter": 16564,
      "tol": 2.804853578324577e-06
    },
    "seed": 42,
    "cv_n_splits": 5,
    "cv_n_repeats": 10,
    "preprocessing_config": {
      "eps": 1e-06,
      "min_speed": 0.01,
      "max_hours": 9999.0
    }
  },
  "result": {
    "c_index": 0.939152037098377,
    "mean_brier": 0.025313259623041283,
    "hybrid_score": 0.9640263293933842,
    "std_c_index": 0.0022635166965590155,
    "std_mean_brier": 0.0008179522670667159,
    "std_hybrid": 0.0010962121665798717
  }
}