{
  "trial_id": 71,
  "config": {
    "model_type": "gbsa",
    "model_params": {
      "loss": "coxph",
      "n_estimators": 392,
      "learning_rate": 0.019144294521112253,
      "subsample": 0.9086250605575157,
      "max_depth": 3,
      "max_features": 0.3,
      "max_leaf_nodes": 16,
      "min_samples_split": 2,
      "min_samples_leaf": 7,
      "min_weight_fraction_leaf": 0.0,
      "min_impurity_decrease": 0.030009734991964968,
      "criterion": "friedman_mse",
      "ccp_alpha": 2.4043134908072442e-05,
      "dropout_rate": 0.01876846454266352,
      "validation_fraction": 0.27208533688492464,
      "n_iter_no_change": null,
      "tol": 0.00013226198394533415,
      "random_state": 1024,
      "warm_start": false,
      "verbose": 0
    },
    "seed": 1024,
    "cv_n_splits": 5,
    "cv_n_repeats": 10,
    "preprocessing_config": {
      "eps": 1e-06,
      "min_speed": 0.01,
      "max_hours": 9999.0
    }
  },
  "result": {
    "c_index": 0.941623882080159,
    "mean_brier": 0.12347907040301702,
    "hybrid_score": 0.8960518153419358,
    "std_c_index": 0.0030065695569621116,
    "std_mean_brier": 0.008391677946678593,
    "std_hybrid": 0.006241999655252238
  }
}