{
  "trial_id": 153,
  "config": {
    "model_type": "coxnet",
    "model_params": {
      "l1_ratio": 0.7990714759621917,
      "alpha_min_ratio": 0.09063735050355502,
      "n_alphas": 233,
      "max_iter": 13586,
      "tol": 8.041433014995638e-05
    },
    "seed": 42,
    "cv_n_splits": 5,
    "cv_n_repeats": 10,
    "preprocessing_config": {
      "eps": 1e-06,
      "min_speed": 0.01,
      "max_hours": 9999.0
    }
  },
  "result": {
    "c_index": 0.9392679695263333,
    "mean_brier": 0.026574425520752204,
    "hybrid_score": 0.9631782929933734,
    "std_c_index": 0.0022705946461230656,
    "std_mean_brier": 0.000807275951451765,
    "std_hybrid": 0.0010672205921444977
  }
}