{
  "trial_id": 181,
  "config": {
    "seed": 42,
    "cv_n_splits": 5,
    "cv_n_repeats": 10,
    "gbsa_config": {
      "loss": "coxph",
      "n_estimators": 203,
      "learning_rate": 0.13328805177327016,
      "subsample": 0.6369789687822138,
      "max_depth": 4,
      "max_features": "sqrt",
      "max_leaf_nodes": 31,
      "min_samples_split": 3,
      "min_samples_leaf": 4,
      "min_weight_fraction_leaf": 0.0,
      "min_impurity_decrease": 0.023560015973628837,
      "criterion": "friedman_mse",
      "ccp_alpha": 0.010297318027629369,
      "dropout_rate": 0.10594722947272144,
      "validation_fraction": 0.17002545147114262,
      "n_iter_no_change": 20,
      "tol": 1.2460980847980933e-05,
      "random_state": 42,
      "warm_start": false,
      "verbose": 0
    },
    "preprocessing_config": {
      "eps": 1e-06,
      "min_speed": 0.01,
      "max_hours": 9999.0
    }
  },
  "result": {
    "c_index": 0.9300513415038092,
    "mean_brier": 0.11316379379274447,
    "hybrid_score": 0.8998007467962216,
    "std_c_index": 0.0051810570288866485,
    "std_mean_brier": 0.005718526898956412,
    "std_hybrid": 0.004653991914085475
  }
}