{
  "trial_id": 233,
  "config": {
    "model_type": "coxnet",
    "model_params": {
      "l1_ratio": 0.9910902968657683,
      "alpha_min_ratio": 0.05997465236300096,
      "n_alphas": 262,
      "max_iter": 17026,
      "tol": 1.6150303381860317e-06
    },
    "seed": 42,
    "cv_n_splits": 5,
    "cv_n_repeats": 10,
    "preprocessing_config": {
      "eps": 1e-06,
      "min_speed": 0.01,
      "max_hours": 9999.0
    }
  },
  "result": {
    "c_index": 0.9383819145412386,
    "mean_brier": 0.025311745464335577,
    "hybrid_score": 0.9637963525373368,
    "std_c_index": 0.0027967955038696373,
    "std_mean_brier": 0.0016435162743581766,
    "std_hybrid": 0.0018460487768332543
  }
}