{
  "trial_id": 127,
  "config": {
    "model_type": "gbsa",
    "model_params": {
      "loss": "coxph",
      "n_estimators": 331,
      "learning_rate": 0.17978861874063104,
      "subsample": 0.5008198364204752,
      "max_depth": 2,
      "max_features": 0.5,
      "max_leaf_nodes": 8,
      "min_samples_split": 18,
      "min_samples_leaf": 4,
      "min_weight_fraction_leaf": 0.0,
      "min_impurity_decrease": 0.03623023682683826,
      "criterion": "friedman_mse",
      "ccp_alpha": 6.181018072443819e-05,
      "dropout_rate": 0.03925772509499839,
      "validation_fraction": 0.19787258825499202,
      "n_iter_no_change": null,
      "tol": 2.9139157746901906e-05,
      "random_state": 777,
      "warm_start": false,
      "verbose": 0
    },
    "seed": 777,
    "cv_n_splits": 5,
    "cv_n_repeats": 10,
    "preprocessing_config": {
      "eps": 1e-06,
      "min_speed": 0.01,
      "max_hours": 9999.0
    }
  },
  "result": {
    "c_index": 0.9394501490559788,
    "mean_brier": 0.04409627072819115,
    "hybrid_score": 0.9509676552070598,
    "std_c_index": 0.0022151335931589106,
    "std_mean_brier": 0.0030689220329583986,
    "std_hybrid": 0.001996958208441527
  }
}