{
  "trial_id": 189,
  "config": {
    "model_type": "coxnet",
    "model_params": {
      "l1_ratio": 0.8991864862953242,
      "alpha_min_ratio": 0.05818449853520499,
      "n_alphas": 113,
      "max_iter": 13949,
      "tol": 9.954675300891417e-05
    },
    "seed": 42,
    "cv_n_splits": 5,
    "cv_n_repeats": 10,
    "preprocessing_config": {
      "eps": 1e-06,
      "min_speed": 0.01,
      "max_hours": 9999.0
    }
  },
  "result": {
    "c_index": 0.9393507784034449,
    "mean_brier": 0.025608069386916028,
    "hybrid_score": 0.9638795849501921,
    "std_c_index": 0.002199725509936763,
    "std_mean_brier": 0.0010978969797058456,
    "std_hybrid": 0.001188940399787724
  }
}