{
  "trial_id": 151,
  "config": {
    "model_type": "gbsa",
    "model_params": {
      "loss": "coxph",
      "n_estimators": 448,
      "learning_rate": 0.174261234164475,
      "subsample": 0.5683665251530418,
      "max_depth": 4,
      "max_features": "sqrt",
      "max_leaf_nodes": 16,
      "min_samples_split": 6,
      "min_samples_leaf": 15,
      "min_weight_fraction_leaf": 0.0,
      "min_impurity_decrease": 0.038267960649314064,
      "criterion": "friedman_mse",
      "ccp_alpha": 2.9871503752582636e-05,
      "dropout_rate": 0.16614416047874697,
      "validation_fraction": 0.1284665670570609,
      "n_iter_no_change": 5,
      "tol": 3.1155932029571125e-05,
      "random_state": 42,
      "warm_start": false,
      "verbose": 0
    },
    "seed": 42,
    "cv_n_splits": 5,
    "cv_n_repeats": 10,
    "preprocessing_config": {
      "eps": 1e-06,
      "min_speed": 0.01,
      "max_hours": 9999.0
    }
  },
  "result": {
    "c_index": 0.9211700894335874,
    "mean_brier": 0.12063182193987702,
    "hybrid_score": 0.8919087514721621,
    "std_c_index": 0.006733269439022394,
    "std_mean_brier": 0.005206226361283088,
    "std_hybrid": 0.003362266002630145
  }
}