{
  "trial_id": 70,
  "config": {
    "model_type": "coxnet",
    "model_params": {
      "l1_ratio": 0.8326712031977881,
      "alpha_min_ratio": 0.050794191975779966,
      "n_alphas": 236,
      "max_iter": 13510,
      "tol": 7.647057280153909e-08
    },
    "seed": 2023,
    "cv_n_splits": 5,
    "cv_n_repeats": 10,
    "preprocessing_config": {
      "eps": 1e-06,
      "min_speed": 0.01,
      "max_hours": 9999.0
    }
  },
  "result": {
    "c_index": 0.9353676714143756,
    "mean_brier": 0.025945710522597885,
    "hybrid_score": 0.9624483040584941,
    "std_c_index": 0.002892923114483647,
    "std_mean_brier": 0.0009015668590362592,
    "std_hybrid": 0.0012490872551215114
  }
}