{
  "trial_id": 90,
  "config": {
    "model_type": "coxnet",
    "model_params": {
      "l1_ratio": 0.027133194953832207,
      "alpha_min_ratio": 0.054843558473316685,
      "n_alphas": 217,
      "max_iter": 2124,
      "tol": 6.464904345262215e-05
    },
    "seed": 1024,
    "cv_n_splits": 5,
    "cv_n_repeats": 10,
    "preprocessing_config": {
      "eps": 1e-06,
      "min_speed": 0.01,
      "max_hours": 9999.0
    }
  },
  "result": {
    "c_index": 0.936858231202385,
    "mean_brier": 0.06260030359415546,
    "hybrid_score": 0.9372372568448066,
    "std_c_index": 0.0018550851969604868,
    "std_mean_brier": 0.0030138036558962716,
    "std_hybrid": 0.002178893214633767
  }
}