{
  "trial_id": 71,
  "config": {
    "model_type": "coxnet",
    "model_params": {
      "l1_ratio": 0.9303200818518088,
      "alpha_min_ratio": 0.026237275180748355,
      "n_alphas": 295,
      "max_iter": 14469,
      "tol": 1.541171249779832e-06
    },
    "seed": 42,
    "cv_n_splits": 5,
    "cv_n_repeats": 10,
    "preprocessing_config": {
      "eps": 1e-06,
      "min_speed": 0.01,
      "max_hours": 9999.0
    }
  },
  "result": {
    "c_index": 0.9330407419675388,
    "mean_brier": 0.02669673567488732,
    "hybrid_score": 0.9612245076178405,
    "std_c_index": 0.005632123887554949,
    "std_mean_brier": 0.003021286573969407,
    "std_hybrid": 0.0037655316775973913
  }
}