{
  "trial_id": 280,
  "config": {
    "model_type": "gbsa",
    "model_params": {
      "loss": "coxph",
      "n_estimators": 493,
      "learning_rate": 0.11894754099282186,
      "subsample": 0.6800874218963651,
      "max_depth": 1,
      "max_features": 0.5,
      "max_leaf_nodes": 63,
      "min_samples_split": 12,
      "min_samples_leaf": 6,
      "min_weight_fraction_leaf": 0.0,
      "min_impurity_decrease": 0.034431678237849817,
      "criterion": "friedman_mse",
      "ccp_alpha": 6.9103698837396885e-06,
      "dropout_rate": 0.029019363311842922,
      "validation_fraction": 0.20026038362246712,
      "n_iter_no_change": 5,
      "tol": 0.0002709456714176102,
      "random_state": 2023,
      "warm_start": false,
      "verbose": 0
    },
    "seed": 2023,
    "cv_n_splits": 5,
    "cv_n_repeats": 10,
    "preprocessing_config": {
      "eps": 1e-06,
      "min_speed": 0.01,
      "max_hours": 9999.0
    }
  },
  "result": {
    "c_index": 0.9039085789996687,
    "mean_brier": 0.061459498317968174,
    "hybrid_score": 0.9281509248773228,
    "std_c_index": 0.007919031578952346,
    "std_mean_brier": 0.0044396486562365495,
    "std_hybrid": 0.0033921135526211073
  }
}