{
  "trial_id": 120,
  "config": {
    "model_type": "gbsa",
    "model_params": {
      "loss": "coxph",
      "n_estimators": 455,
      "learning_rate": 0.1074458672064247,
      "subsample": 0.9029191724816977,
      "max_depth": 3,
      "max_features": 0.3,
      "max_leaf_nodes": 63,
      "min_samples_split": 18,
      "min_samples_leaf": 2,
      "min_weight_fraction_leaf": 0.0,
      "min_impurity_decrease": 0.029024194378439033,
      "criterion": "friedman_mse",
      "ccp_alpha": 0.0028065675841369873,
      "dropout_rate": 0.037421181083123575,
      "validation_fraction": 0.21317683780052793,
      "n_iter_no_change": null,
      "tol": 0.003981553781654747,
      "random_state": 1024,
      "warm_start": false,
      "verbose": 0
    },
    "seed": 1024,
    "cv_n_splits": 5,
    "cv_n_repeats": 10,
    "preprocessing_config": {
      "eps": 1e-06,
      "min_speed": 0.01,
      "max_hours": 9999.0
    }
  },
  "result": {
    "c_index": 0.938866346472342,
    "mean_brier": 0.058295462817577325,
    "hybrid_score": 0.9408530799693983,
    "std_c_index": 0.002702238406709813,
    "std_mean_brier": 0.004854171763261893,
    "std_hybrid": 0.0036297350086492183
  }
}