{
  "trial_id": 62,
  "config": {
    "model_type": "gbsa",
    "model_params": {
      "loss": "coxph",
      "n_estimators": 99,
      "learning_rate": 0.035546095635660115,
      "subsample": 0.7692887516978063,
      "max_depth": 3,
      "max_features": 0.7,
      "max_leaf_nodes": 8,
      "min_samples_split": 6,
      "min_samples_leaf": 16,
      "min_weight_fraction_leaf": 0.0,
      "min_impurity_decrease": 0.02127843483345576,
      "criterion": "friedman_mse",
      "ccp_alpha": 0.00038902842986741524,
      "dropout_rate": 0.16941736692576098,
      "validation_fraction": 0.2658332725122452,
      "n_iter_no_change": null,
      "tol": 0.006710378275414273,
      "random_state": 2023,
      "warm_start": false,
      "verbose": 0
    },
    "seed": 2023,
    "cv_n_splits": 5,
    "cv_n_repeats": 10,
    "preprocessing_config": {
      "eps": 1e-06,
      "min_speed": 0.01,
      "max_hours": 9999.0
    }
  },
  "result": {
    "c_index": 0.9368458098708181,
    "mean_brier": 0.20987806692087924,
    "hybrid_score": 0.83413909611663,
    "std_c_index": 0.003132598091464776,
    "std_mean_brier": 0.010459671288106667,
    "std_hybrid": 0.00707693954094966
  }
}