{
  "trial_id": 158,
  "config": {
    "model_type": "gbsa",
    "model_params": {
      "loss": "coxph",
      "n_estimators": 280,
      "learning_rate": 0.199170039134035,
      "subsample": 0.7427310727506562,
      "max_depth": 1,
      "max_features": 0.3,
      "max_leaf_nodes": 31,
      "min_samples_split": 11,
      "min_samples_leaf": 5,
      "min_weight_fraction_leaf": 0.0,
      "min_impurity_decrease": 0.03588029485335824,
      "criterion": "friedman_mse",
      "ccp_alpha": 0.0003776982400601796,
      "dropout_rate": 0.02489716346209537,
      "validation_fraction": 0.11199558953847123,
      "n_iter_no_change": null,
      "tol": 0.0004883413296795508,
      "random_state": 1024,
      "warm_start": false,
      "verbose": 0
    },
    "seed": 1024,
    "cv_n_splits": 5,
    "cv_n_repeats": 10,
    "preprocessing_config": {
      "eps": 1e-06,
      "min_speed": 0.01,
      "max_hours": 9999.0
    }
  },
  "result": {
    "c_index": 0.9366429281218949,
    "mean_brier": 0.035358811065478966,
    "hybrid_score": 0.956241710690733,
    "std_c_index": 0.0021956692175126302,
    "std_mean_brier": 0.0012623622338034863,
    "std_hybrid": 0.0011365316057039738
  }
}