{
  "trial_id": 131,
  "config": {
    "model_type": "coxnet",
    "model_params": {
      "l1_ratio": 0.6566995288884586,
      "alpha_min_ratio": 0.024088188993990598,
      "n_alphas": 95,
      "max_iter": 14074,
      "tol": 5.737511032167602e-08
    },
    "seed": 2023,
    "cv_n_splits": 5,
    "cv_n_repeats": 10,
    "preprocessing_config": {
      "eps": 1e-06,
      "min_speed": 0.01,
      "max_hours": 9999.0
    }
  },
  "result": {
    "c_index": 0.9312355084465054,
    "mean_brier": 0.028780696190137893,
    "hybrid_score": 0.959224165200855,
    "std_c_index": 0.004814779009754574,
    "std_mean_brier": 0.002943947930397176,
    "std_hybrid": 0.0033750427667771296
  }
}