{
  "trial_id": 48,
  "config": {
    "seed": 42,
    "cv_n_splits": 5,
    "cv_n_repeats": 10,
    "gbsa_config": {
      "loss": "coxph",
      "n_estimators": 182,
      "learning_rate": 0.025566212073874967,
      "subsample": 0.9681609793702785,
      "max_depth": 6,
      "max_features": 1.0,
      "max_leaf_nodes": 63,
      "min_samples_split": 4,
      "min_samples_leaf": 9,
      "min_weight_fraction_leaf": 0.0,
      "min_impurity_decrease": 0.020229614510762692,
      "criterion": "friedman_mse",
      "ccp_alpha": 0.09701292310860544,
      "dropout_rate": 0.13170722341137275,
      "validation_fraction": 0.2902210094868144,
      "n_iter_no_change": 5,
      "tol": 0.00022465658918086395,
      "random_state": 42,
      "warm_start": false,
      "verbose": 0
    },
    "preprocessing_config": {
      "eps": 1e-06,
      "min_speed": 0.01,
      "max_hours": 9999.0
    }
  },
  "result": {
    "c_index": 0.9033371977475986,
    "mean_brier": 0.20130050132235405,
    "hybrid_score": 0.8300908083986316,
    "std_c_index": 0.008240361249601789,
    "std_mean_brier": 0.009643809491711739,
    "std_hybrid": 0.008140401784678572
  }
}