{
  "trial_id": 250,
  "config": {
    "model_type": "gbsa",
    "model_params": {
      "loss": "coxph",
      "n_estimators": 368,
      "learning_rate": 0.15549806865964766,
      "subsample": 0.6475729479788261,
      "max_depth": 4,
      "max_features": "sqrt",
      "max_leaf_nodes": 8,
      "min_samples_split": 20,
      "min_samples_leaf": 4,
      "min_weight_fraction_leaf": 0.0,
      "min_impurity_decrease": 0.04078505561316397,
      "criterion": "friedman_mse",
      "ccp_alpha": 4.014621472526712e-06,
      "dropout_rate": 0.042531777305726326,
      "validation_fraction": 0.2665469098247887,
      "n_iter_no_change": null,
      "tol": 2.0124183236500564e-05,
      "random_state": 777,
      "warm_start": false,
      "verbose": 0
    },
    "seed": 777,
    "cv_n_splits": 5,
    "cv_n_repeats": 10,
    "preprocessing_config": {
      "eps": 1e-06,
      "min_speed": 0.01,
      "max_hours": 9999.0
    }
  },
  "result": {
    "c_index": 0.9391354753229546,
    "mean_brier": 0.05145636881664106,
    "hybrid_score": 0.9457211844252376,
    "std_c_index": 0.0024776327465996476,
    "std_mean_brier": 0.003682324619934386,
    "std_hybrid": 0.00252285018217192
  }
}