{
  "trial_id": 117,
  "config": {
    "model_type": "coxnet",
    "model_params": {
      "l1_ratio": 0.6093588025823073,
      "alpha_min_ratio": 0.0020975640782375533,
      "n_alphas": 51,
      "max_iter": 881,
      "tol": 8.991126051612217e-06
    },
    "seed": 42,
    "cv_n_splits": 5,
    "cv_n_repeats": 10,
    "preprocessing_config": {
      "eps": 1e-06,
      "min_speed": 0.01,
      "max_hours": 9999.0
    }
  },
  "result": {
    "c_index": 0.9258694932096722,
    "mean_brier": 0.03624565371830594,
    "hybrid_score": 0.9523888903600873,
    "std_c_index": 0.01194147651220475,
    "std_mean_brier": 0.005584159755660134,
    "std_hybrid": 0.00679812288536782
  }
}