{
  "trial_id": 226,
  "config": {
    "model_type": "coxnet",
    "model_params": {
      "l1_ratio": 0.8225897260107963,
      "alpha_min_ratio": 0.09692718225368921,
      "n_alphas": 299,
      "max_iter": 17240,
      "tol": 9.287850066739312e-05
    },
    "seed": 1024,
    "cv_n_splits": 5,
    "cv_n_repeats": 10,
    "preprocessing_config": {
      "eps": 1e-06,
      "min_speed": 0.01,
      "max_hours": 9999.0
    }
  },
  "result": {
    "c_index": 0.9370569725074528,
    "mean_brier": 0.02683536886634133,
    "hybrid_score": 0.9623323335457968,
    "std_c_index": 0.0037237210203927918,
    "std_mean_brier": 0.00077944581296003,
    "std_hybrid": 0.0015903561475989077
  }
}