{
  "trial_id": 298,
  "config": {
    "model_type": "coxnet",
    "model_params": {
      "l1_ratio": 0.9507860590136712,
      "alpha_min_ratio": 0.033347039227651754,
      "n_alphas": 268,
      "max_iter": 19236,
      "tol": 2.0310487918025546e-05
    },
    "seed": 42,
    "cv_n_splits": 5,
    "cv_n_repeats": 10,
    "preprocessing_config": {
      "eps": 1e-06,
      "min_speed": 0.01,
      "max_hours": 9999.0
    }
  },
  "result": {
    "c_index": 0.935533289168599,
    "mean_brier": 0.02606648201870455,
    "hybrid_score": 0.9624134493374864,
    "std_c_index": 0.005619697405665816,
    "std_mean_brier": 0.002984020001498174,
    "std_hybrid": 0.00369650507723681
  }
}