{
  "trial_id": 122,
  "config": {
    "model_type": "gbsa",
    "model_params": {
      "loss": "coxph",
      "n_estimators": 161,
      "learning_rate": 0.1079750491139005,
      "subsample": 0.5670358611332342,
      "max_depth": 4,
      "max_features": "log2",
      "max_leaf_nodes": 31,
      "min_samples_split": 20,
      "min_samples_leaf": 16,
      "min_weight_fraction_leaf": 0.0,
      "min_impurity_decrease": 0.0039339040673201636,
      "criterion": "friedman_mse",
      "ccp_alpha": 2.559413743924119e-05,
      "dropout_rate": 0.04687964549834332,
      "validation_fraction": 0.18762796407655688,
      "n_iter_no_change": null,
      "tol": 0.00010044643146587217,
      "random_state": 777,
      "warm_start": false,
      "verbose": 0
    },
    "seed": 777,
    "cv_n_splits": 5,
    "cv_n_repeats": 10,
    "preprocessing_config": {
      "eps": 1e-06,
      "min_speed": 0.01,
      "max_hours": 9999.0
    }
  },
  "result": {
    "c_index": 0.9334879099039417,
    "mean_brier": 0.07827323973610134,
    "hybrid_score": 0.9252551051559115,
    "std_c_index": 0.003914119057548435,
    "std_mean_brier": 0.004056731799103362,
    "std_hybrid": 0.002893545673044956
  }
}