{
  "trial_id": 213,
  "config": {
    "model_type": "coxnet",
    "model_params": {
      "l1_ratio": 0.830111376565456,
      "alpha_min_ratio": 0.043347690088273834,
      "n_alphas": 184,
      "max_iter": 18406,
      "tol": 3.1263291016272614e-06
    },
    "seed": 2023,
    "cv_n_splits": 5,
    "cv_n_repeats": 10,
    "preprocessing_config": {
      "eps": 1e-06,
      "min_speed": 0.01,
      "max_hours": 9999.0
    }
  },
  "result": {
    "c_index": 0.9347548857237497,
    "mean_brier": 0.026233682980890953,
    "hybrid_score": 0.9620628876305011,
    "std_c_index": 0.0031769806743228443,
    "std_mean_brier": 0.0009745209974316424,
    "std_hybrid": 0.001430068787529963
  }
}