{
  "trial_id": 93,
  "config": {
    "model_type": "coxnet",
    "model_params": {
      "l1_ratio": 0.18003879829791453,
      "alpha_min_ratio": 0.08684542625469038,
      "n_alphas": 272,
      "max_iter": 6740,
      "tol": 3.868628582627853e-05
    },
    "seed": 777,
    "cv_n_splits": 5,
    "cv_n_repeats": 10,
    "preprocessing_config": {
      "eps": 1e-06,
      "min_speed": 0.01,
      "max_hours": 9999.0
    }
  },
  "result": {
    "c_index": 0.9373964889036104,
    "mean_brier": 0.03655089657811142,
    "hybrid_score": 0.9556333190664053,
    "std_c_index": 0.001805917134618605,
    "std_mean_brier": 0.0006586127207507818,
    "std_hybrid": 0.0007492280707379957
  }
}