{
  "trial_id": 135,
  "config": {
    "model_type": "gbsa",
    "model_params": {
      "loss": "coxph",
      "n_estimators": 479,
      "learning_rate": 0.041537639404664796,
      "subsample": 0.8906587549904975,
      "max_depth": 5,
      "max_features": 0.3,
      "max_leaf_nodes": null,
      "min_samples_split": 2,
      "min_samples_leaf": 19,
      "min_weight_fraction_leaf": 0.0,
      "min_impurity_decrease": 0.026761429288393507,
      "criterion": "friedman_mse",
      "ccp_alpha": 0.038459125039325734,
      "dropout_rate": 0.08132402292416939,
      "validation_fraction": 0.12759806981301958,
      "n_iter_no_change": null,
      "tol": 0.0013660331955444901,
      "random_state": 42,
      "warm_start": false,
      "verbose": 0
    },
    "seed": 42,
    "cv_n_splits": 5,
    "cv_n_repeats": 10,
    "preprocessing_config": {
      "eps": 1e-06,
      "min_speed": 0.01,
      "max_hours": 9999.0
    }
  },
  "result": {
    "c_index": 0.9076805233521036,
    "mean_brier": 0.17045382786044544,
    "hybrid_score": 0.8529864775033191,
    "std_c_index": 0.007669015233606913,
    "std_mean_brier": 0.007293144981692137,
    "std_hybrid": 0.004909964268242612
  }
}