{
  "trial_id": 189,
  "config": {
    "model_type": "coxnet",
    "model_params": {
      "l1_ratio": 0.9203690892503001,
      "alpha_min_ratio": 0.041724800166771235,
      "n_alphas": 61,
      "max_iter": 16898,
      "tol": 9.655220090655683e-08
    },
    "seed": 2023,
    "cv_n_splits": 5,
    "cv_n_repeats": 10,
    "preprocessing_config": {
      "eps": 1e-06,
      "min_speed": 0.01,
      "max_hours": 9999.0
    }
  },
  "result": {
    "c_index": 0.9345478635309707,
    "mean_brier": 0.025890777340810293,
    "hybrid_score": 0.9622408149207239,
    "std_c_index": 0.003177358378207571,
    "std_mean_brier": 0.0009942611404406855,
    "std_hybrid": 0.0013586932620315518
  }
}