{
  "trial_id": 283,
  "config": {
    "model_type": "coxnet",
    "model_params": {
      "l1_ratio": 0.8736639809262006,
      "alpha_min_ratio": 0.06639451170788388,
      "n_alphas": 53,
      "max_iter": 13631,
      "tol": 1.4153137725790538e-07
    },
    "seed": 777,
    "cv_n_splits": 5,
    "cv_n_repeats": 10,
    "preprocessing_config": {
      "eps": 1e-06,
      "min_speed": 0.01,
      "max_hours": 9999.0
    }
  },
  "result": {
    "c_index": 0.9365932427956276,
    "mean_brier": 0.02555714254373609,
    "hybrid_score": 0.963087973058073,
    "std_c_index": 0.003541093880999966,
    "std_mean_brier": 0.0004803370190762485,
    "std_hybrid": 0.0012690102095401265
  }
}