{
  "trial_id": 128,
  "config": {
    "model_type": "coxnet",
    "model_params": {
      "l1_ratio": 0.9722937341718934,
      "alpha_min_ratio": 0.09604236719762028,
      "n_alphas": 285,
      "max_iter": 16828,
      "tol": 4.537744599499843e-05
    },
    "seed": 42,
    "cv_n_splits": 5,
    "cv_n_repeats": 10,
    "preprocessing_config": {
      "eps": 1e-06,
      "min_speed": 0.01,
      "max_hours": 9999.0
    }
  },
  "result": {
    "c_index": 0.9394253063928453,
    "mean_brier": 0.025733020815395947,
    "hybrid_score": 0.9638144773470764,
    "std_c_index": 0.0024898496383637166,
    "std_mean_brier": 0.0007664633034673948,
    "std_hybrid": 0.0010988812737560024
  }
}