{
  "trial_id": 182,
  "config": {
    "model_type": "coxnet",
    "model_params": {
      "l1_ratio": 0.7025245203717335,
      "alpha_min_ratio": 0.08752082333011385,
      "n_alphas": 267,
      "max_iter": 12138,
      "tol": 2.9787656329066783e-05
    },
    "seed": 777,
    "cv_n_splits": 5,
    "cv_n_repeats": 10,
    "preprocessing_config": {
      "eps": 1e-06,
      "min_speed": 0.01,
      "max_hours": 9999.0
    }
  },
  "result": {
    "c_index": 0.9364441868168267,
    "mean_brier": 0.027409712327250212,
    "hybrid_score": 0.961746457415973,
    "std_c_index": 0.002467718431994228,
    "std_mean_brier": 0.0005326666820098319,
    "std_hybrid": 0.0009278380799759912
  }
}