{
  "trial_id": 120,
  "config": {
    "seed": 42,
    "cv_n_splits": 5,
    "cv_n_repeats": 10,
    "gbsa_config": {
      "loss": "coxph",
      "n_estimators": 384,
      "learning_rate": 0.1146453487451284,
      "subsample": 0.7147324377584009,
      "max_depth": 5,
      "max_features": 0.3,
      "max_leaf_nodes": 31,
      "min_samples_split": 7,
      "min_samples_leaf": 5,
      "min_weight_fraction_leaf": 0.0,
      "min_impurity_decrease": 0.02108522258117718,
      "criterion": "friedman_mse",
      "ccp_alpha": 0.008496343874931677,
      "dropout_rate": 0.1168830646933042,
      "validation_fraction": 0.26797021389587733,
      "n_iter_no_change": null,
      "tol": 1.284275849092167e-05,
      "random_state": 42,
      "warm_start": false,
      "verbose": 0
    },
    "preprocessing_config": {
      "eps": 1e-06,
      "min_speed": 0.01,
      "max_hours": 9999.0
    }
  },
  "result": {
    "c_index": 0.9214392182842002,
    "mean_brier": 0.12839642112167182,
    "hybrid_score": 0.8865542707000896,
    "std_c_index": 0.005785022465312999,
    "std_mean_brier": 0.005241087522393265,
    "std_hybrid": 0.003922447607076224
  }
}