{
  "trial_id": 242,
  "config": {
    "model_type": "coxnet",
    "model_params": {
      "l1_ratio": 0.9556354958834365,
      "alpha_min_ratio": 0.029943341860235874,
      "n_alphas": 274,
      "max_iter": 19208,
      "tol": 6.744671505430464e-05
    },
    "seed": 1024,
    "cv_n_splits": 5,
    "cv_n_repeats": 10,
    "preprocessing_config": {
      "eps": 1e-06,
      "min_speed": 0.01,
      "max_hours": 9999.0
    }
  },
  "result": {
    "c_index": 0.9331566743954953,
    "mean_brier": 0.026465125096568475,
    "hybrid_score": 0.9614214147510506,
    "std_c_index": 0.0034830559551802453,
    "std_mean_brier": 0.0014983854040515148,
    "std_hybrid": 0.0018293431576565712
  }
}