{
  "trial_id": 42,
  "config": {
    "model_type": "coxnet",
    "model_params": {
      "l1_ratio": 0.976722337092231,
      "alpha_min_ratio": 0.08219291740474573,
      "n_alphas": 211,
      "max_iter": 19983,
      "tol": 6.668524750975738e-06
    },
    "seed": 777,
    "cv_n_splits": 5,
    "cv_n_repeats": 10,
    "preprocessing_config": {
      "eps": 1e-06,
      "min_speed": 0.01,
      "max_hours": 9999.0
    }
  },
  "result": {
    "c_index": 0.9361460748592249,
    "mean_brier": 0.025634441405591957,
    "hybrid_score": 0.9628997134738532,
    "std_c_index": 0.003367064338905412,
    "std_mean_brier": 0.0005229618926585192,
    "std_hybrid": 0.0012627182896372865
  }
}