{
  "trial_id": 290,
  "config": {
    "model_type": "coxnet",
    "model_params": {
      "l1_ratio": 0.5733095794724702,
      "alpha_min_ratio": 0.0004636085993304468,
      "n_alphas": 51,
      "max_iter": 11092,
      "tol": 1.223603834304857e-07
    },
    "seed": 777,
    "cv_n_splits": 5,
    "cv_n_repeats": 10,
    "preprocessing_config": {
      "eps": 1e-06,
      "min_speed": 0.01,
      "max_hours": 9999.0
    }
  },
  "result": {
    "c_index": 0.9045379264657172,
    "mean_brier": 0.058195796556804257,
    "hybrid_score": 0.9306243203499521,
    "std_c_index": 0.015266498693369721,
    "std_mean_brier": 0.01669730991181395,
    "std_hybrid": 0.013613068503322742
  }
}