{
  "trial_id": 37,
  "config": {
    "model_type": "coxnet",
    "model_params": {
      "l1_ratio": 0.9152729432892482,
      "alpha_min_ratio": 0.05388460479766109,
      "n_alphas": 62,
      "max_iter": 1926,
      "tol": 4.6485680008331054e-07
    },
    "seed": 42,
    "cv_n_splits": 5,
    "cv_n_repeats": 10,
    "preprocessing_config": {
      "eps": 1e-06,
      "min_speed": 0.01,
      "max_hours": 9999.0
    }
  },
  "result": {
    "c_index": 0.9377608479629016,
    "mean_brier": 0.02561856736260284,
    "hybrid_score": 0.9633952572350486,
    "std_c_index": 0.004339090340288272,
    "std_mean_brier": 0.0020550286002096988,
    "std_hybrid": 0.002656943339418004
  }
}