{
  "trial_id": 163,
  "config": {
    "model_type": "coxnet",
    "model_params": {
      "l1_ratio": 0.9081183653793609,
      "alpha_min_ratio": 0.08512422559576785,
      "n_alphas": 231,
      "max_iter": 16874,
      "tol": 1.3991351868777422e-06
    },
    "seed": 2023,
    "cv_n_splits": 5,
    "cv_n_repeats": 10,
    "preprocessing_config": {
      "eps": 1e-06,
      "min_speed": 0.01,
      "max_hours": 9999.0
    }
  },
  "result": {
    "c_index": 0.9370321298443194,
    "mean_brier": 0.0260191756644385,
    "hybrid_score": 0.9628962159881889,
    "std_c_index": 0.00277111713471056,
    "std_mean_brier": 0.0007327989537585013,
    "std_hybrid": 0.001192704631189253
  }
}