{
  "trial_id": 276,
  "config": {
    "model_type": "gbsa",
    "model_params": {
      "loss": "coxph",
      "n_estimators": 266,
      "learning_rate": 0.16000292856840637,
      "subsample": 0.550377244436235,
      "max_depth": 5,
      "max_features": "sqrt",
      "max_leaf_nodes": 8,
      "min_samples_split": 5,
      "min_samples_leaf": 17,
      "min_weight_fraction_leaf": 0.0,
      "min_impurity_decrease": 0.04294014069559778,
      "criterion": "friedman_mse",
      "ccp_alpha": 0.002272901576639085,
      "dropout_rate": 0.08010587445862195,
      "validation_fraction": 0.2536034364017322,
      "n_iter_no_change": null,
      "tol": 3.3626233523087484e-05,
      "random_state": 777,
      "warm_start": false,
      "verbose": 0
    },
    "seed": 777,
    "cv_n_splits": 5,
    "cv_n_repeats": 10,
    "preprocessing_config": {
      "eps": 1e-06,
      "min_speed": 0.01,
      "max_hours": 9999.0
    }
  },
  "result": {
    "c_index": 0.9314259688638622,
    "mean_brier": 0.08183126457368124,
    "hybrid_score": 0.9221459054575819,
    "std_c_index": 0.007517404276828423,
    "std_mean_brier": 0.004175463214235652,
    "std_hybrid": 0.0028897391261421754
  }
}