{
  "trial_id": 184,
  "config": {
    "model_type": "coxnet",
    "model_params": {
      "l1_ratio": 0.8316031695226149,
      "alpha_min_ratio": 0.0526690500756418,
      "n_alphas": 72,
      "max_iter": 11488,
      "tol": 1.0411545069843124e-06
    },
    "seed": 2023,
    "cv_n_splits": 5,
    "cv_n_repeats": 10,
    "preprocessing_config": {
      "eps": 1e-06,
      "min_speed": 0.01,
      "max_hours": 9999.0
    }
  },
  "result": {
    "c_index": 0.9356492215965551,
    "mean_brier": 0.025972315961300153,
    "hybrid_score": 0.9625141453060564,
    "std_c_index": 0.002809027979880289,
    "std_mean_brier": 0.0008933201158169795,
    "std_hybrid": 0.001225198895932965
  }
}