{
  "trial_id": 2,
  "config": {
    "model_type": "coxnet",
    "model_params": {
      "l1_ratio": 0.456373260425773,
      "alpha_min_ratio": 0.0031926167952869245,
      "n_alphas": 149,
      "max_iter": 3872,
      "tol": 2.7765193758697487e-07
    },
    "seed": 2023,
    "cv_n_splits": 5,
    "cv_n_repeats": 10,
    "preprocessing_config": {
      "eps": 1e-06,
      "min_speed": 0.01,
      "max_hours": 9999.0
    }
  },
  "result": {
    "c_index": 0.9200728718118582,
    "mean_brier": 0.038392322702113575,
    "hybrid_score": 0.9491472356520779,
    "std_c_index": 0.015949548660328338,
    "std_mean_brier": 0.007169612663862665,
    "std_hybrid": 0.009550709732381412
  }
}