{
  "trial_id": 263,
  "config": {
    "model_type": "coxnet",
    "model_params": {
      "l1_ratio": 0.8360615728598942,
      "alpha_min_ratio": 0.02634027540632139,
      "n_alphas": 227,
      "max_iter": 19969,
      "tol": 8.549490747572778e-06
    },
    "seed": 42,
    "cv_n_splits": 5,
    "cv_n_repeats": 10,
    "preprocessing_config": {
      "eps": 1e-06,
      "min_speed": 0.01,
      "max_hours": 9999.0
    }
  },
  "result": {
    "c_index": 0.9335707187810532,
    "mean_brier": 0.02680557586768914,
    "hybrid_score": 0.9613073125269336,
    "std_c_index": 0.005637551480129751,
    "std_mean_brier": 0.002946783892260696,
    "std_hybrid": 0.0037136191248027415
  }
}