{
  "trial_id": 49,
  "config": {
    "model_type": "coxnet",
    "model_params": {
      "l1_ratio": 0.7122950737030855,
      "alpha_min_ratio": 0.01840642287403332,
      "n_alphas": 215,
      "max_iter": 591,
      "tol": 1.6027312416037046e-06
    },
    "seed": 42,
    "cv_n_splits": 5,
    "cv_n_repeats": 10,
    "preprocessing_config": {
      "eps": 1e-06,
      "min_speed": 0.01,
      "max_hours": 9999.0
    }
  },
  "result": {
    "c_index": 0.9296538588936734,
    "mean_brier": 0.02826469592140171,
    "hybrid_score": 0.9591108705231208,
    "std_c_index": 0.008875184102283601,
    "std_mean_brier": 0.002968965106663381,
    "std_hybrid": 0.004696219689288216
  }
}