{
  "trial_id": 220,
  "config": {
    "model_type": "coxnet",
    "model_params": {
      "l1_ratio": 0.8800930550161528,
      "alpha_min_ratio": 0.0545136719431831,
      "n_alphas": 109,
      "max_iter": 15178,
      "tol": 1.7829869344393478e-07
    },
    "seed": 777,
    "cv_n_splits": 5,
    "cv_n_repeats": 10,
    "preprocessing_config": {
      "eps": 1e-06,
      "min_speed": 0.01,
      "max_hours": 9999.0
    }
  },
  "result": {
    "c_index": 0.9359721762172905,
    "mean_brier": 0.025485324469964144,
    "hybrid_score": 0.9629519257362122,
    "std_c_index": 0.0033823751900055473,
    "std_mean_brier": 0.0005408990417793973,
    "std_hybrid": 0.0012041070181538118
  }
}