{
  "trial_id": 25,
  "config": {
    "model_type": "coxnet",
    "model_params": {
      "l1_ratio": 0.888657387802954,
      "alpha_min_ratio": 0.020931673241711024,
      "n_alphas": 272,
      "max_iter": 1929,
      "tol": 1.267501689995692e-06
    },
    "seed": 42,
    "cv_n_splits": 5,
    "cv_n_repeats": 10,
    "preprocessing_config": {
      "eps": 1e-06,
      "min_speed": 0.01,
      "max_hours": 9999.0
    }
  },
  "result": {
    "c_index": 0.929479960251739,
    "mean_brier": 0.027760701444934748,
    "hybrid_score": 0.9594114970640673,
    "std_c_index": 0.008143039467721044,
    "std_mean_brier": 0.003058935788456886,
    "std_hybrid": 0.004537767838797412
  }
}