{
  "trial_id": 297,
  "config": {
    "model_type": "gbsa",
    "model_params": {
      "loss": "coxph",
      "n_estimators": 494,
      "learning_rate": 0.10110199541654187,
      "subsample": 0.5199957587287878,
      "max_depth": 1,
      "max_features": "log2",
      "max_leaf_nodes": null,
      "min_samples_split": 16,
      "min_samples_leaf": 18,
      "min_weight_fraction_leaf": 0.0,
      "min_impurity_decrease": 0.010138522489625067,
      "criterion": "friedman_mse",
      "ccp_alpha": 1.238927111987381e-08,
      "dropout_rate": 0.020353303641116295,
      "validation_fraction": 0.24759207091202573,
      "n_iter_no_change": null,
      "tol": 0.006073976757020105,
      "random_state": 2023,
      "warm_start": false,
      "verbose": 0
    },
    "seed": 2023,
    "cv_n_splits": 5,
    "cv_n_repeats": 10,
    "preprocessing_config": {
      "eps": 1e-06,
      "min_speed": 0.01,
      "max_hours": 9999.0
    }
  },
  "result": {
    "c_index": 0.9393466379595894,
    "mean_brier": 0.05159027632031945,
    "hybrid_score": 0.9456907979636531,
    "std_c_index": 0.0030745660346785894,
    "std_mean_brier": 0.003164363607039695,
    "std_hybrid": 0.003008092024328328
  }
}