{
  "trial_id": 83,
  "config": {
    "model_type": "coxnet",
    "model_params": {
      "l1_ratio": 0.8600624066781876,
      "alpha_min_ratio": 0.07079491196141034,
      "n_alphas": 211,
      "max_iter": 14985,
      "tol": 3.0856144350744378e-06
    },
    "seed": 42,
    "cv_n_splits": 5,
    "cv_n_repeats": 10,
    "preprocessing_config": {
      "eps": 1e-06,
      "min_speed": 0.01,
      "max_hours": 9999.0
    }
  },
  "result": {
    "c_index": 0.9395329579330903,
    "mean_brier": 0.025507371657261007,
    "hybrid_score": 0.9640047272198442,
    "std_c_index": 0.002368912897670534,
    "std_mean_brier": 0.0008575175921891991,
    "std_hybrid": 0.001152610142587505
  }
}