{
  "trial_id": 40,
  "config": {
    "model_type": "coxnet",
    "model_params": {
      "l1_ratio": 0.19234256700170294,
      "alpha_min_ratio": 0.0011901201418035845,
      "n_alphas": 56,
      "max_iter": 1930,
      "tol": 1.9565265272514912e-05
    },
    "seed": 42,
    "cv_n_splits": 5,
    "cv_n_repeats": 10,
    "preprocessing_config": {
      "eps": 1e-06,
      "min_speed": 0.01,
      "max_hours": 9999.0
    }
  },
  "result": {
    "c_index": 0.9282212653196421,
    "mean_brier": 0.035828349071436484,
    "hybrid_score": 0.953386535245887,
    "std_c_index": 0.010916572125377536,
    "std_mean_brier": 0.0049473564836013985,
    "std_hybrid": 0.005764030330069399
  }
}