{
  "trial_id": 67,
  "config": {
    "model_type": "coxnet",
    "model_params": {
      "l1_ratio": 0.009173413978876777,
      "alpha_min_ratio": 0.06039329146341433,
      "n_alphas": 127,
      "max_iter": 2739,
      "tol": 5.354891637807688e-06
    },
    "seed": 777,
    "cv_n_splits": 5,
    "cv_n_repeats": 10,
    "preprocessing_config": {
      "eps": 1e-06,
      "min_speed": 0.01,
      "max_hours": 9999.0
    }
  },
  "result": {
    "c_index": 0.9301755548194766,
    "mean_brier": 0.1134986620811174,
    "hybrid_score": 0.8996036029890607,
    "std_c_index": 0.0014932256900346118,
    "std_mean_brier": 0.006985609378287871,
    "std_hybrid": 0.004651231312221149
  }
}