{
  "trial_id": 255,
  "config": {
    "model_type": "gbsa",
    "model_params": {
      "loss": "coxph",
      "n_estimators": 337,
      "learning_rate": 0.1281914409635202,
      "subsample": 0.7741135952693821,
      "max_depth": 3,
      "max_features": "sqrt",
      "max_leaf_nodes": 16,
      "min_samples_split": 8,
      "min_samples_leaf": 3,
      "min_weight_fraction_leaf": 0.0,
      "min_impurity_decrease": 0.04808904429094751,
      "criterion": "friedman_mse",
      "ccp_alpha": 7.137532156264586e-06,
      "dropout_rate": 0.1899004263717153,
      "validation_fraction": 0.10880716629490765,
      "n_iter_no_change": null,
      "tol": 0.007924721780513792,
      "random_state": 42,
      "warm_start": false,
      "verbose": 0
    },
    "seed": 42,
    "cv_n_splits": 5,
    "cv_n_repeats": 10,
    "preprocessing_config": {
      "eps": 1e-06,
      "min_speed": 0.01,
      "max_hours": 9999.0
    }
  },
  "result": {
    "c_index": 0.9422242464392182,
    "mean_brier": 0.15321055836354597,
    "hybrid_score": 0.8754198830772832,
    "std_c_index": 0.0015093266703352082,
    "std_mean_brier": 0.007096654575548063,
    "std_hybrid": 0.005105548070805575
  }
}