{
  "trial_id": 225,
  "config": {
    "model_type": "gbsa",
    "model_params": {
      "loss": "coxph",
      "n_estimators": 390,
      "learning_rate": 0.12621134648078292,
      "subsample": 0.6607199922471195,
      "max_depth": 6,
      "max_features": "sqrt",
      "max_leaf_nodes": 31,
      "min_samples_split": 2,
      "min_samples_leaf": 10,
      "min_weight_fraction_leaf": 0.0,
      "min_impurity_decrease": 0.02959121737957602,
      "criterion": "friedman_mse",
      "ccp_alpha": 0.09581278402101978,
      "dropout_rate": 0.022562988339855622,
      "validation_fraction": 0.20889871564050652,
      "n_iter_no_change": null,
      "tol": 7.669621926406533e-05,
      "random_state": 42,
      "warm_start": false,
      "verbose": 0
    },
    "seed": 42,
    "cv_n_splits": 5,
    "cv_n_repeats": 10,
    "preprocessing_config": {
      "eps": 1e-06,
      "min_speed": 0.01,
      "max_hours": 9999.0
    }
  },
  "result": {
    "c_index": 0.9020246770453794,
    "mean_brier": 0.06993301018894141,
    "hybrid_score": 0.9216542959813548,
    "std_c_index": 0.005886978823399088,
    "std_mean_brier": 0.0021885521688760744,
    "std_hybrid": 0.0021739811496600523
  }
}