{
  "trial_id": 229,
  "config": {
    "model_type": "coxnet",
    "model_params": {
      "l1_ratio": 0.9703353870807303,
      "alpha_min_ratio": 0.0663461693185536,
      "n_alphas": 240,
      "max_iter": 1330,
      "tol": 4.651317213831982e-06
    },
    "seed": 42,
    "cv_n_splits": 5,
    "cv_n_repeats": 10,
    "preprocessing_config": {
      "eps": 1e-06,
      "min_speed": 0.01,
      "max_hours": 9999.0
    }
  },
  "result": {
    "c_index": 0.9392845313017556,
    "mean_brier": 0.025128738514804173,
    "hybrid_score": 0.9641952424301639,
    "std_c_index": 0.0025288046847123714,
    "std_mean_brier": 0.0009398698384516873,
    "std_hybrid": 0.0012336477918075482
  }
}