{
  "trial_id": 106,
  "config": {
    "model_type": "gbsa",
    "model_params": {
      "loss": "coxph",
      "n_estimators": 446,
      "learning_rate": 0.05196575984212185,
      "subsample": 0.6040828120911845,
      "max_depth": 1,
      "max_features": "log2",
      "max_leaf_nodes": 31,
      "min_samples_split": 10,
      "min_samples_leaf": 20,
      "min_weight_fraction_leaf": 0.0,
      "min_impurity_decrease": 0.000290050102448855,
      "criterion": "friedman_mse",
      "ccp_alpha": 2.49691598927125e-07,
      "dropout_rate": 0.0007794838781530582,
      "validation_fraction": 0.23586971339837304,
      "n_iter_no_change": null,
      "tol": 9.986181691100965e-05,
      "random_state": 2023,
      "warm_start": false,
      "verbose": 0
    },
    "seed": 2023,
    "cv_n_splits": 5,
    "cv_n_repeats": 10,
    "preprocessing_config": {
      "eps": 1e-06,
      "min_speed": 0.01,
      "max_hours": 9999.0
    }
  },
  "result": {
    "c_index": 0.939657171248758,
    "mean_brier": 0.034897651700034234,
    "hybrid_score": 0.9574687951846034,
    "std_c_index": 0.003474431942532808,
    "std_mean_brier": 0.0032867616808696996,
    "std_hybrid": 0.0031879252922268815
  }
}