{
  "trial_id": 234,
  "config": {
    "model_type": "coxnet",
    "model_params": {
      "l1_ratio": 0.8655247163523138,
      "alpha_min_ratio": 0.0762896976715095,
      "n_alphas": 119,
      "max_iter": 15503,
      "tol": 3.174005451650894e-08
    },
    "seed": 1024,
    "cv_n_splits": 5,
    "cv_n_repeats": 10,
    "preprocessing_config": {
      "eps": 1e-06,
      "min_speed": 0.01,
      "max_hours": 9999.0
    }
  },
  "result": {
    "c_index": 0.9366098045710499,
    "mean_brier": 0.02597571880142944,
    "hybrid_score": 0.9627999382103143,
    "std_c_index": 0.0035401642414345587,
    "std_mean_brier": 0.0008222334625328717,
    "std_hybrid": 0.0015534013093693626
  }
}