{
  "trial_id": 132,
  "config": {
    "model_type": "coxnet",
    "model_params": {
      "l1_ratio": 0.9307995228903123,
      "alpha_min_ratio": 0.08618676225464159,
      "n_alphas": 99,
      "max_iter": 9478,
      "tol": 2.53794103703173e-06
    },
    "seed": 777,
    "cv_n_splits": 5,
    "cv_n_repeats": 10,
    "preprocessing_config": {
      "eps": 1e-06,
      "min_speed": 0.01,
      "max_hours": 9999.0
    }
  },
  "result": {
    "c_index": 0.9364855912553827,
    "mean_brier": 0.025811757061376513,
    "hybrid_score": 0.9628774474336513,
    "std_c_index": 0.003237181079018592,
    "std_mean_brier": 0.0005224191007947921,
    "std_hybrid": 0.0012250199899691457
  }
}