{
  "trial_id": 250,
  "config": {
    "model_type": "coxnet",
    "model_params": {
      "l1_ratio": 0.9941061913284184,
      "alpha_min_ratio": 0.09053847108724972,
      "n_alphas": 251,
      "max_iter": 16230,
      "tol": 2.42534674500787e-05
    },
    "seed": 777,
    "cv_n_splits": 5,
    "cv_n_repeats": 10,
    "preprocessing_config": {
      "eps": 1e-06,
      "min_speed": 0.01,
      "max_hours": 9999.0
    }
  },
  "result": {
    "c_index": 0.9359721762172905,
    "mean_brier": 0.02580332590187758,
    "hybrid_score": 0.9627293247338727,
    "std_c_index": 0.0027601081972171947,
    "std_mean_brier": 0.0005134383255173085,
    "std_hybrid": 0.0010622307395427761
  }
}