{
  "trial_id": 206,
  "config": {
    "model_type": "coxnet",
    "model_params": {
      "l1_ratio": 0.725942562910954,
      "alpha_min_ratio": 0.011723489160944605,
      "n_alphas": 55,
      "max_iter": 13740,
      "tol": 1.0609715922495586e-08
    },
    "seed": 42,
    "cv_n_splits": 5,
    "cv_n_repeats": 10,
    "preprocessing_config": {
      "eps": 1e-06,
      "min_speed": 0.01,
      "max_hours": 9999.0
    }
  },
  "result": {
    "c_index": 0.9281964226565087,
    "mean_brier": 0.0308794117641673,
    "hybrid_score": 0.9568433385620354,
    "std_c_index": 0.00945410856901141,
    "std_mean_brier": 0.002922217564790402,
    "std_hybrid": 0.004600131343878845
  }
}