{
  "trial_id": 89,
  "config": {
    "model_type": "coxnet",
    "model_params": {
      "l1_ratio": 0.9575754155874124,
      "alpha_min_ratio": 0.08567843621485946,
      "n_alphas": 182,
      "max_iter": 14396,
      "tol": 1.94871246777237e-08
    },
    "seed": 2023,
    "cv_n_splits": 5,
    "cv_n_repeats": 10,
    "preprocessing_config": {
      "eps": 1e-06,
      "min_speed": 0.01,
      "max_hours": 9999.0
    }
  },
  "result": {
    "c_index": 0.9363779397151376,
    "mean_brier": 0.025884484626132277,
    "hybrid_score": 0.9627942426762486,
    "std_c_index": 0.00271735535391631,
    "std_mean_brier": 0.0007538878085254632,
    "std_hybrid": 0.0011793893519583829
  }
}