{
  "trial_id": 100,
  "config": {
    "model_type": "gbsa",
    "model_params": {
      "loss": "coxph",
      "n_estimators": 442,
      "learning_rate": 0.08296557867833726,
      "subsample": 0.5237668940211673,
      "max_depth": 4,
      "max_features": "sqrt",
      "max_leaf_nodes": 8,
      "min_samples_split": 8,
      "min_samples_leaf": 20,
      "min_weight_fraction_leaf": 0.0,
      "min_impurity_decrease": 0.040377272031425535,
      "criterion": "friedman_mse",
      "ccp_alpha": 0.03808909335542916,
      "dropout_rate": 0.0026042610541495807,
      "validation_fraction": 0.12471845771541594,
      "n_iter_no_change": null,
      "tol": 5.8394928946817754e-05,
      "random_state": 42,
      "warm_start": false,
      "verbose": 0
    },
    "seed": 42,
    "cv_n_splits": 5,
    "cv_n_repeats": 10,
    "preprocessing_config": {
      "eps": 1e-06,
      "min_speed": 0.01,
      "max_hours": 9999.0
    }
  },
  "result": {
    "c_index": 0.9369576018549187,
    "mean_brier": 0.03785619268649075,
    "hybrid_score": 0.954587945675932,
    "std_c_index": 0.0020131415397428025,
    "std_mean_brier": 0.0010567692526654165,
    "std_hybrid": 0.0010293366822696057
  }
}