{
  "trial_id": 220,
  "config": {
    "model_type": "gbsa",
    "model_params": {
      "loss": "coxph",
      "n_estimators": 254,
      "learning_rate": 0.17397749133516258,
      "subsample": 0.5091266243575223,
      "max_depth": 6,
      "max_features": "sqrt",
      "max_leaf_nodes": 63,
      "min_samples_split": 9,
      "min_samples_leaf": 17,
      "min_weight_fraction_leaf": 0.0,
      "min_impurity_decrease": 0.009683691528558042,
      "criterion": "friedman_mse",
      "ccp_alpha": 9.009179570404818e-07,
      "dropout_rate": 0.040131853790924404,
      "validation_fraction": 0.1201318312464188,
      "n_iter_no_change": null,
      "tol": 0.0001697569931277158,
      "random_state": 2023,
      "warm_start": false,
      "verbose": 0
    },
    "seed": 2023,
    "cv_n_splits": 5,
    "cv_n_repeats": 10,
    "preprocessing_config": {
      "eps": 1e-06,
      "min_speed": 0.01,
      "max_hours": 9999.0
    }
  },
  "result": {
    "c_index": 0.9350074527989403,
    "mean_brier": 0.051867581900486556,
    "hybrid_score": 0.9441949285093413,
    "std_c_index": 0.004826843071390217,
    "std_mean_brier": 0.0031389532225575352,
    "std_hybrid": 0.002885807557174451
  }
}