{
  "trial_id": 28,
  "config": {
    "model_type": "coxnet",
    "model_params": {
      "l1_ratio": 0.5686026567323782,
      "alpha_min_ratio": 0.06208692098811528,
      "n_alphas": 169,
      "max_iter": 17024,
      "tol": 8.608385182020412e-06
    },
    "seed": 42,
    "cv_n_splits": 5,
    "cv_n_repeats": 10,
    "preprocessing_config": {
      "eps": 1e-06,
      "min_speed": 0.01,
      "max_hours": 9999.0
    }
  },
  "result": {
    "c_index": 0.937934746604836,
    "mean_brier": 0.02724397271929361,
    "hybrid_score": 0.9623096430779452,
    "std_c_index": 0.002146411845342113,
    "std_mean_brier": 0.0008676387926391603,
    "std_hybrid": 0.0010026158094932325
  }
}