{
  "trial_id": 204,
  "config": {
    "model_type": "gbsa",
    "model_params": {
      "loss": "coxph",
      "n_estimators": 337,
      "learning_rate": 0.027702765653917813,
      "subsample": 0.6013527055946439,
      "max_depth": 1,
      "max_features": 1.0,
      "max_leaf_nodes": 63,
      "min_samples_split": 9,
      "min_samples_leaf": 18,
      "min_weight_fraction_leaf": 0.0,
      "min_impurity_decrease": 0.007635619199076572,
      "criterion": "friedman_mse",
      "ccp_alpha": 0.00010298325389653592,
      "dropout_rate": 0.015065158803159498,
      "validation_fraction": 0.1541047098793872,
      "n_iter_no_change": null,
      "tol": 0.00036389768010963854,
      "random_state": 2023,
      "warm_start": false,
      "verbose": 0
    },
    "seed": 2023,
    "cv_n_splits": 5,
    "cv_n_repeats": 10,
    "preprocessing_config": {
      "eps": 1e-06,
      "min_speed": 0.01,
      "max_hours": 9999.0
    }
  },
  "result": {
    "c_index": 0.900741139450149,
    "mean_brier": 0.09181231792672569,
    "hybrid_score": 0.9059537192863367,
    "std_c_index": 0.00613356274690237,
    "std_mean_brier": 0.004138806384796563,
    "std_hybrid": 0.003028418450733695
  }
}