{
  "trial_id": 86,
  "config": {
    "model_type": "gbsa",
    "model_params": {
      "loss": "coxph",
      "n_estimators": 419,
      "learning_rate": 0.15096890605224492,
      "subsample": 0.5135473648502353,
      "max_depth": 3,
      "max_features": 0.3,
      "max_leaf_nodes": 8,
      "min_samples_split": 8,
      "min_samples_leaf": 4,
      "min_weight_fraction_leaf": 0.0,
      "min_impurity_decrease": 0.031064709728149658,
      "criterion": "friedman_mse",
      "ccp_alpha": 2.473042601302947e-07,
      "dropout_rate": 0.017285705570482986,
      "validation_fraction": 0.2821923554195895,
      "n_iter_no_change": 5,
      "tol": 0.0009564866677017199,
      "random_state": 777,
      "warm_start": false,
      "verbose": 0
    },
    "seed": 777,
    "cv_n_splits": 5,
    "cv_n_repeats": 10,
    "preprocessing_config": {
      "eps": 1e-06,
      "min_speed": 0.01,
      "max_hours": 9999.0
    }
  },
  "result": {
    "c_index": 0.9355829744948657,
    "mean_brier": 0.05926365435899348,
    "hybrid_score": 0.9391903342971644,
    "std_c_index": 0.004343552553314957,
    "std_mean_brier": 0.005645641524021009,
    "std_hybrid": 0.003683595603029779
  }
}