{
  "trial_id": 108,
  "config": {
    "model_type": "coxnet",
    "model_params": {
      "l1_ratio": 0.9328739891624472,
      "alpha_min_ratio": 0.06103586654348791,
      "n_alphas": 193,
      "max_iter": 16128,
      "tol": 4.663721774204769e-05
    },
    "seed": 42,
    "cv_n_splits": 5,
    "cv_n_repeats": 10,
    "preprocessing_config": {
      "eps": 1e-06,
      "min_speed": 0.01,
      "max_hours": 9999.0
    }
  },
  "result": {
    "c_index": 0.93945842994369,
    "mean_brier": 0.025320162307653583,
    "hybrid_score": 0.9641134153677495,
    "std_c_index": 0.0022454646655817733,
    "std_mean_brier": 0.0010876554245183555,
    "std_hybrid": 0.001188456943092645
  }
}