{
  "trial_id": 165,
  "config": {
    "model_type": "coxnet",
    "model_params": {
      "l1_ratio": 0.9043284017155968,
      "alpha_min_ratio": 0.06730558271722606,
      "n_alphas": 299,
      "max_iter": 16942,
      "tol": 6.432424583248503e-05
    },
    "seed": 1024,
    "cv_n_splits": 5,
    "cv_n_repeats": 10,
    "preprocessing_config": {
      "eps": 1e-06,
      "min_speed": 0.01,
      "max_hours": 9999.0
    }
  },
  "result": {
    "c_index": 0.9365352765816496,
    "mean_brier": 0.025843754981574672,
    "hybrid_score": 0.9628699544873924,
    "std_c_index": 0.0034705120374495667,
    "std_mean_brier": 0.0008262956713886437,
    "std_hybrid": 0.0015262847000036524
  }
}