{
  "trial_id": 268,
  "config": {
    "model_type": "gbsa",
    "model_params": {
      "loss": "coxph",
      "n_estimators": 151,
      "learning_rate": 0.09570459150583406,
      "subsample": 0.6557309700504438,
      "max_depth": 5,
      "max_features": "sqrt",
      "max_leaf_nodes": 8,
      "min_samples_split": 4,
      "min_samples_leaf": 14,
      "min_weight_fraction_leaf": 0.0,
      "min_impurity_decrease": 0.044360720838729745,
      "criterion": "friedman_mse",
      "ccp_alpha": 0.000980015069917363,
      "dropout_rate": 0.01824835056789887,
      "validation_fraction": 0.18277428460414932,
      "n_iter_no_change": null,
      "tol": 0.00019280230455520256,
      "random_state": 42,
      "warm_start": false,
      "verbose": 0
    },
    "seed": 42,
    "cv_n_splits": 5,
    "cv_n_repeats": 10,
    "preprocessing_config": {
      "eps": 1e-06,
      "min_speed": 0.01,
      "max_hours": 9999.0
    }
  },
  "result": {
    "c_index": 0.9455945677376614,
    "mean_brier": 0.04930373509206161,
    "hybrid_score": 0.9491657557568554,
    "std_c_index": 0.0013520942571636782,
    "std_mean_brier": 0.0017239382466985836,
    "std_hybrid": 0.0013866041147874001
  }
}