{
  "trial_id": 187,
  "config": {
    "model_type": "coxnet",
    "model_params": {
      "l1_ratio": 0.25971953370482814,
      "alpha_min_ratio": 0.000477925948334394,
      "n_alphas": 122,
      "max_iter": 143,
      "tol": 7.99911102410464e-07
    },
    "seed": 42,
    "cv_n_splits": 5,
    "cv_n_repeats": 10,
    "preprocessing_config": {
      "eps": 1e-06,
      "min_speed": 0.01,
      "max_hours": 9999.0
    }
  },
  "result": {
    "c_index": 0.9277575356078172,
    "mean_brier": 0.03727155639766689,
    "hybrid_score": 0.9522371712039783,
    "std_c_index": 0.011683461009997067,
    "std_mean_brier": 0.005899742241233521,
    "std_hybrid": 0.0063516117091917245
  }
}