{
  "trial_id": 274,
  "config": {
    "model_type": "coxnet",
    "model_params": {
      "l1_ratio": 0.9042662008751673,
      "alpha_min_ratio": 0.09090061540645716,
      "n_alphas": 247,
      "max_iter": 17551,
      "tol": 1.6090126216388168e-05
    },
    "seed": 42,
    "cv_n_splits": 5,
    "cv_n_repeats": 10,
    "preprocessing_config": {
      "eps": 1e-06,
      "min_speed": 0.01,
      "max_hours": 9999.0
    }
  },
  "result": {
    "c_index": 0.9397813845644253,
    "mean_brier": 0.025825142873059186,
    "hybrid_score": 0.9638568153581861,
    "std_c_index": 0.0023114804259852777,
    "std_mean_brier": 0.0007668732644455799,
    "std_hybrid": 0.0010794805449411936
  }
}