{
  "trial_id": 266,
  "config": {
    "model_type": "coxnet",
    "model_params": {
      "l1_ratio": 0.815998683064587,
      "alpha_min_ratio": 0.050921647427752875,
      "n_alphas": 91,
      "max_iter": 13071,
      "tol": 1.6748345569257007e-05
    },
    "seed": 777,
    "cv_n_splits": 5,
    "cv_n_repeats": 10,
    "preprocessing_config": {
      "eps": 1e-06,
      "min_speed": 0.01,
      "max_hours": 9999.0
    }
  },
  "result": {
    "c_index": 0.9357403113613779,
    "mean_brier": 0.02597582562297292,
    "hybrid_score": 0.9625390154723323,
    "std_c_index": 0.002841442757699399,
    "std_mean_brier": 0.0005273271844212779,
    "std_hybrid": 0.000963567741787635
  }
}