{
  "trial_id": 92,
  "config": {
    "model_type": "coxnet",
    "model_params": {
      "l1_ratio": 0.6970719293565135,
      "alpha_min_ratio": 0.09626558533733968,
      "n_alphas": 210,
      "max_iter": 14384,
      "tol": 5.1737465287318553e-08
    },
    "seed": 2023,
    "cv_n_splits": 5,
    "cv_n_repeats": 10,
    "preprocessing_config": {
      "eps": 1e-06,
      "min_speed": 0.01,
      "max_hours": 9999.0
    }
  },
  "result": {
    "c_index": 0.9370900960582974,
    "mean_brier": 0.02750635558503726,
    "hybrid_score": 0.961872579907963,
    "std_c_index": 0.0025228998859178407,
    "std_mean_brier": 0.0006448427035029749,
    "std_hybrid": 0.0009197100234888781
  }
}