{
  "trial_id": 194,
  "config": {
    "model_type": "coxnet",
    "model_params": {
      "l1_ratio": 0.5589114552550652,
      "alpha_min_ratio": 0.00015692481603483805,
      "n_alphas": 281,
      "max_iter": 3518,
      "tol": 1.3638122477346017e-08
    },
    "seed": 2023,
    "cv_n_splits": 5,
    "cv_n_repeats": 10,
    "preprocessing_config": {
      "eps": 1e-06,
      "min_speed": 0.01,
      "max_hours": 9999.0
    }
  },
  "result": {
    "c_index": 0.914665452136469,
    "mean_brier": 0.04500896867973417,
    "hybrid_score": 0.9428933575651268,
    "std_c_index": 0.019048426842031868,
    "std_mean_brier": 0.00904058761324947,
    "std_hybrid": 0.011624108617127132
  }
}