{
  "trial_id": 6,
  "config": {
    "model_type": "coxnet",
    "model_params": {
      "l1_ratio": 0.6075448519014384,
      "alpha_min_ratio": 0.00032476735706274504,
      "n_alphas": 66,
      "max_iter": 19029,
      "tol": 7.286653737491043e-05
    },
    "seed": 42,
    "cv_n_splits": 5,
    "cv_n_repeats": 10,
    "preprocessing_config": {
      "eps": 1e-06,
      "min_speed": 0.01,
      "max_hours": 9999.0
    }
  },
  "result": {
    "c_index": 0.9267389864193442,
    "mean_brier": 0.03766295010321759,
    "hybrid_score": 0.9516576308535509,
    "std_c_index": 0.011935976868383134,
    "std_mean_brier": 0.005907810397900778,
    "std_hybrid": 0.006311822927449976
  }
}