{
  "trial_id": 183,
  "config": {
    "model_type": "coxnet",
    "model_params": {
      "l1_ratio": 0.9799147396452025,
      "alpha_min_ratio": 0.08658293039922096,
      "n_alphas": 58,
      "max_iter": 5526,
      "tol": 2.2729239802680705e-05
    },
    "seed": 777,
    "cv_n_splits": 5,
    "cv_n_repeats": 10,
    "preprocessing_config": {
      "eps": 1e-06,
      "min_speed": 0.01,
      "max_hours": 9999.0
    }
  },
  "result": {
    "c_index": 0.9362785690626035,
    "mean_brier": 0.0258200463533138,
    "hybrid_score": 0.9628095382714614,
    "std_c_index": 0.0028962397370855568,
    "std_mean_brier": 0.0005109865793323648,
    "std_hybrid": 0.0011059053930196467
  }
}