{
  "trial_id": 176,
  "config": {
    "model_type": "coxnet",
    "model_params": {
      "l1_ratio": 0.7944100396440439,
      "alpha_min_ratio": 0.029334135827967647,
      "n_alphas": 252,
      "max_iter": 672,
      "tol": 7.95449508039294e-06
    },
    "seed": 42,
    "cv_n_splits": 5,
    "cv_n_repeats": 10,
    "preprocessing_config": {
      "eps": 1e-06,
      "min_speed": 0.01,
      "max_hours": 9999.0
    }
  },
  "result": {
    "c_index": 0.9341917853593907,
    "mean_brier": 0.02665052837301332,
    "hybrid_score": 0.9616021657467078,
    "std_c_index": 0.005721134614602429,
    "std_mean_brier": 0.0029324986044072104,
    "std_hybrid": 0.0037271333538669306
  }
}