{
  "trial_id": 80,
  "config": {
    "seed": 42,
    "cv_n_splits": 5,
    "cv_n_repeats": 10,
    "gbsa_config": {
      "loss": "coxph",
      "n_estimators": 432,
      "learning_rate": 0.11580594754103953,
      "subsample": 0.7147992237386575,
      "max_depth": 6,
      "max_features": "sqrt",
      "max_leaf_nodes": 31,
      "min_samples_split": 2,
      "min_samples_leaf": 12,
      "min_weight_fraction_leaf": 0.0,
      "min_impurity_decrease": 0.031229781984183313,
      "criterion": "friedman_mse",
      "ccp_alpha": 0.028131481989719702,
      "dropout_rate": 0.008882603346525055,
      "validation_fraction": 0.2331519187818703,
      "n_iter_no_change": null,
      "tol": 3.20888842744531e-05,
      "random_state": 42,
      "warm_start": false,
      "verbose": 0
    },
    "preprocessing_config": {
      "eps": 1e-06,
      "min_speed": 0.01,
      "max_hours": 9999.0
    }
  },
  "result": {
    "c_index": 0.9397192779065916,
    "mean_brier": 0.035544247134929915,
    "hybrid_score": 0.9570348103775265,
    "std_c_index": 0.0011366932381628285,
    "std_mean_brier": 0.0009129519756108127,
    "std_hybrid": 0.0008142596489196756
  }
}