{
  "trial_id": 290,
  "config": {
    "model_type": "coxnet",
    "model_params": {
      "l1_ratio": 0.6085010998515382,
      "alpha_min_ratio": 0.07585381896575671,
      "n_alphas": 54,
      "max_iter": 19387,
      "tol": 8.476358122583137e-06
    },
    "seed": 42,
    "cv_n_splits": 5,
    "cv_n_repeats": 10,
    "preprocessing_config": {
      "eps": 1e-06,
      "min_speed": 0.01,
      "max_hours": 9999.0
    }
  },
  "result": {
    "c_index": 0.9384978469691951,
    "mean_brier": 0.02750215548611789,
    "hybrid_score": 0.9622978452504759,
    "std_c_index": 0.0021641652873241697,
    "std_mean_brier": 0.0007976338383935015,
    "std_hybrid": 0.0009901205413055118
  }
}