{
  "trial_id": 281,
  "config": {
    "model_type": "gbsa",
    "model_params": {
      "loss": "coxph",
      "n_estimators": 176,
      "learning_rate": 0.044563522664541715,
      "subsample": 0.7622803848395396,
      "max_depth": 6,
      "max_features": "sqrt",
      "max_leaf_nodes": 8,
      "min_samples_split": 7,
      "min_samples_leaf": 19,
      "min_weight_fraction_leaf": 0.0,
      "min_impurity_decrease": 0.03648275078532288,
      "criterion": "friedman_mse",
      "ccp_alpha": 0.00018454021345839266,
      "dropout_rate": 0.00027074484893650124,
      "validation_fraction": 0.1244871446690973,
      "n_iter_no_change": null,
      "tol": 3.507603839203691e-05,
      "random_state": 42,
      "warm_start": false,
      "verbose": 0
    },
    "seed": 42,
    "cv_n_splits": 5,
    "cv_n_repeats": 10,
    "preprocessing_config": {
      "eps": 1e-06,
      "min_speed": 0.01,
      "max_hours": 9999.0
    }
  },
  "result": {
    "c_index": 0.944145412388208,
    "mean_brier": 0.06054541940520497,
    "hybrid_score": 0.940861830132819,
    "std_c_index": 0.0014749514020003902,
    "std_mean_brier": 0.0021571675811402906,
    "std_hybrid": 0.0017030452226343272
  }
}