{
  "trial_id": 19,
  "config": {
    "model_type": "gbsa",
    "model_params": {
      "loss": "coxph",
      "n_estimators": 269,
      "learning_rate": 0.08642943078144245,
      "subsample": 0.7527812974000543,
      "max_depth": 5,
      "max_features": 1.0,
      "max_leaf_nodes": null,
      "min_samples_split": 18,
      "min_samples_leaf": 18,
      "min_weight_fraction_leaf": 0.0,
      "min_impurity_decrease": 0.04852384072802036,
      "criterion": "friedman_mse",
      "ccp_alpha": 2.041662476159225e-05,
      "dropout_rate": 0.07485948293507128,
      "validation_fraction": 0.12372995422597952,
      "n_iter_no_change": null,
      "tol": 0.0023492392683239515,
      "random_state": 1024,
      "warm_start": false,
      "verbose": 0
    },
    "seed": 1024,
    "cv_n_splits": 5,
    "cv_n_repeats": 10,
    "preprocessing_config": {
      "eps": 1e-06,
      "min_speed": 0.01,
      "max_hours": 9999.0
    }
  },
  "result": {
    "c_index": 0.9361170917522358,
    "mean_brier": 0.11098661094245225,
    "hybrid_score": 0.9031444998659541,
    "std_c_index": 0.0025904391742927013,
    "std_mean_brier": 0.007211816555661207,
    "std_hybrid": 0.0054604965611525814
  }
}