{
  "trial_id": 284,
  "config": {
    "model_type": "coxnet",
    "model_params": {
      "l1_ratio": 0.7117342383992705,
      "alpha_min_ratio": 0.018125111436332574,
      "n_alphas": 136,
      "max_iter": 17811,
      "tol": 3.818464913996662e-05
    },
    "seed": 2023,
    "cv_n_splits": 5,
    "cv_n_repeats": 10,
    "preprocessing_config": {
      "eps": 1e-06,
      "min_speed": 0.01,
      "max_hours": 9999.0
    }
  },
  "result": {
    "c_index": 0.9275587943027492,
    "mean_brier": 0.030513709227870833,
    "hybrid_score": 0.9569080418313151,
    "std_c_index": 0.009350130694151824,
    "std_mean_brier": 0.0036157054105910354,
    "std_hybrid": 0.005162911742937993
  }
}