{
  "trial_id": 43,
  "config": {
    "model_type": "coxnet",
    "model_params": {
      "l1_ratio": 0.9429842363538126,
      "alpha_min_ratio": 0.09712615650905451,
      "n_alphas": 250,
      "max_iter": 15872,
      "tol": 2.902322106217354e-05
    },
    "seed": 1024,
    "cv_n_splits": 5,
    "cv_n_repeats": 10,
    "preprocessing_config": {
      "eps": 1e-06,
      "min_speed": 0.01,
      "max_hours": 9999.0
    }
  },
  "result": {
    "c_index": 0.9366180854587611,
    "mean_brier": 0.02619614271449336,
    "hybrid_score": 0.9626481257374829,
    "std_c_index": 0.003389139825622927,
    "std_mean_brier": 0.0007293049195990069,
    "std_hybrid": 0.001455374521927186
  }
}