{
  "trial_id": 209,
  "config": {
    "model_type": "coxnet",
    "model_params": {
      "l1_ratio": 0.9846388398857533,
      "alpha_min_ratio": 0.05637080919165129,
      "n_alphas": 253,
      "max_iter": 17066,
      "tol": 6.439051934390435e-05
    },
    "seed": 1024,
    "cv_n_splits": 5,
    "cv_n_repeats": 10,
    "preprocessing_config": {
      "eps": 1e-06,
      "min_speed": 0.01,
      "max_hours": 9999.0
    }
  },
  "result": {
    "c_index": 0.9358728055647566,
    "mean_brier": 0.025677420029180664,
    "hybrid_score": 0.9627876476490004,
    "std_c_index": 0.0032427262671137283,
    "std_mean_brier": 0.0008256804345298175,
    "std_hybrid": 0.0014073781345564631
  }
}