{
  "trial_id": 194,
  "config": {
    "model_type": "coxnet",
    "model_params": {
      "l1_ratio": 0.8776727821495762,
      "alpha_min_ratio": 0.09077314029546865,
      "n_alphas": 249,
      "max_iter": 14137,
      "tol": 1.7289587879068606e-05
    },
    "seed": 777,
    "cv_n_splits": 5,
    "cv_n_repeats": 10,
    "preprocessing_config": {
      "eps": 1e-06,
      "min_speed": 0.01,
      "max_hours": 9999.0
    }
  },
  "result": {
    "c_index": 0.9368996356409406,
    "mean_brier": 0.02620901350470727,
    "hybrid_score": 0.9627235812389872,
    "std_c_index": 0.002897127473424298,
    "std_mean_brier": 0.0005372717290152317,
    "std_hybrid": 0.0011093579037361632
  }
}