{
  "trial_id": 3,
  "config": {
    "model_type": "coxnet",
    "model_params": {
      "l1_ratio": 0.18340450985343382,
      "alpha_min_ratio": 0.0008179499475211679,
      "n_alphas": 181,
      "max_iter": 921,
      "tol": 1.4618962793704927e-07
    },
    "seed": 42,
    "cv_n_splits": 5,
    "cv_n_repeats": 10,
    "preprocessing_config": {
      "eps": 1e-06,
      "min_speed": 0.01,
      "max_hours": 9999.0
    }
  },
  "result": {
    "c_index": 0.9283289168598874,
    "mean_brier": 0.036189651150609736,
    "hybrid_score": 0.9531659192525392,
    "std_c_index": 0.011627277562296439,
    "std_mean_brier": 0.005361089410870448,
    "std_hybrid": 0.006018306549129065
  }
}