{
  "trial_id": 228,
  "config": {
    "model_type": "coxnet",
    "model_params": {
      "l1_ratio": 0.9931762867885414,
      "alpha_min_ratio": 0.01750075869558675,
      "n_alphas": 71,
      "max_iter": 10441,
      "tol": 3.510611354426867e-08
    },
    "seed": 777,
    "cv_n_splits": 5,
    "cv_n_repeats": 10,
    "preprocessing_config": {
      "eps": 1e-06,
      "min_speed": 0.01,
      "max_hours": 9999.0
    }
  },
  "result": {
    "c_index": 0.9257452798940047,
    "mean_brier": 0.03207072692164109,
    "hybrid_score": 0.9552740751230526,
    "std_c_index": 0.008445129264579557,
    "std_mean_brier": 0.005310894834100101,
    "std_hybrid": 0.005749924875478622
  }
}