{
  "trial_id": 19,
  "config": {
    "model_type": "gbsa",
    "model_params": {
      "loss": "coxph",
      "n_estimators": 417,
      "learning_rate": 0.04510103553413166,
      "subsample": 0.617212374716259,
      "max_depth": 6,
      "max_features": "log2",
      "max_leaf_nodes": 8,
      "min_samples_split": 3,
      "min_samples_leaf": 19,
      "min_weight_fraction_leaf": 0.0,
      "min_impurity_decrease": 0.03262626767821169,
      "criterion": "friedman_mse",
      "ccp_alpha": 0.0008386621355053894,
      "dropout_rate": 0.13656180853954297,
      "validation_fraction": 0.20588039115822498,
      "n_iter_no_change": 20,
      "tol": 0.004776731313090434,
      "random_state": 2023,
      "warm_start": false,
      "verbose": 0
    },
    "seed": 2023,
    "cv_n_splits": 5,
    "cv_n_repeats": 10,
    "preprocessing_config": {
      "eps": 1e-06,
      "min_speed": 0.01,
      "max_hours": 9999.0
    }
  },
  "result": {
    "c_index": 0.9247805564756542,
    "mean_brier": 0.20101695604238062,
    "hybrid_score": 0.8367222977130299,
    "std_c_index": 0.005115419102437975,
    "std_mean_brier": 0.015640285136279738,
    "std_hybrid": 0.01096697561597021
  }
}