{
  "trial_id": 202,
  "config": {
    "model_type": "gbsa",
    "model_params": {
      "loss": "coxph",
      "n_estimators": 460,
      "learning_rate": 0.07060459741731817,
      "subsample": 0.7688514863468127,
      "max_depth": 4,
      "max_features": 0.3,
      "max_leaf_nodes": null,
      "min_samples_split": 4,
      "min_samples_leaf": 12,
      "min_weight_fraction_leaf": 0.0,
      "min_impurity_decrease": 0.018970983799609112,
      "criterion": "friedman_mse",
      "ccp_alpha": 6.40542890427509e-05,
      "dropout_rate": 0.07072304755628084,
      "validation_fraction": 0.1620532642973051,
      "n_iter_no_change": null,
      "tol": 0.0003776767672699505,
      "random_state": 42,
      "warm_start": false,
      "verbose": 0
    },
    "seed": 42,
    "cv_n_splits": 5,
    "cv_n_repeats": 10,
    "preprocessing_config": {
      "eps": 1e-06,
      "min_speed": 0.01,
      "max_hours": 9999.0
    }
  },
  "result": {
    "c_index": 0.9434415369327592,
    "mean_brier": 0.12573094419976688,
    "hybrid_score": 0.895020800139991,
    "std_c_index": 0.0016005908484067015,
    "std_mean_brier": 0.0054442444843564326,
    "std_hybrid": 0.003995589926329137
  }
}