{
  "trial_id": 16,
  "config": {
    "model_type": "coxnet",
    "model_params": {
      "l1_ratio": 0.15117121745662468,
      "alpha_min_ratio": 0.027159269233932786,
      "n_alphas": 256,
      "max_iter": 6890,
      "tol": 8.533079588130411e-08
    },
    "seed": 777,
    "cv_n_splits": 5,
    "cv_n_repeats": 10,
    "preprocessing_config": {
      "eps": 1e-06,
      "min_speed": 0.01,
      "max_hours": 9999.0
    }
  },
  "result": {
    "c_index": 0.9336286849950314,
    "mean_brier": 0.030348111746633953,
    "hybrid_score": 0.9588449272758656,
    "std_c_index": 0.002309239533140519,
    "std_mean_brier": 0.00138145059956796,
    "std_hybrid": 0.0012565011715697152
  }
}