{
  "trial_id": 247,
  "config": {
    "model_type": "gbsa",
    "model_params": {
      "loss": "coxph",
      "n_estimators": 403,
      "learning_rate": 0.07903109463386529,
      "subsample": 0.9007798533802797,
      "max_depth": 1,
      "max_features": "log2",
      "max_leaf_nodes": 31,
      "min_samples_split": 11,
      "min_samples_leaf": 15,
      "min_weight_fraction_leaf": 0.0,
      "min_impurity_decrease": 0.017799123789158926,
      "criterion": "friedman_mse",
      "ccp_alpha": 1.2080208697737894e-08,
      "dropout_rate": 0.02741766954969401,
      "validation_fraction": 0.24603612266921215,
      "n_iter_no_change": null,
      "tol": 0.00012669366536150725,
      "random_state": 2023,
      "warm_start": false,
      "verbose": 0
    },
    "seed": 2023,
    "cv_n_splits": 5,
    "cv_n_repeats": 10,
    "preprocessing_config": {
      "eps": 1e-06,
      "min_speed": 0.01,
      "max_hours": 9999.0
    }
  },
  "result": {
    "c_index": 0.9401954289499835,
    "mean_brier": 0.08017575516626022,
    "hybrid_score": 0.9259356000686129,
    "std_c_index": 0.003933561127912311,
    "std_mean_brier": 0.004308439343069295,
    "std_hybrid": 0.00348006705516414
  }
}