{
  "trial_id": 275,
  "config": {
    "seed": 42,
    "cv_n_splits": 5,
    "cv_n_repeats": 10,
    "gbsa_config": {
      "loss": "coxph",
      "n_estimators": 410,
      "learning_rate": 0.1843020559203821,
      "subsample": 0.6747796122358178,
      "max_depth": 6,
      "max_features": null,
      "max_leaf_nodes": null,
      "min_samples_split": 6,
      "min_samples_leaf": 19,
      "min_weight_fraction_leaf": 0.0,
      "min_impurity_decrease": 0.005929781290140504,
      "criterion": "friedman_mse",
      "ccp_alpha": 0.015195352244931704,
      "dropout_rate": 0.03812338471999114,
      "validation_fraction": 0.1443806037325327,
      "n_iter_no_change": null,
      "tol": 7.50354575156033e-05,
      "random_state": 42,
      "warm_start": false,
      "verbose": 0
    },
    "preprocessing_config": {
      "eps": 1e-06,
      "min_speed": 0.01,
      "max_hours": 9999.0
    }
  },
  "result": {
    "c_index": 0.9402037098376945,
    "mean_brier": 0.04344522784312141,
    "hybrid_score": 0.9516494534611233,
    "std_c_index": 0.0018919427353833195,
    "std_mean_brier": 0.001390585837124869,
    "std_hybrid": 0.0012620937666830135
  }
}