{
  "trial_id": 159,
  "config": {
    "model_type": "coxnet",
    "model_params": {
      "l1_ratio": 0.9769676963387486,
      "alpha_min_ratio": 0.015320351913969174,
      "n_alphas": 203,
      "max_iter": 527,
      "tol": 4.537330111993693e-05
    },
    "seed": 42,
    "cv_n_splits": 5,
    "cv_n_repeats": 10,
    "preprocessing_config": {
      "eps": 1e-06,
      "min_speed": 0.01,
      "max_hours": 9999.0
    }
  },
  "result": {
    "c_index": 0.9281467373302418,
    "mean_brier": 0.028896549749713302,
    "hybrid_score": 0.9582164363742731,
    "std_c_index": 0.008912332088371054,
    "std_mean_brier": 0.0028904519423804727,
    "std_hybrid": 0.0046299239872459865
  }
}