{
  "trial_id": 216,
  "config": {
    "model_type": "gbsa",
    "model_params": {
      "loss": "coxph",
      "n_estimators": 263,
      "learning_rate": 0.06412136350470587,
      "subsample": 0.6779097889391343,
      "max_depth": 1,
      "max_features": 0.3,
      "max_leaf_nodes": 31,
      "min_samples_split": 11,
      "min_samples_leaf": 5,
      "min_weight_fraction_leaf": 0.0,
      "min_impurity_decrease": 0.036493887539803704,
      "criterion": "friedman_mse",
      "ccp_alpha": 0.0036563304632881545,
      "dropout_rate": 0.034282652257905694,
      "validation_fraction": 0.10214320137722233,
      "n_iter_no_change": null,
      "tol": 0.00038599185683700453,
      "random_state": 1024,
      "warm_start": false,
      "verbose": 0
    },
    "seed": 1024,
    "cv_n_splits": 5,
    "cv_n_repeats": 10,
    "preprocessing_config": {
      "eps": 1e-06,
      "min_speed": 0.01,
      "max_hours": 9999.0
    }
  },
  "result": {
    "c_index": 0.908959920503478,
    "mean_brier": 0.08081661179172236,
    "hybrid_score": 0.9161163478968376,
    "std_c_index": 0.007256245690264663,
    "std_mean_brier": 0.004217503174170126,
    "std_hybrid": 0.0031309028046426542
  }
}