{
  "trial_id": 237,
  "config": {
    "model_type": "coxnet",
    "model_params": {
      "l1_ratio": 0.9804395612072163,
      "alpha_min_ratio": 0.016653908343674174,
      "n_alphas": 138,
      "max_iter": 1955,
      "tol": 6.701662430964461e-05
    },
    "seed": 42,
    "cv_n_splits": 5,
    "cv_n_repeats": 10,
    "preprocessing_config": {
      "eps": 1e-06,
      "min_speed": 0.01,
      "max_hours": 9999.0
    }
  },
  "result": {
    "c_index": 0.9290741967538919,
    "mean_brier": 0.028366283992995577,
    "hybrid_score": 0.9588658602310707,
    "std_c_index": 0.008882135127982468,
    "std_mean_brier": 0.003000745071095178,
    "std_hybrid": 0.004694917362020442
  }
}