{
  "trial_id": 42,
  "config": {
    "seed": 42,
    "cv_n_splits": 5,
    "cv_n_repeats": 10,
    "gbsa_config": {
      "loss": "coxph",
      "n_estimators": 165,
      "learning_rate": 0.15059219166257864,
      "subsample": 0.5458340018599512,
      "max_depth": 4,
      "max_features": 0.7,
      "max_leaf_nodes": 8,
      "min_samples_split": 9,
      "min_samples_leaf": 15,
      "min_weight_fraction_leaf": 0.0,
      "min_impurity_decrease": 0.025401436812636482,
      "criterion": "friedman_mse",
      "ccp_alpha": 0.00017947507848219244,
      "dropout_rate": 0.26646935748077866,
      "validation_fraction": 0.2482506440146075,
      "n_iter_no_change": 20,
      "tol": 0.00011389906276335872,
      "random_state": 42,
      "warm_start": false,
      "verbose": 0
    },
    "preprocessing_config": {
      "eps": 1e-06,
      "min_speed": 0.01,
      "max_hours": 9999.0
    }
  },
  "result": {
    "c_index": 0.8988406757204374,
    "mean_brier": 0.1616726056995654,
    "hybrid_score": 0.8564813787264353,
    "std_c_index": 0.004847213218504532,
    "std_mean_brier": 0.008353894983806238,
    "std_hybrid": 0.006212449502909723
  }
}