{
  "trial_id": 86,
  "config": {
    "model_type": "gbsa",
    "model_params": {
      "loss": "coxph",
      "n_estimators": 155,
      "learning_rate": 0.1693540337113729,
      "subsample": 0.6716472295560768,
      "max_depth": 2,
      "max_features": "sqrt",
      "max_leaf_nodes": 16,
      "min_samples_split": 13,
      "min_samples_leaf": 7,
      "min_weight_fraction_leaf": 0.0,
      "min_impurity_decrease": 0.04596861042907892,
      "criterion": "friedman_mse",
      "ccp_alpha": 4.5187551354006273e-05,
      "dropout_rate": 0.040834507816181614,
      "validation_fraction": 0.1752971202593909,
      "n_iter_no_change": null,
      "tol": 0.00011345253511694443,
      "random_state": 1024,
      "warm_start": false,
      "verbose": 0
    },
    "seed": 1024,
    "cv_n_splits": 5,
    "cv_n_repeats": 10,
    "preprocessing_config": {
      "eps": 1e-06,
      "min_speed": 0.01,
      "max_hours": 9999.0
    }
  },
  "result": {
    "c_index": 0.9411932759191787,
    "mean_brier": 0.045245152638782433,
    "hybrid_score": 0.9506863759286059,
    "std_c_index": 0.0022693296476647435,
    "std_mean_brier": 0.0025455738012068654,
    "std_hybrid": 0.0021383733359247163
  }
}