{
  "trial_id": 113,
  "config": {
    "model_type": "gbsa",
    "model_params": {
      "loss": "coxph",
      "n_estimators": 233,
      "learning_rate": 0.19005434907915977,
      "subsample": 0.7524746253669939,
      "max_depth": 2,
      "max_features": 0.3,
      "max_leaf_nodes": 63,
      "min_samples_split": 17,
      "min_samples_leaf": 5,
      "min_weight_fraction_leaf": 0.0,
      "min_impurity_decrease": 0.007011513812526469,
      "criterion": "friedman_mse",
      "ccp_alpha": 0.00047397749659833964,
      "dropout_rate": 0.023559060265808097,
      "validation_fraction": 0.2764059037977653,
      "n_iter_no_change": null,
      "tol": 0.0017018844926465389,
      "random_state": 1024,
      "warm_start": false,
      "verbose": 0
    },
    "seed": 1024,
    "cv_n_splits": 5,
    "cv_n_repeats": 10,
    "preprocessing_config": {
      "eps": 1e-06,
      "min_speed": 0.01,
      "max_hours": 9999.0
    }
  },
  "result": {
    "c_index": 0.9390816495528321,
    "mean_brier": 0.0337318283057429,
    "hybrid_score": 0.9581122150518295,
    "std_c_index": 0.002437596432884341,
    "std_mean_brier": 0.0017743591039420226,
    "std_hybrid": 0.0016122598736816884
  }
}