{
  "trial_id": 72,
  "config": {
    "model_type": "coxnet",
    "model_params": {
      "l1_ratio": 0.3296254415278781,
      "alpha_min_ratio": 0.018263916342139152,
      "n_alphas": 187,
      "max_iter": 6897,
      "tol": 5.199346663423807e-08
    },
    "seed": 1024,
    "cv_n_splits": 5,
    "cv_n_repeats": 10,
    "preprocessing_config": {
      "eps": 1e-06,
      "min_speed": 0.01,
      "max_hours": 9999.0
    }
  },
  "result": {
    "c_index": 0.9324527989400464,
    "mean_brier": 0.028820082270934196,
    "hybrid_score": 0.9595617820923599,
    "std_c_index": 0.0036366298803843316,
    "std_mean_brier": 0.0021814807629085653,
    "std_hybrid": 0.0023439790331928013
  }
}