{
  "trial_id": 156,
  "config": {
    "model_type": "coxnet",
    "model_params": {
      "l1_ratio": 0.9594655809188029,
      "alpha_min_ratio": 0.047514591311471545,
      "n_alphas": 106,
      "max_iter": 17454,
      "tol": 1.2016730864393608e-05
    },
    "seed": 777,
    "cv_n_splits": 5,
    "cv_n_repeats": 10,
    "preprocessing_config": {
      "eps": 1e-06,
      "min_speed": 0.01,
      "max_hours": 9999.0
    }
  },
  "result": {
    "c_index": 0.9356823451473998,
    "mean_brier": 0.025488809373211845,
    "hybrid_score": 0.9628625369829716,
    "std_c_index": 0.0034179207287463806,
    "std_mean_brier": 0.0006819705644708187,
    "std_hybrid": 0.0012501536003635568
  }
}