{
  "trial_id": 161,
  "config": {
    "model_type": "coxnet",
    "model_params": {
      "l1_ratio": 0.9092730729899712,
      "alpha_min_ratio": 0.09731712934333572,
      "n_alphas": 171,
      "max_iter": 430,
      "tol": 3.707028605292812e-05
    },
    "seed": 42,
    "cv_n_splits": 5,
    "cv_n_repeats": 10,
    "preprocessing_config": {
      "eps": 1e-06,
      "min_speed": 0.01,
      "max_hours": 9999.0
    }
  },
  "result": {
    "c_index": 0.9398724743292481,
    "mean_brier": 0.026059576583213652,
    "hybrid_score": 0.9637200386905249,
    "std_c_index": 0.0025631855689753377,
    "std_mean_brier": 0.0007708189588910606,
    "std_hybrid": 0.001153110795414507
  }
}