{
  "trial_id": 170,
  "config": {
    "model_type": "coxnet",
    "model_params": {
      "l1_ratio": 0.8513781842551542,
      "alpha_min_ratio": 0.05073773641597387,
      "n_alphas": 161,
      "max_iter": 942,
      "tol": 5.7498850445468555e-05
    },
    "seed": 42,
    "cv_n_splits": 5,
    "cv_n_repeats": 10,
    "preprocessing_config": {
      "eps": 1e-06,
      "min_speed": 0.01,
      "max_hours": 9999.0
    }
  },
  "result": {
    "c_index": 0.9375621066578337,
    "mean_brier": 0.026074717690181215,
    "hybrid_score": 0.9630163296142232,
    "std_c_index": 0.004188525066503111,
    "std_mean_brier": 0.0018122842694324663,
    "std_hybrid": 0.002376264930486308
  }
}