{
  "trial_id": 135,
  "config": {
    "model_type": "coxnet",
    "model_params": {
      "l1_ratio": 0.7089087425863585,
      "alpha_min_ratio": 0.03553839674701236,
      "n_alphas": 110,
      "max_iter": 16229,
      "tol": 1.4125816050149783e-07
    },
    "seed": 2023,
    "cv_n_splits": 5,
    "cv_n_repeats": 10,
    "preprocessing_config": {
      "eps": 1e-06,
      "min_speed": 0.01,
      "max_hours": 9999.0
    }
  },
  "result": {
    "c_index": 0.9337528983106991,
    "mean_brier": 0.026863017554907553,
    "hybrid_score": 0.9613217572047743,
    "std_c_index": 0.003940519388982793,
    "std_mean_brier": 0.0011707086755343126,
    "std_hybrid": 0.0017752899039766312
  }
}