{
  "trial_id": 125,
  "config": {
    "model_type": "gbsa",
    "model_params": {
      "loss": "coxph",
      "n_estimators": 387,
      "learning_rate": 0.1726245952875871,
      "subsample": 0.5392197090329329,
      "max_depth": 6,
      "max_features": null,
      "max_leaf_nodes": null,
      "min_samples_split": 9,
      "min_samples_leaf": 18,
      "min_weight_fraction_leaf": 0.0,
      "min_impurity_decrease": 0.011918041360538877,
      "criterion": "friedman_mse",
      "ccp_alpha": 1.2654377092703674e-05,
      "dropout_rate": 0.013662265249396116,
      "validation_fraction": 0.10845856772544536,
      "n_iter_no_change": null,
      "tol": 0.0005341372582360835,
      "random_state": 2023,
      "warm_start": false,
      "verbose": 0
    },
    "seed": 2023,
    "cv_n_splits": 5,
    "cv_n_repeats": 10,
    "preprocessing_config": {
      "eps": 1e-06,
      "min_speed": 0.01,
      "max_hours": 9999.0
    }
  },
  "result": {
    "c_index": 0.9393756210665783,
    "mean_brier": 0.03282357601723907,
    "hybrid_score": 0.9588361831079061,
    "std_c_index": 0.0027416367236089735,
    "std_mean_brier": 0.003932439048919679,
    "std_hybrid": 0.0035393370904442997
  }
}