{
  "trial_id": 180,
  "config": {
    "model_type": "gbsa",
    "model_params": {
      "loss": "coxph",
      "n_estimators": 467,
      "learning_rate": 0.17317730664702546,
      "subsample": 0.6175047218797126,
      "max_depth": 4,
      "max_features": 1.0,
      "max_leaf_nodes": 31,
      "min_samples_split": 4,
      "min_samples_leaf": 17,
      "min_weight_fraction_leaf": 0.0,
      "min_impurity_decrease": 0.04007002815504436,
      "criterion": "friedman_mse",
      "ccp_alpha": 1.101097117936579e-05,
      "dropout_rate": 0.10650556113196719,
      "validation_fraction": 0.24375169834471277,
      "n_iter_no_change": null,
      "tol": 0.00012081131174653278,
      "random_state": 2023,
      "warm_start": false,
      "verbose": 0
    },
    "seed": 2023,
    "cv_n_splits": 5,
    "cv_n_repeats": 10,
    "preprocessing_config": {
      "eps": 1e-06,
      "min_speed": 0.01,
      "max_hours": 9999.0
    }
  },
  "result": {
    "c_index": 0.9368126863199734,
    "mean_brier": 0.09410354190701209,
    "hybrid_score": 0.9151713265610836,
    "std_c_index": 0.004679817145181837,
    "std_mean_brier": 0.0049700453721883055,
    "std_hybrid": 0.00383484336607631
  }
}