{
  "trial_id": 262,
  "config": {
    "model_type": "coxnet",
    "model_params": {
      "l1_ratio": 0.7661860306494447,
      "alpha_min_ratio": 0.0761219268034714,
      "n_alphas": 297,
      "max_iter": 13537,
      "tol": 1.4310671631591748e-05
    },
    "seed": 42,
    "cv_n_splits": 5,
    "cv_n_repeats": 10,
    "preprocessing_config": {
      "eps": 1e-06,
      "min_speed": 0.01,
      "max_hours": 9999.0
    }
  },
  "result": {
    "c_index": 0.9388870486916197,
    "mean_brier": 0.026286781765318186,
    "hybrid_score": 0.963265367371763,
    "std_c_index": 0.0024483995822423854,
    "std_mean_brier": 0.0008457272341548922,
    "std_hybrid": 0.0011273332041305366
  }
}