{
  "trial_id": 11,
  "config": {
    "model_type": "gbsa",
    "model_params": {
      "loss": "coxph",
      "n_estimators": 379,
      "learning_rate": 0.17596138829495303,
      "subsample": 0.8209327746475028,
      "max_depth": 5,
      "max_features": "sqrt",
      "max_leaf_nodes": 31,
      "min_samples_split": 13,
      "min_samples_leaf": 7,
      "min_weight_fraction_leaf": 0.0,
      "min_impurity_decrease": 0.042401438152636646,
      "criterion": "friedman_mse",
      "ccp_alpha": 1.581876654908966e-07,
      "dropout_rate": 0.34017787248588166,
      "validation_fraction": 0.10271758762780613,
      "n_iter_no_change": null,
      "tol": 0.0011590342751435225,
      "random_state": 1024,
      "warm_start": false,
      "verbose": 0
    },
    "seed": 1024,
    "cv_n_splits": 5,
    "cv_n_repeats": 10,
    "preprocessing_config": {
      "eps": 1e-06,
      "min_speed": 0.01,
      "max_hours": 9999.0
    }
  },
  "result": {
    "c_index": 0.941081483935078,
    "mean_brier": 0.1640059284071238,
    "hybrid_score": 0.8675202952955366,
    "std_c_index": 0.002410079779662099,
    "std_mean_brier": 0.01048499009157115,
    "std_hybrid": 0.007328991540389899
  }
}