{
  "trial_id": 24,
  "config": {
    "model_type": "coxnet",
    "model_params": {
      "l1_ratio": 0.8263433367107648,
      "alpha_min_ratio": 0.08816727689103918,
      "n_alphas": 278,
      "max_iter": 15270,
      "tol": 2.1697144448612223e-05
    },
    "seed": 42,
    "cv_n_splits": 5,
    "cv_n_repeats": 10,
    "preprocessing_config": {
      "eps": 1e-06,
      "min_speed": 0.01,
      "max_hours": 9999.0
    }
  },
  "result": {
    "c_index": 0.9395909241470685,
    "mean_brier": 0.026263534560090434,
    "hybrid_score": 0.9634928030520573,
    "std_c_index": 0.002155656792852281,
    "std_mean_brier": 0.0008020211796897886,
    "std_hybrid": 0.0010408161592941156
  }
}