{
  "trial_id": 287,
  "config": {
    "seed": 42,
    "cv_n_splits": 5,
    "cv_n_repeats": 10,
    "gbsa_config": {
      "loss": "coxph",
      "n_estimators": 103,
      "learning_rate": 0.139119073562502,
      "subsample": 0.6593558417047051,
      "max_depth": 4,
      "max_features": 1.0,
      "max_leaf_nodes": 8,
      "min_samples_split": 3,
      "min_samples_leaf": 9,
      "min_weight_fraction_leaf": 0.0,
      "min_impurity_decrease": 0.04106229635883511,
      "criterion": "friedman_mse",
      "ccp_alpha": 2.4368538800751406e-06,
      "dropout_rate": 0.11449436175069236,
      "validation_fraction": 0.11606219319167907,
      "n_iter_no_change": null,
      "tol": 3.7995130777546566e-05,
      "random_state": 42,
      "warm_start": false,
      "verbose": 0
    },
    "preprocessing_config": {
      "eps": 1e-06,
      "min_speed": 0.01,
      "max_hours": 9999.0
    }
  },
  "result": {
    "c_index": 0.9421662802252401,
    "mean_brier": 0.11529742100589128,
    "hybrid_score": 0.9019416893634482,
    "std_c_index": 0.0026306517839823056,
    "std_mean_brier": 0.005450095270900482,
    "std_hybrid": 0.0041881496529681895
  }
}