{
  "trial_id": 293,
  "config": {
    "model_type": "coxnet",
    "model_params": {
      "l1_ratio": 0.9834597980830223,
      "alpha_min_ratio": 0.050753473315242985,
      "n_alphas": 269,
      "max_iter": 16088,
      "tol": 9.342936445610683e-06
    },
    "seed": 1024,
    "cv_n_splits": 5,
    "cv_n_repeats": 10,
    "preprocessing_config": {
      "eps": 1e-06,
      "min_speed": 0.01,
      "max_hours": 9999.0
    }
  },
  "result": {
    "c_index": 0.9359059291156011,
    "mean_brier": 0.025721339213127255,
    "hybrid_score": 0.9627668412854913,
    "std_c_index": 0.003210379591748959,
    "std_mean_brier": 0.0008881759388255963,
    "std_hybrid": 0.0014165475260399189
  }
}