{
  "trial_id": 29,
  "config": {
    "model_type": "gbsa",
    "model_params": {
      "loss": "coxph",
      "n_estimators": 383,
      "learning_rate": 0.041579458445439796,
      "subsample": 0.5791227337540427,
      "max_depth": 2,
      "max_features": null,
      "max_leaf_nodes": 8,
      "min_samples_split": 4,
      "min_samples_leaf": 12,
      "min_weight_fraction_leaf": 0.0,
      "min_impurity_decrease": 0.035109823323672906,
      "criterion": "friedman_mse",
      "ccp_alpha": 0.0015261422814249579,
      "dropout_rate": 0.11395862858309332,
      "validation_fraction": 0.16704021087953536,
      "n_iter_no_change": null,
      "tol": 0.0001494287433744044,
      "random_state": 2023,
      "warm_start": false,
      "verbose": 0
    },
    "seed": 2023,
    "cv_n_splits": 5,
    "cv_n_repeats": 10,
    "preprocessing_config": {
      "eps": 1e-06,
      "min_speed": 0.01,
      "max_hours": 9999.0
    }
  },
  "result": {
    "c_index": 0.9369286187479297,
    "mean_brier": 0.18963106764230714,
    "hybrid_score": 0.8483368382747638,
    "std_c_index": 0.003984477575887692,
    "std_mean_brier": 0.009350125993341766,
    "std_hybrid": 0.00639682151484283
  }
}