{
  "trial_id": 267,
  "config": {
    "model_type": "gbsa",
    "model_params": {
      "loss": "coxph",
      "n_estimators": 495,
      "learning_rate": 0.07166858891761582,
      "subsample": 0.8311387247738317,
      "max_depth": 5,
      "max_features": 0.3,
      "max_leaf_nodes": null,
      "min_samples_split": 7,
      "min_samples_leaf": 7,
      "min_weight_fraction_leaf": 0.0,
      "min_impurity_decrease": 0.036886145625298,
      "criterion": "friedman_mse",
      "ccp_alpha": 0.0009681317472280125,
      "dropout_rate": 0.1692476117209897,
      "validation_fraction": 0.21427493750051632,
      "n_iter_no_change": null,
      "tol": 0.0006596075260966994,
      "random_state": 1024,
      "warm_start": false,
      "verbose": 0
    },
    "seed": 1024,
    "cv_n_splits": 5,
    "cv_n_repeats": 10,
    "preprocessing_config": {
      "eps": 1e-06,
      "min_speed": 0.01,
      "max_hours": 9999.0
    }
  },
  "result": {
    "c_index": 0.9400298111957601,
    "mean_brier": 0.17322854174269692,
    "hybrid_score": 0.8607489641388402,
    "std_c_index": 0.0027890860838021276,
    "std_mean_brier": 0.010909243250179534,
    "std_hybrid": 0.008030551313252358
  }
}