{
  "trial_id": 183,
  "config": {
    "model_type": "gbsa",
    "model_params": {
      "loss": "coxph",
      "n_estimators": 441,
      "learning_rate": 0.1138464453644697,
      "subsample": 0.5431108341359148,
      "max_depth": 4,
      "max_features": "sqrt",
      "max_leaf_nodes": 8,
      "min_samples_split": 9,
      "min_samples_leaf": 7,
      "min_weight_fraction_leaf": 0.0,
      "min_impurity_decrease": 0.036409806124576394,
      "criterion": "friedman_mse",
      "ccp_alpha": 0.017486365259365713,
      "dropout_rate": 0.015966692864532676,
      "validation_fraction": 0.243406442654524,
      "n_iter_no_change": 20,
      "tol": 0.00010351955544475112,
      "random_state": 777,
      "warm_start": false,
      "verbose": 0
    },
    "seed": 777,
    "cv_n_splits": 5,
    "cv_n_repeats": 10,
    "preprocessing_config": {
      "eps": 1e-06,
      "min_speed": 0.01,
      "max_hours": 9999.0
    }
  },
  "result": {
    "c_index": 0.9315998675057966,
    "mean_brier": 0.04950132117055298,
    "hybrid_score": 0.9448290354323519,
    "std_c_index": 0.0065990674217249815,
    "std_mean_brier": 0.005282365413345025,
    "std_hybrid": 0.004561822445047069
  }
}