{
  "trial_id": 161,
  "config": {
    "model_type": "gbsa",
    "model_params": {
      "loss": "coxph",
      "n_estimators": 276,
      "learning_rate": 0.06751970247770586,
      "subsample": 0.927234087283521,
      "max_depth": 6,
      "max_features": "sqrt",
      "max_leaf_nodes": 31,
      "min_samples_split": 8,
      "min_samples_leaf": 18,
      "min_weight_fraction_leaf": 0.0,
      "min_impurity_decrease": 0.029268679099992062,
      "criterion": "friedman_mse",
      "ccp_alpha": 0.014078775520360265,
      "dropout_rate": 0.07663759725161498,
      "validation_fraction": 0.2858369447144116,
      "n_iter_no_change": null,
      "tol": 2.0048033573112814e-05,
      "random_state": 42,
      "warm_start": false,
      "verbose": 0
    },
    "seed": 42,
    "cv_n_splits": 5,
    "cv_n_repeats": 10,
    "preprocessing_config": {
      "eps": 1e-06,
      "min_speed": 0.01,
      "max_hours": 9999.0
    }
  },
  "result": {
    "c_index": 0.9232651540245115,
    "mean_brier": 0.1380973895866598,
    "hybrid_score": 0.8803113734966915,
    "std_c_index": 0.006148497785323318,
    "std_mean_brier": 0.005722306992636107,
    "std_hybrid": 0.0036773017274764333
  }
}