{
  "trial_id": 85,
  "config": {
    "model_type": "coxnet",
    "model_params": {
      "l1_ratio": 0.3796950957195231,
      "alpha_min_ratio": 0.05742346309113674,
      "n_alphas": 130,
      "max_iter": 690,
      "tol": 1.287183941986857e-08
    },
    "seed": 42,
    "cv_n_splits": 5,
    "cv_n_repeats": 10,
    "preprocessing_config": {
      "eps": 1e-06,
      "min_speed": 0.01,
      "max_hours": 9999.0
    }
  },
  "result": {
    "c_index": 0.9376035110963894,
    "mean_brier": 0.028533753537806274,
    "hybrid_score": 0.9613074258524523,
    "std_c_index": 0.0018413573778685835,
    "std_mean_brier": 0.0008099840379272417,
    "std_hybrid": 0.0009318150764531861
  }
}