{
  "trial_id": 102,
  "config": {
    "model_type": "coxnet",
    "model_params": {
      "l1_ratio": 0.8841807733278569,
      "alpha_min_ratio": 0.04752074840568038,
      "n_alphas": 213,
      "max_iter": 714,
      "tol": 2.432542230772052e-07
    },
    "seed": 42,
    "cv_n_splits": 5,
    "cv_n_repeats": 10,
    "preprocessing_config": {
      "eps": 1e-06,
      "min_speed": 0.01,
      "max_hours": 9999.0
    }
  },
  "result": {
    "c_index": 0.937777409738324,
    "mean_brier": 0.02603839750280331,
    "hybrid_score": 0.9631063446695348,
    "std_c_index": 0.004471096596918311,
    "std_mean_brier": 0.0024252957675813015,
    "std_hybrid": 0.0028927119169382745
  }
}