{
  "trial_id": 245,
  "config": {
    "model_type": "gbsa",
    "model_params": {
      "loss": "coxph",
      "n_estimators": 318,
      "learning_rate": 0.08821308258984498,
      "subsample": 0.5027862209534507,
      "max_depth": 3,
      "max_features": "sqrt",
      "max_leaf_nodes": null,
      "min_samples_split": 17,
      "min_samples_leaf": 8,
      "min_weight_fraction_leaf": 0.0,
      "min_impurity_decrease": 0.04720645606217429,
      "criterion": "friedman_mse",
      "ccp_alpha": 4.708665298219351e-05,
      "dropout_rate": 0.14916082212288526,
      "validation_fraction": 0.27487841300425303,
      "n_iter_no_change": null,
      "tol": 1.1600165552680787e-05,
      "random_state": 777,
      "warm_start": false,
      "verbose": 0
    },
    "seed": 777,
    "cv_n_splits": 5,
    "cv_n_repeats": 10,
    "preprocessing_config": {
      "eps": 1e-06,
      "min_speed": 0.01,
      "max_hours": 9999.0
    }
  },
  "result": {
    "c_index": 0.9391768797615103,
    "mean_brier": 0.161267192493709,
    "hybrid_score": 0.8688660291828567,
    "std_c_index": 0.0027045054720876804,
    "std_mean_brier": 0.010628555643735564,
    "std_hybrid": 0.007197819256215927
  }
}