{
  "trial_id": 183,
  "config": {
    "model_type": "coxnet",
    "model_params": {
      "l1_ratio": 0.8618409412356827,
      "alpha_min_ratio": 0.03774366451254124,
      "n_alphas": 292,
      "max_iter": 1464,
      "tol": 1.661291481112025e-05
    },
    "seed": 42,
    "cv_n_splits": 5,
    "cv_n_repeats": 10,
    "preprocessing_config": {
      "eps": 1e-06,
      "min_speed": 0.01,
      "max_hours": 9999.0
    }
  },
  "result": {
    "c_index": 0.936808545876118,
    "mean_brier": 0.0262275413728575,
    "hybrid_score": 0.962683284801835,
    "std_c_index": 0.004909588807583429,
    "std_mean_brier": 0.002882220709345645,
    "std_hybrid": 0.0033560095430873508
  }
}