{
  "trial_id": 80,
  "config": {
    "model_type": "coxnet",
    "model_params": {
      "l1_ratio": 0.8506345166445043,
      "alpha_min_ratio": 0.00017128683608578832,
      "n_alphas": 228,
      "max_iter": 1074,
      "tol": 4.90294335741883e-06
    },
    "seed": 42,
    "cv_n_splits": 5,
    "cv_n_repeats": 10,
    "preprocessing_config": {
      "eps": 1e-06,
      "min_speed": 0.01,
      "max_hours": 9999.0
    }
  },
  "result": {
    "c_index": 0.9237744286187478,
    "mean_brier": 0.0366255384015848,
    "hybrid_score": 0.951494451704515,
    "std_c_index": 0.012844895443055027,
    "std_mean_brier": 0.0061030862560168785,
    "std_hybrid": 0.007714332794057638
  }
}