{
  "trial_id": 23,
  "config": {
    "model_type": "gbsa",
    "model_params": {
      "loss": "coxph",
      "n_estimators": 76,
      "learning_rate": 0.1935957077669249,
      "subsample": 0.595513995366659,
      "max_depth": 2,
      "max_features": 0.3,
      "max_leaf_nodes": 8,
      "min_samples_split": 16,
      "min_samples_leaf": 19,
      "min_weight_fraction_leaf": 0.0,
      "min_impurity_decrease": 0.045935948775288775,
      "criterion": "friedman_mse",
      "ccp_alpha": 0.0001020720929986932,
      "dropout_rate": 0.1875385385911891,
      "validation_fraction": 0.26545369682391845,
      "n_iter_no_change": null,
      "tol": 4.706003498155228e-05,
      "random_state": 777,
      "warm_start": false,
      "verbose": 0
    },
    "seed": 777,
    "cv_n_splits": 5,
    "cv_n_repeats": 10,
    "preprocessing_config": {
      "eps": 1e-06,
      "min_speed": 0.01,
      "max_hours": 9999.0
    }
  },
  "result": {
    "c_index": 0.9187727724412056,
    "mean_brier": 0.12071520535025818,
    "hybrid_score": 0.891131187987181,
    "std_c_index": 0.00855966647079503,
    "std_mean_brier": 0.006928462899961093,
    "std_hybrid": 0.005211951124503071
  }
}