{
  "trial_id": 260,
  "config": {
    "model_type": "coxnet",
    "model_params": {
      "l1_ratio": 0.9897281824840432,
      "alpha_min_ratio": 0.09303985267163335,
      "n_alphas": 84,
      "max_iter": 17050,
      "tol": 1.2990613038958775e-05
    },
    "seed": 777,
    "cv_n_splits": 5,
    "cv_n_repeats": 10,
    "preprocessing_config": {
      "eps": 1e-06,
      "min_speed": 0.01,
      "max_hours": 9999.0
    }
  },
  "result": {
    "c_index": 0.9361212321960914,
    "mean_brier": 0.025927436055125846,
    "hybrid_score": 0.9626871644202393,
    "std_c_index": 0.0027832160917804763,
    "std_mean_brier": 0.0005076276373530036,
    "std_hybrid": 0.0010669405347227328
  }
}