{
  "trial_id": 158,
  "config": {
    "model_type": "coxnet",
    "model_params": {
      "l1_ratio": 0.908145502645438,
      "alpha_min_ratio": 0.06046414070627351,
      "n_alphas": 105,
      "max_iter": 19688,
      "tol": 3.9676737245120154e-06
    },
    "seed": 777,
    "cv_n_splits": 5,
    "cv_n_repeats": 10,
    "preprocessing_config": {
      "eps": 1e-06,
      "min_speed": 0.01,
      "max_hours": 9999.0
    }
  },
  "result": {
    "c_index": 0.9364441868168267,
    "mean_brier": 0.02544637705563853,
    "hybrid_score": 0.9631207921061009,
    "std_c_index": 0.003464589227370641,
    "std_mean_brier": 0.0005137437813019312,
    "std_hybrid": 0.0012595788221338993
  }
}