{
  "trial_id": 265,
  "config": {
    "model_type": "gbsa",
    "model_params": {
      "loss": "coxph",
      "n_estimators": 307,
      "learning_rate": 0.08908672663139715,
      "subsample": 0.7925218113923831,
      "max_depth": 4,
      "max_features": 0.3,
      "max_leaf_nodes": 63,
      "min_samples_split": 7,
      "min_samples_leaf": 2,
      "min_weight_fraction_leaf": 0.0,
      "min_impurity_decrease": 0.040951479687236905,
      "criterion": "friedman_mse",
      "ccp_alpha": 0.001272350487245054,
      "dropout_rate": 0.024702046673670108,
      "validation_fraction": 0.14144950395080025,
      "n_iter_no_change": null,
      "tol": 0.003415965679841089,
      "random_state": 42,
      "warm_start": false,
      "verbose": 0
    },
    "seed": 42,
    "cv_n_splits": 5,
    "cv_n_repeats": 10,
    "preprocessing_config": {
      "eps": 1e-06,
      "min_speed": 0.01,
      "max_hours": 9999.0
    }
  },
  "result": {
    "c_index": 0.9394915534945346,
    "mean_brier": 0.05437201299515555,
    "hybrid_score": 0.9437870569517515,
    "std_c_index": 0.0015967518526287215,
    "std_mean_brier": 0.0037801061467490856,
    "std_hybrid": 0.002634449151379014
  }
}