{
  "trial_id": 202,
  "config": {
    "model_type": "coxnet",
    "model_params": {
      "l1_ratio": 0.9423435499658939,
      "alpha_min_ratio": 0.08511938178980866,
      "n_alphas": 291,
      "max_iter": 15220,
      "tol": 8.853677105326518e-05
    },
    "seed": 1024,
    "cv_n_splits": 5,
    "cv_n_repeats": 10,
    "preprocessing_config": {
      "eps": 1e-06,
      "min_speed": 0.01,
      "max_hours": 9999.0
    }
  },
  "result": {
    "c_index": 0.9368002649884067,
    "mean_brier": 0.02590994598838764,
    "hybrid_score": 0.9629031173046506,
    "std_c_index": 0.0037997997202668713,
    "std_mean_brier": 0.0007624408753854927,
    "std_hybrid": 0.0015908943658207936
  }
}