{
  "trial_id": 293,
  "config": {
    "model_type": "gbsa",
    "model_params": {
      "loss": "coxph",
      "n_estimators": 235,
      "learning_rate": 0.17771834820311208,
      "subsample": 0.6186608469845851,
      "max_depth": 2,
      "max_features": 0.5,
      "max_leaf_nodes": 8,
      "min_samples_split": 16,
      "min_samples_leaf": 4,
      "min_weight_fraction_leaf": 0.0,
      "min_impurity_decrease": 0.029614760313416744,
      "criterion": "friedman_mse",
      "ccp_alpha": 1.3319924813104422e-05,
      "dropout_rate": 0.03580378108218922,
      "validation_fraction": 0.11241510995408448,
      "n_iter_no_change": 20,
      "tol": 2.1006300521068387e-05,
      "random_state": 777,
      "warm_start": false,
      "verbose": 0
    },
    "seed": 777,
    "cv_n_splits": 5,
    "cv_n_repeats": 10,
    "preprocessing_config": {
      "eps": 1e-06,
      "min_speed": 0.01,
      "max_hours": 9999.0
    }
  },
  "result": {
    "c_index": 0.9372184498178203,
    "mean_brier": 0.04892148821992036,
    "hybrid_score": 0.9469204931914017,
    "std_c_index": 0.004823787682130619,
    "std_mean_brier": 0.005096860234719908,
    "std_hybrid": 0.004035142814706038
  }
}