{
  "trial_id": 127,
  "config": {
    "model_type": "gbsa",
    "model_params": {
      "loss": "coxph",
      "n_estimators": 341,
      "learning_rate": 0.12532010901846716,
      "subsample": 0.8691751244036436,
      "max_depth": 2,
      "max_features": 0.3,
      "max_leaf_nodes": 63,
      "min_samples_split": 13,
      "min_samples_leaf": 2,
      "min_weight_fraction_leaf": 0.0,
      "min_impurity_decrease": 0.009339850040723347,
      "criterion": "friedman_mse",
      "ccp_alpha": 3.497821154600449e-05,
      "dropout_rate": 0.002514009766631761,
      "validation_fraction": 0.28725499090416307,
      "n_iter_no_change": 20,
      "tol": 0.009986344946908275,
      "random_state": 1024,
      "warm_start": false,
      "verbose": 0
    },
    "seed": 1024,
    "cv_n_splits": 5,
    "cv_n_repeats": 10,
    "preprocessing_config": {
      "eps": 1e-06,
      "min_speed": 0.01,
      "max_hours": 9999.0
    }
  },
  "result": {
    "c_index": 0.9352517389864193,
    "mean_brier": 0.04200640647355365,
    "hybrid_score": 0.9511710371644384,
    "std_c_index": 0.003984811006864248,
    "std_mean_brier": 0.0038610653859895705,
    "std_hybrid": 0.0035601567745235678
  }
}