{
  "trial_id": 284,
  "config": {
    "model_type": "coxnet",
    "model_params": {
      "l1_ratio": 0.8706386667514737,
      "alpha_min_ratio": 0.04956910884239175,
      "n_alphas": 177,
      "max_iter": 18639,
      "tol": 7.21881299516214e-05
    },
    "seed": 42,
    "cv_n_splits": 5,
    "cv_n_repeats": 10,
    "preprocessing_config": {
      "eps": 1e-06,
      "min_speed": 0.01,
      "max_hours": 9999.0
    }
  },
  "result": {
    "c_index": 0.9377111626366347,
    "mean_brier": 0.025999673804308142,
    "hybrid_score": 0.9631135771279749,
    "std_c_index": 0.00428431715207134,
    "std_mean_brier": 0.001982795402692316,
    "std_hybrid": 0.002533308216372003
  }
}