{
  "trial_id": 190,
  "config": {
    "model_type": "gbsa",
    "model_params": {
      "loss": "coxph",
      "n_estimators": 459,
      "learning_rate": 0.018155948419079655,
      "subsample": 0.6132485576979329,
      "max_depth": 2,
      "max_features": 1.0,
      "max_leaf_nodes": 31,
      "min_samples_split": 9,
      "min_samples_leaf": 15,
      "min_weight_fraction_leaf": 0.0,
      "min_impurity_decrease": 0.013459406656868811,
      "criterion": "friedman_mse",
      "ccp_alpha": 1.330245694942104e-06,
      "dropout_rate": 0.04059345860708888,
      "validation_fraction": 0.14935963854902393,
      "n_iter_no_change": null,
      "tol": 0.00838492383220382,
      "random_state": 2023,
      "warm_start": false,
      "verbose": 0
    },
    "seed": 2023,
    "cv_n_splits": 5,
    "cv_n_repeats": 10,
    "preprocessing_config": {
      "eps": 1e-06,
      "min_speed": 0.01,
      "max_hours": 9999.0
    }
  },
  "result": {
    "c_index": 0.937313680026499,
    "mean_brier": 0.18007647817285685,
    "hybrid_score": 0.8551405692869498,
    "std_c_index": 0.004374276547845102,
    "std_mean_brier": 0.008943889092975128,
    "std_hybrid": 0.006102080503913004
  }
}