{
  "trial_id": 191,
  "config": {
    "seed": 42,
    "cv_n_splits": 5,
    "cv_n_repeats": 10,
    "gbsa_config": {
      "loss": "coxph",
      "n_estimators": 330,
      "learning_rate": 0.0558786864474128,
      "subsample": 0.5931335737596171,
      "max_depth": 2,
      "max_features": 0.7,
      "max_leaf_nodes": 8,
      "min_samples_split": 14,
      "min_samples_leaf": 14,
      "min_weight_fraction_leaf": 0.0,
      "min_impurity_decrease": 0.03134315920746988,
      "criterion": "friedman_mse",
      "ccp_alpha": 0.002426740605852782,
      "dropout_rate": 0.0337663605769546,
      "validation_fraction": 0.16323414223648142,
      "n_iter_no_change": null,
      "tol": 2.7860486814141937e-05,
      "random_state": 42,
      "warm_start": false,
      "verbose": 0
    },
    "preprocessing_config": {
      "eps": 1e-06,
      "min_speed": 0.01,
      "max_hours": 9999.0
    }
  },
  "result": {
    "c_index": 0.9417439549519708,
    "mean_brier": 0.08980016795677057,
    "hybrid_score": 0.9196630689158518,
    "std_c_index": 0.0023761242169320477,
    "std_mean_brier": 0.0035535840672366818,
    "std_hybrid": 0.0026605519674808872
  }
}