{
  "trial_id": 243,
  "config": {
    "model_type": "coxnet",
    "model_params": {
      "l1_ratio": 0.9792247034680938,
      "alpha_min_ratio": 0.023815827056169653,
      "n_alphas": 259,
      "max_iter": 19417,
      "tol": 1.5112327230530386e-05
    },
    "seed": 1024,
    "cv_n_splits": 5,
    "cv_n_repeats": 10,
    "preprocessing_config": {
      "eps": 1e-06,
      "min_speed": 0.01,
      "max_hours": 9999.0
    }
  },
  "result": {
    "c_index": 0.9314342497515733,
    "mean_brier": 0.02742822601030585,
    "hybrid_score": 0.9602305167182579,
    "std_c_index": 0.004278423033897768,
    "std_mean_brier": 0.0021480595559340183,
    "std_hybrid": 0.002560822800809142
  }
}