{
  "trial_id": 141,
  "config": {
    "model_type": "coxnet",
    "model_params": {
      "l1_ratio": 0.9088139390104321,
      "alpha_min_ratio": 0.08648117591887462,
      "n_alphas": 198,
      "max_iter": 11440,
      "tol": 1.7895394368118126e-06
    },
    "seed": 2023,
    "cv_n_splits": 5,
    "cv_n_repeats": 10,
    "preprocessing_config": {
      "eps": 1e-06,
      "min_speed": 0.01,
      "max_hours": 9999.0
    }
  },
  "result": {
    "c_index": 0.9370238489566081,
    "mean_brier": 0.026044830552936504,
    "hybrid_score": 0.9628757732999269,
    "std_c_index": 0.002811175387195987,
    "std_mean_brier": 0.0007236388970003827,
    "std_hybrid": 0.0011750519598518476
  }
}