{
  "trial_id": 103,
  "config": {
    "model_type": "coxnet",
    "model_params": {
      "l1_ratio": 0.9344965602273972,
      "alpha_min_ratio": 0.09303020259389544,
      "n_alphas": 265,
      "max_iter": 15175,
      "tol": 5.2312179975573874e-06
    },
    "seed": 42,
    "cv_n_splits": 5,
    "cv_n_repeats": 10,
    "preprocessing_config": {
      "eps": 1e-06,
      "min_speed": 0.01,
      "max_hours": 9999.0
    }
  },
  "result": {
    "c_index": 0.9395660814839351,
    "mean_brier": 0.025755710214428223,
    "hybrid_score": 0.9638408272950807,
    "std_c_index": 0.002426399015808207,
    "std_mean_brier": 0.0007609542366727344,
    "std_hybrid": 0.0010969060742781092
  }
}