{
  "trial_id": 229,
  "config": {
    "model_type": "coxnet",
    "model_params": {
      "l1_ratio": 0.9782346301576694,
      "alpha_min_ratio": 0.016105700299794936,
      "n_alphas": 86,
      "max_iter": 16566,
      "tol": 1.547927942102426e-08
    },
    "seed": 1024,
    "cv_n_splits": 5,
    "cv_n_repeats": 10,
    "preprocessing_config": {
      "eps": 1e-06,
      "min_speed": 0.01,
      "max_hours": 9999.0
    }
  },
  "result": {
    "c_index": 0.9301010268300762,
    "mean_brier": 0.028884910115129996,
    "hybrid_score": 0.9588108709684319,
    "std_c_index": 0.005459291019752292,
    "std_mean_brier": 0.002564424962056633,
    "std_hybrid": 0.0031751864301924537
  }
}