{
  "trial_id": 65,
  "config": {
    "model_type": "coxnet",
    "model_params": {
      "l1_ratio": 0.25181758353508243,
      "alpha_min_ratio": 0.0001108824297156279,
      "n_alphas": 277,
      "max_iter": 8650,
      "tol": 2.3084259666191473e-08
    },
    "seed": 777,
    "cv_n_splits": 5,
    "cv_n_repeats": 10,
    "preprocessing_config": {
      "eps": 1e-06,
      "min_speed": 0.01,
      "max_hours": 9999.0
    }
  },
  "result": {
    "c_index": 0.9194435243458099,
    "mean_brier": 0.04307985075838707,
    "hybrid_score": 0.945677161772872,
    "std_c_index": 0.013446478844942086,
    "std_mean_brier": 0.00809676516280122,
    "std_hybrid": 0.008266272842643224
  }
}