{
  "trial_id": 75,
  "config": {
    "model_type": "gbsa",
    "model_params": {
      "loss": "coxph",
      "n_estimators": 280,
      "learning_rate": 0.0378831482701588,
      "subsample": 0.9946101352505853,
      "max_depth": 3,
      "max_features": 0.7,
      "max_leaf_nodes": 63,
      "min_samples_split": 17,
      "min_samples_leaf": 1,
      "min_weight_fraction_leaf": 0.0,
      "min_impurity_decrease": 0.03497393569517535,
      "criterion": "friedman_mse",
      "ccp_alpha": 8.657760528286748e-05,
      "dropout_rate": 0.004991441089561549,
      "validation_fraction": 0.17964107032679458,
      "n_iter_no_change": null,
      "tol": 0.0010674474671006195,
      "random_state": 1024,
      "warm_start": false,
      "verbose": 0
    },
    "seed": 1024,
    "cv_n_splits": 5,
    "cv_n_repeats": 10,
    "preprocessing_config": {
      "eps": 1e-06,
      "min_speed": 0.01,
      "max_hours": 9999.0
    }
  },
  "result": {
    "c_index": 0.9371770453792646,
    "mean_brier": 0.04977970986322461,
    "hybrid_score": 0.9463073167095221,
    "std_c_index": 0.0027165256188830885,
    "std_mean_brier": 0.004955765157176338,
    "std_hybrid": 0.0035076921979584797
  }
}