{
  "trial_id": 290,
  "config": {
    "model_type": "gbsa",
    "model_params": {
      "loss": "coxph",
      "n_estimators": 338,
      "learning_rate": 0.19226022869160111,
      "subsample": 0.717358174743937,
      "max_depth": 6,
      "max_features": null,
      "max_leaf_nodes": null,
      "min_samples_split": 20,
      "min_samples_leaf": 3,
      "min_weight_fraction_leaf": 0.0,
      "min_impurity_decrease": 0.03803630987671336,
      "criterion": "friedman_mse",
      "ccp_alpha": 0.028185087591036908,
      "dropout_rate": 0.10083330659492364,
      "validation_fraction": 0.23889309669401929,
      "n_iter_no_change": null,
      "tol": 0.0009679229929914131,
      "random_state": 1024,
      "warm_start": false,
      "verbose": 0
    },
    "seed": 1024,
    "cv_n_splits": 5,
    "cv_n_repeats": 10,
    "preprocessing_config": {
      "eps": 1e-06,
      "min_speed": 0.01,
      "max_hours": 9999.0
    }
  },
  "result": {
    "c_index": 0.9039831069890691,
    "mean_brier": 0.07872498969165949,
    "hybrid_score": 0.9160874393125591,
    "std_c_index": 0.006920142205750206,
    "std_mean_brier": 0.004068410970184916,
    "std_hybrid": 0.0026970385460338996
  }
}