{
  "trial_id": 133,
  "config": {
    "model_type": "coxnet",
    "model_params": {
      "l1_ratio": 0.9375909419046264,
      "alpha_min_ratio": 0.09771554967930249,
      "n_alphas": 291,
      "max_iter": 19107,
      "tol": 1.8591737020649608e-05
    },
    "seed": 42,
    "cv_n_splits": 5,
    "cv_n_repeats": 10,
    "preprocessing_config": {
      "eps": 1e-06,
      "min_speed": 0.01,
      "max_hours": 9999.0
    }
  },
  "result": {
    "c_index": 0.9396488903610466,
    "mean_brier": 0.025886883119275693,
    "hybrid_score": 0.9637738489248211,
    "std_c_index": 0.002488348197825219,
    "std_mean_brier": 0.0007543059652793434,
    "std_hybrid": 0.0010896008192300046
  }
}