{
  "trial_id": 223,
  "config": {
    "model_type": "gbsa",
    "model_params": {
      "loss": "coxph",
      "n_estimators": 332,
      "learning_rate": 0.03817401178742944,
      "subsample": 0.8499443656909008,
      "max_depth": 3,
      "max_features": 1.0,
      "max_leaf_nodes": 63,
      "min_samples_split": 17,
      "min_samples_leaf": 6,
      "min_weight_fraction_leaf": 0.0,
      "min_impurity_decrease": 0.006140909359394671,
      "criterion": "friedman_mse",
      "ccp_alpha": 0.0017529737375690324,
      "dropout_rate": 0.08404344865213448,
      "validation_fraction": 0.2518432731774319,
      "n_iter_no_change": 5,
      "tol": 0.0011906658696309122,
      "random_state": 1024,
      "warm_start": false,
      "verbose": 0
    },
    "seed": 1024,
    "cv_n_splits": 5,
    "cv_n_repeats": 10,
    "preprocessing_config": {
      "eps": 1e-06,
      "min_speed": 0.01,
      "max_hours": 9999.0
    }
  },
  "result": {
    "c_index": 0.9381997350115933,
    "mean_brier": 0.16738415487143363,
    "hybrid_score": 0.8642910120934744,
    "std_c_index": 0.0035627166068792826,
    "std_mean_brier": 0.01069989128975528,
    "std_hybrid": 0.008263233575472581
  }
}