{
  "trial_id": 251,
  "config": {
    "model_type": "coxnet",
    "model_params": {
      "l1_ratio": 0.8755739759264878,
      "alpha_min_ratio": 0.05062525350946203,
      "n_alphas": 243,
      "max_iter": 16587,
      "tol": 1.0887524826294783e-05
    },
    "seed": 42,
    "cv_n_splits": 5,
    "cv_n_repeats": 10,
    "preprocessing_config": {
      "eps": 1e-06,
      "min_speed": 0.01,
      "max_hours": 9999.0
    }
  },
  "result": {
    "c_index": 0.9377525670751904,
    "mean_brier": 0.025894347312511678,
    "hybrid_score": 0.9631997270037991,
    "std_c_index": 0.004385126866512372,
    "std_mean_brier": 0.0021318815967181766,
    "std_hybrid": 0.002688279049713149
  }
}