{
  "trial_id": 55,
  "config": {
    "model_type": "coxnet",
    "model_params": {
      "l1_ratio": 0.9847666433943538,
      "alpha_min_ratio": 0.003336682781087538,
      "n_alphas": 187,
      "max_iter": 6425,
      "tol": 1.1372842538811875e-07
    },
    "seed": 1024,
    "cv_n_splits": 5,
    "cv_n_repeats": 10,
    "preprocessing_config": {
      "eps": 1e-06,
      "min_speed": 0.01,
      "max_hours": 9999.0
    }
  },
  "result": {
    "c_index": 0.9269460086121232,
    "mean_brier": 0.03297042045533097,
    "hybrid_score": 0.9550045082649052,
    "std_c_index": 0.006858934871764164,
    "std_mean_brier": 0.0038017415282228548,
    "std_hybrid": 0.004386943302095569
  }
}