{
  "trial_id": 7,
  "config": {
    "model_type": "coxnet",
    "model_params": {
      "l1_ratio": 0.980557225759712,
      "alpha_min_ratio": 0.04511861525536707,
      "n_alphas": 77,
      "max_iter": 16575,
      "tol": 1.7000103346285007e-07
    },
    "seed": 2023,
    "cv_n_splits": 5,
    "cv_n_repeats": 10,
    "preprocessing_config": {
      "eps": 1e-06,
      "min_speed": 0.01,
      "max_hours": 9999.0
    }
  },
  "result": {
    "c_index": 0.9347797283868833,
    "mean_brier": 0.025737035480283898,
    "hybrid_score": 0.9624179936798661,
    "std_c_index": 0.003314052231663271,
    "std_mean_brier": 0.001023772589597428,
    "std_hybrid": 0.0014380786784447006
  }
}