{
  "trial_id": 202,
  "config": {
    "model_type": "coxnet",
    "model_params": {
      "l1_ratio": 0.9192001563758883,
      "alpha_min_ratio": 0.08017719452090022,
      "n_alphas": 276,
      "max_iter": 19587,
      "tol": 6.181606546736227e-07
    },
    "seed": 2023,
    "cv_n_splits": 5,
    "cv_n_repeats": 10,
    "preprocessing_config": {
      "eps": 1e-06,
      "min_speed": 0.01,
      "max_hours": 9999.0
    }
  },
  "result": {
    "c_index": 0.9366098045710499,
    "mean_brier": 0.025907726401133487,
    "hybrid_score": 0.9628475328905216,
    "std_c_index": 0.0026142567088099887,
    "std_mean_brier": 0.0007753229769524123,
    "std_hybrid": 0.0011872507369136021
  }
}