{
  "trial_id": 296,
  "config": {
    "model_type": "coxnet",
    "model_params": {
      "l1_ratio": 0.7948218490751655,
      "alpha_min_ratio": 0.04745999080225001,
      "n_alphas": 138,
      "max_iter": 852,
      "tol": 9.998216512348351e-05
    },
    "seed": 42,
    "cv_n_splits": 5,
    "cv_n_repeats": 10,
    "preprocessing_config": {
      "eps": 1e-06,
      "min_speed": 0.01,
      "max_hours": 9999.0
    }
  },
  "result": {
    "c_index": 0.9374130506790326,
    "mean_brier": 0.026488076259066056,
    "hybrid_score": 0.9626822618223636,
    "std_c_index": 0.004412524457317479,
    "std_mean_brier": 0.0019713908306785745,
    "std_hybrid": 0.0025242889736213758
  }
}