{
  "trial_id": 166,
  "config": {
    "model_type": "coxnet",
    "model_params": {
      "l1_ratio": 0.8724777414306318,
      "alpha_min_ratio": 0.0007790972906354886,
      "n_alphas": 227,
      "max_iter": 1224,
      "tol": 4.4839408245025915e-07
    },
    "seed": 42,
    "cv_n_splits": 5,
    "cv_n_repeats": 10,
    "preprocessing_config": {
      "eps": 1e-06,
      "min_speed": 0.01,
      "max_hours": 9999.0
    }
  },
  "result": {
    "c_index": 0.9259523020867839,
    "mean_brier": 0.036619687774274115,
    "hybrid_score": 0.9521519091840431,
    "std_c_index": 0.013603802409371243,
    "std_mean_brier": 0.00594044666808517,
    "std_hybrid": 0.007278871939168653
  }
}