{
  "trial_id": 168,
  "config": {
    "model_type": "gbsa",
    "model_params": {
      "loss": "coxph",
      "n_estimators": 286,
      "learning_rate": 0.19197216897539407,
      "subsample": 0.8000384292431263,
      "max_depth": 3,
      "max_features": 0.5,
      "max_leaf_nodes": 16,
      "min_samples_split": 15,
      "min_samples_leaf": 6,
      "min_weight_fraction_leaf": 0.0,
      "min_impurity_decrease": 0.04875886883493706,
      "criterion": "friedman_mse",
      "ccp_alpha": 0.0014009675564552076,
      "dropout_rate": 0.10060048191166295,
      "validation_fraction": 0.2431758342742144,
      "n_iter_no_change": null,
      "tol": 0.0012122069457303672,
      "random_state": 777,
      "warm_start": false,
      "verbose": 0
    },
    "seed": 777,
    "cv_n_splits": 5,
    "cv_n_repeats": 10,
    "preprocessing_config": {
      "eps": 1e-06,
      "min_speed": 0.01,
      "max_hours": 9999.0
    }
  },
  "result": {
    "c_index": 0.9411932759191786,
    "mean_brier": 0.07878319707124361,
    "hybrid_score": 0.9272097448258831,
    "std_c_index": 0.002579337013640301,
    "std_mean_brier": 0.006248214054522703,
    "std_hybrid": 0.00454381639627772
  }
}