{
  "trial_id": 199,
  "config": {
    "seed": 42,
    "cv_n_splits": 5,
    "cv_n_repeats": 10,
    "gbsa_config": {
      "loss": "coxph",
      "n_estimators": 403,
      "learning_rate": 0.029562969322884547,
      "subsample": 0.7507025061254975,
      "max_depth": 3,
      "max_features": 0.3,
      "max_leaf_nodes": null,
      "min_samples_split": 2,
      "min_samples_leaf": 11,
      "min_weight_fraction_leaf": 0.0,
      "min_impurity_decrease": 0.040948916856855956,
      "criterion": "friedman_mse",
      "ccp_alpha": 5.0116433263776736e-05,
      "dropout_rate": 0.14345970350388187,
      "validation_fraction": 0.1884102574263567,
      "n_iter_no_change": null,
      "tol": 0.00014611993212439154,
      "random_state": 42,
      "warm_start": false,
      "verbose": 0
    },
    "preprocessing_config": {
      "eps": 1e-06,
      "min_speed": 0.01,
      "max_hours": 9999.0
    }
  },
  "result": {
    "c_index": 0.9420420669095726,
    "mean_brier": 0.2075139426031109,
    "hybrid_score": 0.8373528602506941,
    "std_c_index": 0.0018576524833941812,
    "std_mean_brier": 0.009592452561360274,
    "std_hybrid": 0.00703417075562539
  }
}