{
  "trial_id": 78,
  "config": {
    "model_type": "gbsa",
    "model_params": {
      "loss": "coxph",
      "n_estimators": 257,
      "learning_rate": 0.13502419944003005,
      "subsample": 0.5840475328863796,
      "max_depth": 5,
      "max_features": null,
      "max_leaf_nodes": 8,
      "min_samples_split": 15,
      "min_samples_leaf": 15,
      "min_weight_fraction_leaf": 0.0,
      "min_impurity_decrease": 0.016879344330449454,
      "criterion": "friedman_mse",
      "ccp_alpha": 4.00859991035351e-06,
      "dropout_rate": 0.10729169636491019,
      "validation_fraction": 0.17703348465134752,
      "n_iter_no_change": 20,
      "tol": 0.005438873257115953,
      "random_state": 2023,
      "warm_start": false,
      "verbose": 0
    },
    "seed": 2023,
    "cv_n_splits": 5,
    "cv_n_repeats": 10,
    "preprocessing_config": {
      "eps": 1e-06,
      "min_speed": 0.01,
      "max_hours": 9999.0
    }
  },
  "result": {
    "c_index": 0.9199320967207683,
    "mean_brier": 0.11296740073257054,
    "hybrid_score": 0.896902448503431,
    "std_c_index": 0.008005477259772752,
    "std_mean_brier": 0.007997525819853515,
    "std_hybrid": 0.0065396399312044155
  }
}