{
  "trial_id": 239,
  "config": {
    "seed": 42,
    "cv_n_splits": 5,
    "cv_n_repeats": 10,
    "gbsa_config": {
      "loss": "coxph",
      "n_estimators": 220,
      "learning_rate": 0.0506819853611303,
      "subsample": 0.7414531036414551,
      "max_depth": 5,
      "max_features": "sqrt",
      "max_leaf_nodes": 8,
      "min_samples_split": 13,
      "min_samples_leaf": 13,
      "min_weight_fraction_leaf": 0.0,
      "min_impurity_decrease": 0.04093720547543596,
      "criterion": "friedman_mse",
      "ccp_alpha": 1.9373482058607718e-05,
      "dropout_rate": 0.11053103661677796,
      "validation_fraction": 0.1173637218933658,
      "n_iter_no_change": null,
      "tol": 1.587977961186184e-05,
      "random_state": 42,
      "warm_start": false,
      "verbose": 0
    },
    "preprocessing_config": {
      "eps": 1e-06,
      "min_speed": 0.01,
      "max_hours": 9999.0
    }
  },
  "result": {
    "c_index": 0.9424975157336867,
    "mean_brier": 0.17794424227515065,
    "hybrid_score": 0.8581882851275007,
    "std_c_index": 0.00199883545427394,
    "std_mean_brier": 0.007980235403216348,
    "std_hybrid": 0.005822284464060601
  }
}