{
  "trial_id": 67,
  "config": {
    "model_type": "coxnet",
    "model_params": {
      "l1_ratio": 0.9185299240070491,
      "alpha_min_ratio": 0.09600095686274604,
      "n_alphas": 153,
      "max_iter": 14928,
      "tol": 2.44717708829599e-06
    },
    "seed": 1024,
    "cv_n_splits": 5,
    "cv_n_repeats": 10,
    "preprocessing_config": {
      "eps": 1e-06,
      "min_speed": 0.01,
      "max_hours": 9999.0
    }
  },
  "result": {
    "c_index": 0.9368747929778072,
    "mean_brier": 0.026223920679769717,
    "hybrid_score": 0.9627056934175032,
    "std_c_index": 0.003472062755622934,
    "std_mean_brier": 0.0007318623787718647,
    "std_hybrid": 0.0014715537375941993
  }
}