{
  "trial_id": 23,
  "config": {
    "model_type": "gbsa",
    "model_params": {
      "loss": "coxph",
      "n_estimators": 358,
      "learning_rate": 0.17973720022523748,
      "subsample": 0.5287438748662316,
      "max_depth": 5,
      "max_features": 1.0,
      "max_leaf_nodes": 16,
      "min_samples_split": 11,
      "min_samples_leaf": 15,
      "min_weight_fraction_leaf": 0.0,
      "min_impurity_decrease": 0.021790744133420987,
      "criterion": "friedman_mse",
      "ccp_alpha": 0.02820765845960754,
      "dropout_rate": 0.08063174279665332,
      "validation_fraction": 0.16165486978138163,
      "n_iter_no_change": null,
      "tol": 0.008309326074480813,
      "random_state": 2023,
      "warm_start": false,
      "verbose": 0
    },
    "seed": 2023,
    "cv_n_splits": 5,
    "cv_n_repeats": 10,
    "preprocessing_config": {
      "eps": 1e-06,
      "min_speed": 0.01,
      "max_hours": 9999.0
    }
  },
  "result": {
    "c_index": 0.9112206028486254,
    "mean_brier": 0.07461833162666208,
    "hybrid_score": 0.9211333487159241,
    "std_c_index": 0.0059649930613203195,
    "std_mean_brier": 0.003787921196002822,
    "std_hybrid": 0.003900140071132192
  }
}