{
  "trial_id": 79,
  "config": {
    "model_type": "gbsa",
    "model_params": {
      "loss": "coxph",
      "n_estimators": 172,
      "learning_rate": 0.09252087911746704,
      "subsample": 0.6604669438902946,
      "max_depth": 6,
      "max_features": null,
      "max_leaf_nodes": 8,
      "min_samples_split": 19,
      "min_samples_leaf": 6,
      "min_weight_fraction_leaf": 0.0,
      "min_impurity_decrease": 0.04848195208276012,
      "criterion": "friedman_mse",
      "ccp_alpha": 9.870897226278027e-06,
      "dropout_rate": 0.1182366018064428,
      "validation_fraction": 0.241318642000509,
      "n_iter_no_change": null,
      "tol": 2.0648400210393718e-05,
      "random_state": 777,
      "warm_start": false,
      "verbose": 0
    },
    "seed": 777,
    "cv_n_splits": 5,
    "cv_n_repeats": 10,
    "preprocessing_config": {
      "eps": 1e-06,
      "min_speed": 0.01,
      "max_hours": 9999.0
    }
  },
  "result": {
    "c_index": 0.9396778734680357,
    "mean_brier": 0.13990765987920845,
    "hybrid_score": 0.8839680001249647,
    "std_c_index": 0.003402449889181625,
    "std_mean_brier": 0.009514358693926209,
    "std_hybrid": 0.006547331869112181
  }
}