{
  "trial_id": 224,
  "config": {
    "model_type": "coxnet",
    "model_params": {
      "l1_ratio": 0.7264061430375376,
      "alpha_min_ratio": 0.06236759492473848,
      "n_alphas": 66,
      "max_iter": 15031,
      "tol": 3.445358098562532e-07
    },
    "seed": 1024,
    "cv_n_splits": 5,
    "cv_n_repeats": 10,
    "preprocessing_config": {
      "eps": 1e-06,
      "min_speed": 0.01,
      "max_hours": 9999.0
    }
  },
  "result": {
    "c_index": 0.9363365352765817,
    "mean_brier": 0.026527781989148375,
    "hybrid_score": 0.9623315131905705,
    "std_c_index": 0.003387439811510647,
    "std_mean_brier": 0.0007632659317356385,
    "std_hybrid": 0.0014482898890708959
  }
}