{
  "trial_id": 7,
  "config": {
    "model_type": "gbsa",
    "model_params": {
      "loss": "coxph",
      "n_estimators": 148,
      "learning_rate": 0.0026555833866063264,
      "subsample": 0.5871456157809021,
      "max_depth": 6,
      "max_features": "log2",
      "max_leaf_nodes": null,
      "min_samples_split": 8,
      "min_samples_leaf": 2,
      "min_weight_fraction_leaf": 0.0,
      "min_impurity_decrease": 0.02438273141597962,
      "criterion": "friedman_mse",
      "ccp_alpha": 2.6740106643873906e-07,
      "dropout_rate": 0.39205016162575895,
      "validation_fraction": 0.13098328562141334,
      "n_iter_no_change": 5,
      "tol": 0.0003529398186112678,
      "random_state": 777,
      "warm_start": false,
      "verbose": 0
    },
    "seed": 777,
    "cv_n_splits": 5,
    "cv_n_repeats": 10,
    "preprocessing_config": {
      "eps": 1e-06,
      "min_speed": 0.01,
      "max_hours": 9999.0
    }
  },
  "result": {
    "c_index": 0.9360715468698244,
    "mean_brier": 0.23358369213051552,
    "hybrid_score": 0.8173128795695865,
    "std_c_index": 0.0023547443534056253,
    "std_mean_brier": 0.018671891272864068,
    "std_hybrid": 0.01307986714073877
  }
}