{
  "trial_id": 155,
  "config": {
    "seed": 42,
    "cv_n_splits": 5,
    "cv_n_repeats": 10,
    "gbsa_config": {
      "loss": "coxph",
      "n_estimators": 383,
      "learning_rate": 0.06708636261643405,
      "subsample": 0.5824071389294374,
      "max_depth": 4,
      "max_features": "sqrt",
      "max_leaf_nodes": 8,
      "min_samples_split": 2,
      "min_samples_leaf": 11,
      "min_weight_fraction_leaf": 0.0,
      "min_impurity_decrease": 0.031906031379210616,
      "criterion": "friedman_mse",
      "ccp_alpha": 2.6809919548279574e-06,
      "dropout_rate": 0.12523713932960157,
      "validation_fraction": 0.20052336691557052,
      "n_iter_no_change": 20,
      "tol": 0.0002568261869440935,
      "random_state": 42,
      "warm_start": false,
      "verbose": 0
    },
    "preprocessing_config": {
      "eps": 1e-06,
      "min_speed": 0.01,
      "max_hours": 9999.0
    }
  },
  "result": {
    "c_index": 0.9408371977475986,
    "mean_brier": 0.16765263287475424,
    "hybrid_score": 0.8648943163119516,
    "std_c_index": 0.0029154399657237385,
    "std_mean_brier": 0.009808357880010712,
    "std_hybrid": 0.0072432226180617005
  }
}