{
  "trial_id": 157,
  "config": {
    "model_type": "coxnet",
    "model_params": {
      "l1_ratio": 0.8595954310907692,
      "alpha_min_ratio": 0.001312723202734882,
      "n_alphas": 196,
      "max_iter": 19347,
      "tol": 1.026098163206417e-05
    },
    "seed": 777,
    "cv_n_splits": 5,
    "cv_n_repeats": 10,
    "preprocessing_config": {
      "eps": 1e-06,
      "min_speed": 0.01,
      "max_hours": 9999.0
    }
  },
  "result": {
    "c_index": 0.9171745611129515,
    "mean_brier": 0.04223013663769299,
    "hybrid_score": 0.9455912726875002,
    "std_c_index": 0.008224785111182738,
    "std_mean_brier": 0.007636713997539256,
    "std_hybrid": 0.006216690977555872
  }
}