{
  "trial_id": 44,
  "config": {
    "model_type": "coxnet",
    "model_params": {
      "l1_ratio": 0.5729268742605931,
      "alpha_min_ratio": 0.06832574567244284,
      "n_alphas": 203,
      "max_iter": 13020,
      "tol": 8.86904875923383e-07
    },
    "seed": 2023,
    "cv_n_splits": 5,
    "cv_n_repeats": 10,
    "preprocessing_config": {
      "eps": 1e-06,
      "min_speed": 0.01,
      "max_hours": 9999.0
    }
  },
  "result": {
    "c_index": 0.9363530970520039,
    "mean_brier": 0.027552934716422135,
    "hybrid_score": 0.9616188748141056,
    "std_c_index": 0.0024057938483688485,
    "std_mean_brier": 0.0007810632031032373,
    "std_hybrid": 0.0010198695124218494
  }
}