{
  "trial_id": 108,
  "config": {
    "model_type": "coxnet",
    "model_params": {
      "l1_ratio": 0.7203680036724401,
      "alpha_min_ratio": 0.08447528029005368,
      "n_alphas": 65,
      "max_iter": 10376,
      "tol": 1.781439769390047e-05
    },
    "seed": 777,
    "cv_n_splits": 5,
    "cv_n_repeats": 10,
    "preprocessing_config": {
      "eps": 1e-06,
      "min_speed": 0.01,
      "max_hours": 9999.0
    }
  },
  "result": {
    "c_index": 0.9365187148062273,
    "mean_brier": 0.027325327591401417,
    "hybrid_score": 0.9618278851278872,
    "std_c_index": 0.002701702276929901,
    "std_mean_brier": 0.000528926606089067,
    "std_hybrid": 0.0009942188133983802
  }
}