{
  "trial_id": 51,
  "config": {
    "model_type": "coxnet",
    "model_params": {
      "l1_ratio": 0.9402749414865523,
      "alpha_min_ratio": 0.07732832200429793,
      "n_alphas": 290,
      "max_iter": 18692,
      "tol": 9.503154838886647e-06
    },
    "seed": 42,
    "cv_n_splits": 5,
    "cv_n_repeats": 10,
    "preprocessing_config": {
      "eps": 1e-06,
      "min_speed": 0.01,
      "max_hours": 9999.0
    }
  },
  "result": {
    "c_index": 0.9393673401788671,
    "mean_brier": 0.025340687707990722,
    "hybrid_score": 0.9640717206580665,
    "std_c_index": 0.002240680294837732,
    "std_mean_brier": 0.0008242133408184963,
    "std_hybrid": 0.0010945724589968187
  }
}