{
  "trial_id": 275,
  "config": {
    "model_type": "coxnet",
    "model_params": {
      "l1_ratio": 0.9401173841520707,
      "alpha_min_ratio": 0.004213157681810314,
      "n_alphas": 72,
      "max_iter": 8947,
      "tol": 2.5277373420711167e-05
    },
    "seed": 42,
    "cv_n_splits": 5,
    "cv_n_repeats": 10,
    "preprocessing_config": {
      "eps": 1e-06,
      "min_speed": 0.01,
      "max_hours": 9999.0
    }
  },
  "result": {
    "c_index": 0.9256210665783371,
    "mean_brier": 0.03447352308495944,
    "hybrid_score": 0.9535548538140295,
    "std_c_index": 0.010737651826445744,
    "std_mean_brier": 0.004604376512448542,
    "std_hybrid": 0.0059125399031244
  }
}