{
  "trial_id": 97,
  "config": {
    "model_type": "coxnet",
    "model_params": {
      "l1_ratio": 0.9940589833987756,
      "alpha_min_ratio": 0.015465048502838977,
      "n_alphas": 118,
      "max_iter": 16938,
      "tol": 6.063897686251632e-07
    },
    "seed": 1024,
    "cv_n_splits": 5,
    "cv_n_repeats": 10,
    "preprocessing_config": {
      "eps": 1e-06,
      "min_speed": 0.01,
      "max_hours": 9999.0
    }
  },
  "result": {
    "c_index": 0.929836038423319,
    "mean_brier": 0.029104724442591507,
    "hybrid_score": 0.9585775044171816,
    "std_c_index": 0.005412312442937692,
    "std_mean_brier": 0.0025222960294899463,
    "std_hybrid": 0.0031349945352572716
  }
}