{
  "trial_id": 235,
  "config": {
    "model_type": "gbsa",
    "model_params": {
      "loss": "coxph",
      "n_estimators": 396,
      "learning_rate": 0.0795531431184415,
      "subsample": 0.5901151918261706,
      "max_depth": 6,
      "max_features": "log2",
      "max_leaf_nodes": 16,
      "min_samples_split": 6,
      "min_samples_leaf": 17,
      "min_weight_fraction_leaf": 0.0,
      "min_impurity_decrease": 0.04359200480881968,
      "criterion": "friedman_mse",
      "ccp_alpha": 0.00010454252010007884,
      "dropout_rate": 0.09405735146107211,
      "validation_fraction": 0.10878413883652206,
      "n_iter_no_change": 20,
      "tol": 0.00057521036038336,
      "random_state": 2023,
      "warm_start": false,
      "verbose": 0
    },
    "seed": 2023,
    "cv_n_splits": 5,
    "cv_n_repeats": 10,
    "preprocessing_config": {
      "eps": 1e-06,
      "min_speed": 0.01,
      "max_hours": 9999.0
    }
  },
  "result": {
    "c_index": 0.9198492878436568,
    "mean_brier": 0.15369881256731638,
    "hybrid_score": 0.8683656175559756,
    "std_c_index": 0.005085530399279838,
    "std_mean_brier": 0.007889405885236732,
    "std_hybrid": 0.00570887577453055
  }
}