{
  "trial_id": 261,
  "config": {
    "model_type": "gbsa",
    "model_params": {
      "loss": "coxph",
      "n_estimators": 130,
      "learning_rate": 0.04895059569546161,
      "subsample": 0.9326195060720601,
      "max_depth": 2,
      "max_features": "log2",
      "max_leaf_nodes": 16,
      "min_samples_split": 19,
      "min_samples_leaf": 5,
      "min_weight_fraction_leaf": 0.0,
      "min_impurity_decrease": 0.00023714559346653136,
      "criterion": "friedman_mse",
      "ccp_alpha": 6.442047203500007e-06,
      "dropout_rate": 0.03289747953103622,
      "validation_fraction": 0.2541149173137578,
      "n_iter_no_change": null,
      "tol": 0.0001071859352320605,
      "random_state": 1024,
      "warm_start": false,
      "verbose": 0
    },
    "seed": 1024,
    "cv_n_splits": 5,
    "cv_n_repeats": 10,
    "preprocessing_config": {
      "eps": 1e-06,
      "min_speed": 0.01,
      "max_hours": 9999.0
    }
  },
  "result": {
    "c_index": 0.9414292812189468,
    "mean_brier": 0.10813395717066328,
    "hybrid_score": 0.9067350143462196,
    "std_c_index": 0.0025452921869582403,
    "std_mean_brier": 0.007249763858436298,
    "std_hybrid": 0.005117548384042464
  }
}