{
  "trial_id": 274,
  "config": {
    "model_type": "coxnet",
    "model_params": {
      "l1_ratio": 0.8427254463141295,
      "alpha_min_ratio": 0.06863704875655498,
      "n_alphas": 300,
      "max_iter": 15972,
      "tol": 3.9278118251780776e-05
    },
    "seed": 1024,
    "cv_n_splits": 5,
    "cv_n_repeats": 10,
    "preprocessing_config": {
      "eps": 1e-06,
      "min_speed": 0.01,
      "max_hours": 9999.0
    }
  },
  "result": {
    "c_index": 0.9364690294799602,
    "mean_brier": 0.02613599965255553,
    "hybrid_score": 0.962645509087199,
    "std_c_index": 0.0034052073556347074,
    "std_mean_brier": 0.0008306104655740466,
    "std_hybrid": 0.0015301198726662974
  }
}