{
  "trial_id": 164,
  "config": {
    "model_type": "coxnet",
    "model_params": {
      "l1_ratio": 0.9489205478276816,
      "alpha_min_ratio": 0.0912616150378921,
      "n_alphas": 176,
      "max_iter": 14730,
      "tol": 3.640056616953177e-07
    },
    "seed": 1024,
    "cv_n_splits": 5,
    "cv_n_repeats": 10,
    "preprocessing_config": {
      "eps": 1e-06,
      "min_speed": 0.01,
      "max_hours": 9999.0
    }
  },
  "result": {
    "c_index": 0.9363779397151376,
    "mean_brier": 0.025976515197071354,
    "hybrid_score": 0.9627298212765913,
    "std_c_index": 0.003770860227525669,
    "std_mean_brier": 0.0007418459956089627,
    "std_hybrid": 0.0015693376263452418
  }
}