{
  "trial_id": 295,
  "config": {
    "model_type": "gbsa",
    "model_params": {
      "loss": "coxph",
      "n_estimators": 458,
      "learning_rate": 0.1685727347963856,
      "subsample": 0.5206103586243449,
      "max_depth": 1,
      "max_features": "log2",
      "max_leaf_nodes": 63,
      "min_samples_split": 17,
      "min_samples_leaf": 20,
      "min_weight_fraction_leaf": 0.0,
      "min_impurity_decrease": 0.008023645384412487,
      "criterion": "friedman_mse",
      "ccp_alpha": 9.004865603955255e-07,
      "dropout_rate": 0.0037930317250391378,
      "validation_fraction": 0.24968547766058422,
      "n_iter_no_change": null,
      "tol": 0.008104196602604294,
      "random_state": 2023,
      "warm_start": false,
      "verbose": 0
    },
    "seed": 2023,
    "cv_n_splits": 5,
    "cv_n_repeats": 10,
    "preprocessing_config": {
      "eps": 1e-06,
      "min_speed": 0.01,
      "max_hours": 9999.0
    }
  },
  "result": {
    "c_index": 0.9404686982444517,
    "mean_brier": 0.030091341939680615,
    "hybrid_score": 0.9610766701155591,
    "std_c_index": 0.002894629280736789,
    "std_mean_brier": 0.003640554705736174,
    "std_hybrid": 0.003072101950271398
  }
}