{
  "trial_id": 74,
  "config": {
    "model_type": "gbsa",
    "model_params": {
      "loss": "coxph",
      "n_estimators": 366,
      "learning_rate": 0.12734377252043186,
      "subsample": 0.971422302899612,
      "max_depth": 4,
      "max_features": 0.3,
      "max_leaf_nodes": 31,
      "min_samples_split": 12,
      "min_samples_leaf": 1,
      "min_weight_fraction_leaf": 0.0,
      "min_impurity_decrease": 0.04202684014983438,
      "criterion": "friedman_mse",
      "ccp_alpha": 3.9441219194221134e-05,
      "dropout_rate": 0.04868672893945622,
      "validation_fraction": 0.29178726388785575,
      "n_iter_no_change": 10,
      "tol": 0.00036864228320373376,
      "random_state": 1024,
      "warm_start": false,
      "verbose": 0
    },
    "seed": 1024,
    "cv_n_splits": 5,
    "cv_n_repeats": 10,
    "preprocessing_config": {
      "eps": 1e-06,
      "min_speed": 0.01,
      "max_hours": 9999.0
    }
  },
  "result": {
    "c_index": 0.936423484597549,
    "mean_brier": 0.0772120567998635,
    "hybrid_score": 0.9268786056193601,
    "std_c_index": 0.003829283853363415,
    "std_mean_brier": 0.007453040310561611,
    "std_hybrid": 0.005603561016545114
  }
}