{
  "trial_id": 159,
  "config": {
    "model_type": "coxnet",
    "model_params": {
      "l1_ratio": 0.9341520332316183,
      "alpha_min_ratio": 0.08449690972329103,
      "n_alphas": 243,
      "max_iter": 15591,
      "tol": 8.174472166436643e-05
    },
    "seed": 42,
    "cv_n_splits": 5,
    "cv_n_repeats": 10,
    "preprocessing_config": {
      "eps": 1e-06,
      "min_speed": 0.01,
      "max_hours": 9999.0
    }
  },
  "result": {
    "c_index": 0.9394418681682677,
    "mean_brier": 0.025543303757159658,
    "hybrid_score": 0.9639522478204684,
    "std_c_index": 0.002263895351630359,
    "std_mean_brier": 0.0007944980496999125,
    "std_hybrid": 0.0010948047036716882
  }
}