{
  "trial_id": 97,
  "config": {
    "model_type": "coxnet",
    "model_params": {
      "l1_ratio": 0.31761591167409853,
      "alpha_min_ratio": 0.0008034009253023826,
      "n_alphas": 50,
      "max_iter": 13205,
      "tol": 8.556424788970457e-06
    },
    "seed": 2023,
    "cv_n_splits": 5,
    "cv_n_repeats": 10,
    "preprocessing_config": {
      "eps": 1e-06,
      "min_speed": 0.01,
      "max_hours": 9999.0
    }
  },
  "result": {
    "c_index": 0.914052666445843,
    "mean_brier": 0.044254657017901836,
    "hybrid_score": 0.9432375400212216,
    "std_c_index": 0.018991903195634496,
    "std_mean_brier": 0.008947539347430764,
    "std_hybrid": 0.011466710855538107
  }
}