{
  "trial_id": 283,
  "config": {
    "model_type": "gbsa",
    "model_params": {
      "loss": "coxph",
      "n_estimators": 145,
      "learning_rate": 0.09269556075094759,
      "subsample": 0.5026837918272026,
      "max_depth": 2,
      "max_features": "sqrt",
      "max_leaf_nodes": 63,
      "min_samples_split": 13,
      "min_samples_leaf": 6,
      "min_weight_fraction_leaf": 0.0,
      "min_impurity_decrease": 0.007969900995386584,
      "criterion": "friedman_mse",
      "ccp_alpha": 9.136635276565279e-06,
      "dropout_rate": 0.006597017472396558,
      "validation_fraction": 0.1167614361572972,
      "n_iter_no_change": null,
      "tol": 2.6781286505433964e-05,
      "random_state": 777,
      "warm_start": false,
      "verbose": 0
    },
    "seed": 777,
    "cv_n_splits": 5,
    "cv_n_repeats": 10,
    "preprocessing_config": {
      "eps": 1e-06,
      "min_speed": 0.01,
      "max_hours": 9999.0
    }
  },
  "result": {
    "c_index": 0.9398807552169591,
    "mean_brier": 0.04177143970070562,
    "hybrid_score": 0.9527242187745939,
    "std_c_index": 0.002477909499769631,
    "std_mean_brier": 0.0021789507565950646,
    "std_hybrid": 0.0013251961076484675
  }
}