{
  "trial_id": 219,
  "config": {
    "model_type": "coxnet",
    "model_params": {
      "l1_ratio": 0.9916535646554863,
      "alpha_min_ratio": 0.07098446338086578,
      "n_alphas": 99,
      "max_iter": 13828,
      "tol": 3.9679191766563244e-07
    },
    "seed": 777,
    "cv_n_splits": 5,
    "cv_n_repeats": 10,
    "preprocessing_config": {
      "eps": 1e-06,
      "min_speed": 0.01,
      "max_hours": 9999.0
    }
  },
  "result": {
    "c_index": 0.9362288837363366,
    "mean_brier": 0.025360742865720848,
    "hybrid_score": 0.9631161451148962,
    "std_c_index": 0.0035995581554793153,
    "std_mean_brier": 0.0005013765771265806,
    "std_hybrid": 0.0013217931188544165
  }
}