{
  "trial_id": 208,
  "config": {
    "model_type": "coxnet",
    "model_params": {
      "l1_ratio": 0.9958328203962195,
      "alpha_min_ratio": 0.0280488077935725,
      "n_alphas": 290,
      "max_iter": 17226,
      "tol": 6.8322033804642685e-06
    },
    "seed": 42,
    "cv_n_splits": 5,
    "cv_n_repeats": 10,
    "preprocessing_config": {
      "eps": 1e-06,
      "min_speed": 0.01,
      "max_hours": 9999.0
    }
  },
  "result": {
    "c_index": 0.9336949320967207,
    "mean_brier": 0.02634896683187594,
    "hybrid_score": 0.9616642028467031,
    "std_c_index": 0.005490927949448909,
    "std_mean_brier": 0.0029324288661211097,
    "std_hybrid": 0.003662375709094895
  }
}