{
  "trial_id": 93,
  "config": {
    "model_type": "coxnet",
    "model_params": {
      "l1_ratio": 0.6260626922725115,
      "alpha_min_ratio": 0.08657651018014388,
      "n_alphas": 172,
      "max_iter": 10355,
      "tol": 3.2568800869934386e-05
    },
    "seed": 42,
    "cv_n_splits": 5,
    "cv_n_repeats": 10,
    "preprocessing_config": {
      "eps": 1e-06,
      "min_speed": 0.01,
      "max_hours": 9999.0
    }
  },
  "result": {
    "c_index": 0.938439880755217,
    "mean_brier": 0.027902682172650472,
    "hybrid_score": 0.9620000867057096,
    "std_c_index": 0.002281741471322644,
    "std_mean_brier": 0.000770249576753739,
    "std_hybrid": 0.0010329276999392974
  }
}