{
  "trial_id": 178,
  "config": {
    "model_type": "coxnet",
    "model_params": {
      "l1_ratio": 0.8333861342379176,
      "alpha_min_ratio": 0.057465501476479997,
      "n_alphas": 144,
      "max_iter": 13006,
      "tol": 2.2446369681599647e-08
    },
    "seed": 1024,
    "cv_n_splits": 5,
    "cv_n_repeats": 10,
    "preprocessing_config": {
      "eps": 1e-06,
      "min_speed": 0.01,
      "max_hours": 9999.0
    }
  },
  "result": {
    "c_index": 0.9362288837363366,
    "mean_brier": 0.025983208144960968,
    "hybrid_score": 0.9626804194194284,
    "std_c_index": 0.003192698378002031,
    "std_mean_brier": 0.0008598494683625146,
    "std_hybrid": 0.001424486929135364
  }
}