{
  "trial_id": 236,
  "config": {
    "model_type": "coxnet",
    "model_params": {
      "l1_ratio": 0.9290233628682828,
      "alpha_min_ratio": 0.03491284225531551,
      "n_alphas": 252,
      "max_iter": 1902,
      "tol": 2.2402846401936552e-05
    },
    "seed": 42,
    "cv_n_splits": 5,
    "cv_n_repeats": 10,
    "preprocessing_config": {
      "eps": 1e-06,
      "min_speed": 0.01,
      "max_hours": 9999.0
    }
  },
  "result": {
    "c_index": 0.9359224908910235,
    "mean_brier": 0.02607827526442375,
    "hybrid_score": 0.9625219545822103,
    "std_c_index": 0.004997678673104274,
    "std_mean_brier": 0.002953295284340346,
    "std_hybrid": 0.003467882339410259
  }
}