{
  "trial_id": 212,
  "config": {
    "model_type": "coxnet",
    "model_params": {
      "l1_ratio": 0.9888986298294412,
      "alpha_min_ratio": 0.037061223139797955,
      "n_alphas": 68,
      "max_iter": 9573,
      "tol": 6.725589382195803e-06
    },
    "seed": 777,
    "cv_n_splits": 5,
    "cv_n_repeats": 10,
    "preprocessing_config": {
      "eps": 1e-06,
      "min_speed": 0.01,
      "max_hours": 9999.0
    }
  },
  "result": {
    "c_index": 0.9331815170586287,
    "mean_brier": 0.02699644561684964,
    "hybrid_score": 0.9610569431857938,
    "std_c_index": 0.0034228125542339173,
    "std_mean_brier": 0.0023223069889727645,
    "std_hybrid": 0.0021569225113506536
  }
}