{
  "trial_id": 46,
  "config": {
    "model_type": "coxnet",
    "model_params": {
      "l1_ratio": 0.6850737628697265,
      "alpha_min_ratio": 0.000993687184277073,
      "n_alphas": 165,
      "max_iter": 5027,
      "tol": 3.3383132260510936e-05
    },
    "seed": 42,
    "cv_n_splits": 5,
    "cv_n_repeats": 10,
    "preprocessing_config": {
      "eps": 1e-06,
      "min_speed": 0.01,
      "max_hours": 9999.0
    }
  },
  "result": {
    "c_index": 0.9263415038092082,
    "mean_brier": 0.03722760745079563,
    "hybrid_score": 0.9518431259272055,
    "std_c_index": 0.011990613887765405,
    "std_mean_brier": 0.00604208384794716,
    "std_hybrid": 0.006870341780745405
  }
}