{
  "trial_id": 181,
  "config": {
    "model_type": "coxnet",
    "model_params": {
      "l1_ratio": 0.8965388657493768,
      "alpha_min_ratio": 0.019879163172931185,
      "n_alphas": 297,
      "max_iter": 18670,
      "tol": 5.3761839898468295e-05
    },
    "seed": 42,
    "cv_n_splits": 5,
    "cv_n_repeats": 10,
    "preprocessing_config": {
      "eps": 1e-06,
      "min_speed": 0.01,
      "max_hours": 9999.0
    }
  },
  "result": {
    "c_index": 0.9296869824445182,
    "mean_brier": 0.027798330396414585,
    "hybrid_score": 0.9594472634558651,
    "std_c_index": 0.008854468663841191,
    "std_mean_brier": 0.0031256500297577833,
    "std_hybrid": 0.004790481131134449
  }
}