{
  "trial_id": 87,
  "config": {
    "seed": 42,
    "cv_n_splits": 5,
    "cv_n_repeats": 10,
    "gbsa_config": {
      "loss": "coxph",
      "n_estimators": 443,
      "learning_rate": 0.19992804104885648,
      "subsample": 0.6392931813550788,
      "max_depth": 4,
      "max_features": "sqrt",
      "max_leaf_nodes": null,
      "min_samples_split": 8,
      "min_samples_leaf": 12,
      "min_weight_fraction_leaf": 0.0,
      "min_impurity_decrease": 0.04760633840845346,
      "criterion": "friedman_mse",
      "ccp_alpha": 0.00013207225059873388,
      "dropout_rate": 0.11495200079385423,
      "validation_fraction": 0.1518420805664404,
      "n_iter_no_change": null,
      "tol": 0.000231399195552651,
      "random_state": 42,
      "warm_start": false,
      "verbose": 0
    },
    "preprocessing_config": {
      "eps": 1e-06,
      "min_speed": 0.01,
      "max_hours": 9999.0
    }
  },
  "result": {
    "c_index": 0.9444186816826763,
    "mean_brier": 0.09059838891882131,
    "hybrid_score": 0.9199067322616281,
    "std_c_index": 0.0015232332241240402,
    "std_mean_brier": 0.003978199025488807,
    "std_hybrid": 0.002790614996034071
  }
}