{
  "trial_id": 115,
  "config": {
    "model_type": "coxnet",
    "model_params": {
      "l1_ratio": 0.8910789684217737,
      "alpha_min_ratio": 0.03153959497483971,
      "n_alphas": 255,
      "max_iter": 19055,
      "tol": 4.685163313280395e-05
    },
    "seed": 42,
    "cv_n_splits": 5,
    "cv_n_repeats": 10,
    "preprocessing_config": {
      "eps": 1e-06,
      "min_speed": 0.01,
      "max_hours": 9999.0
    }
  },
  "result": {
    "c_index": 0.9347052003974825,
    "mean_brier": 0.02633133101336017,
    "hybrid_score": 0.9619796284098927,
    "std_c_index": 0.006072465920072338,
    "std_mean_brier": 0.002997338890399177,
    "std_hybrid": 0.003882401618902806
  }
}