{
  "trial_id": 76,
  "config": {
    "model_type": "coxnet",
    "model_params": {
      "l1_ratio": 0.8713880210225017,
      "alpha_min_ratio": 0.016281032135161386,
      "n_alphas": 119,
      "max_iter": 18152,
      "tol": 3.2227251972919074e-05
    },
    "seed": 1024,
    "cv_n_splits": 5,
    "cv_n_repeats": 10,
    "preprocessing_config": {
      "eps": 1e-06,
      "min_speed": 0.01,
      "max_hours": 9999.0
    }
  },
  "result": {
    "c_index": 0.9289334216628025,
    "mean_brier": 0.02910913668023708,
    "hybrid_score": 0.9583036308226746,
    "std_c_index": 0.006634825831055352,
    "std_mean_brier": 0.00334148619791802,
    "std_hybrid": 0.004101192634610759
  }
}