{
  "trial_id": 93,
  "config": {
    "model_type": "coxnet",
    "model_params": {
      "l1_ratio": 0.995913408064484,
      "alpha_min_ratio": 0.05243384168088146,
      "n_alphas": 107,
      "max_iter": 1637,
      "tol": 5.080967030834118e-07
    },
    "seed": 42,
    "cv_n_splits": 5,
    "cv_n_repeats": 10,
    "preprocessing_config": {
      "eps": 1e-06,
      "min_speed": 0.01,
      "max_hours": 9999.0
    }
  },
  "result": {
    "c_index": 0.9377442861874792,
    "mean_brier": 0.025516615383374706,
    "hybrid_score": 0.9634616550878814,
    "std_c_index": 0.004652473627994196,
    "std_mean_brier": 0.002281062937079717,
    "std_hybrid": 0.002911353652403725
  }
}