{
  "trial_id": 53,
  "config": {
    "model_type": "gbsa",
    "model_params": {
      "loss": "coxph",
      "n_estimators": 441,
      "learning_rate": 0.017471315889172615,
      "subsample": 0.5635669725049824,
      "max_depth": 5,
      "max_features": 0.3,
      "max_leaf_nodes": 8,
      "min_samples_split": 5,
      "min_samples_leaf": 15,
      "min_weight_fraction_leaf": 0.0,
      "min_impurity_decrease": 0.030583063337455176,
      "criterion": "friedman_mse",
      "ccp_alpha": 0.0003833403682045604,
      "dropout_rate": 0.06190430551735488,
      "validation_fraction": 0.23495978536040488,
      "n_iter_no_change": null,
      "tol": 0.0005270709983707597,
      "random_state": 2023,
      "warm_start": false,
      "verbose": 0
    },
    "seed": 2023,
    "cv_n_splits": 5,
    "cv_n_repeats": 10,
    "preprocessing_config": {
      "eps": 1e-06,
      "min_speed": 0.01,
      "max_hours": 9999.0
    }
  },
  "result": {
    "c_index": 0.9362909903941702,
    "mean_brier": 0.19993067252105684,
    "hybrid_score": 0.8409358263535113,
    "std_c_index": 0.00574699125731311,
    "std_mean_brier": 0.009898838196939621,
    "std_hybrid": 0.007079830220714448
  }
}