{
  "trial_id": 238,
  "config": {
    "model_type": "gbsa",
    "model_params": {
      "loss": "coxph",
      "n_estimators": 235,
      "learning_rate": 0.10867390790843341,
      "subsample": 0.8529195583235647,
      "max_depth": 6,
      "max_features": "sqrt",
      "max_leaf_nodes": 8,
      "min_samples_split": 8,
      "min_samples_leaf": 14,
      "min_weight_fraction_leaf": 0.0,
      "min_impurity_decrease": 0.04809466316316511,
      "criterion": "friedman_mse",
      "ccp_alpha": 1.0068262543512053e-06,
      "dropout_rate": 0.014231789458841501,
      "validation_fraction": 0.1379565155260078,
      "n_iter_no_change": null,
      "tol": 1.801940822472708e-05,
      "random_state": 42,
      "warm_start": false,
      "verbose": 0
    },
    "seed": 42,
    "cv_n_splits": 5,
    "cv_n_repeats": 10,
    "preprocessing_config": {
      "eps": 1e-06,
      "min_speed": 0.01,
      "max_hours": 9999.0
    }
  },
  "result": {
    "c_index": 0.9437976151043392,
    "mean_brier": 0.035569566813091494,
    "hybrid_score": 0.9582405877621376,
    "std_c_index": 0.0011983277156132031,
    "std_mean_brier": 0.0011596799234925314,
    "std_hybrid": 0.0009580117372051319
  }
}