{
  "trial_id": 50,
  "config": {
    "model_type": "gbsa",
    "model_params": {
      "loss": "coxph",
      "n_estimators": 146,
      "learning_rate": 0.19634943534032412,
      "subsample": 0.9151270072493392,
      "max_depth": 6,
      "max_features": 1.0,
      "max_leaf_nodes": 31,
      "min_samples_split": 3,
      "min_samples_leaf": 13,
      "min_weight_fraction_leaf": 0.0,
      "min_impurity_decrease": 0.020679692659010842,
      "criterion": "friedman_mse",
      "ccp_alpha": 0.0749621500306928,
      "dropout_rate": 0.026038128855052335,
      "validation_fraction": 0.2850317835694136,
      "n_iter_no_change": 5,
      "tol": 5.0740017995781926e-05,
      "random_state": 42,
      "warm_start": false,
      "verbose": 0
    },
    "seed": 42,
    "cv_n_splits": 5,
    "cv_n_repeats": 10,
    "preprocessing_config": {
      "eps": 1e-06,
      "min_speed": 0.01,
      "max_hours": 9999.0
    }
  },
  "result": {
    "c_index": 0.9019791321629679,
    "mean_brier": 0.057038929526765744,
    "hybrid_score": 0.9306664889801542,
    "std_c_index": 0.005920579911453642,
    "std_mean_brier": 0.0023844570222746786,
    "std_hybrid": 0.0029318457105566467
  }
}