{
  "trial_id": 123,
  "config": {
    "model_type": "coxnet",
    "model_params": {
      "l1_ratio": 0.980524952177619,
      "alpha_min_ratio": 0.06446706529325434,
      "n_alphas": 255,
      "max_iter": 19747,
      "tol": 8.345352729650471e-05
    },
    "seed": 1024,
    "cv_n_splits": 5,
    "cv_n_repeats": 10,
    "preprocessing_config": {
      "eps": 1e-06,
      "min_speed": 0.01,
      "max_hours": 9999.0
    }
  },
  "result": {
    "c_index": 0.9361377939715136,
    "mean_brier": 0.02566561359391,
    "hybrid_score": 0.9628754086757171,
    "std_c_index": 0.003294877706837942,
    "std_mean_brier": 0.0008036660745868916,
    "std_hybrid": 0.0014379825358308417
  }
}