{
  "trial_id": 7,
  "config": {
    "model_type": "coxnet",
    "model_params": {
      "l1_ratio": 0.8083973481164611,
      "alpha_min_ratio": 0.0008200518402245837,
      "n_alphas": 74,
      "max_iter": 1400,
      "tol": 5.762487216478601e-07
    },
    "seed": 42,
    "cv_n_splits": 5,
    "cv_n_repeats": 10,
    "preprocessing_config": {
      "eps": 1e-06,
      "min_speed": 0.01,
      "max_hours": 9999.0
    }
  },
  "result": {
    "c_index": 0.925919178535939,
    "mean_brier": 0.03667562854931979,
    "hybrid_score": 0.9521028135762577,
    "std_c_index": 0.011831368850191901,
    "std_mean_brier": 0.005681977738606374,
    "std_hybrid": 0.0064331832689412905
  }
}