{
  "trial_id": 63,
  "config": {
    "model_type": "coxnet",
    "model_params": {
      "l1_ratio": 0.836686678412033,
      "alpha_min_ratio": 0.00032305368603018043,
      "n_alphas": 184,
      "max_iter": 5499,
      "tol": 3.05086416899901e-05
    },
    "seed": 777,
    "cv_n_splits": 5,
    "cv_n_repeats": 10,
    "preprocessing_config": {
      "eps": 1e-06,
      "min_speed": 0.01,
      "max_hours": 9999.0
    }
  },
  "result": {
    "c_index": 0.9179115601192448,
    "mean_brier": 0.04420317130640579,
    "hybrid_score": 0.9444312481212893,
    "std_c_index": 0.014012233460732047,
    "std_mean_brier": 0.00950182668412552,
    "std_hybrid": 0.00925007798116414
  }
}