{
  "trial_id": 4,
  "config": {
    "model_type": "coxnet",
    "model_params": {
      "l1_ratio": 0.6118528947223795,
      "alpha_min_ratio": 0.00026210878782654407,
      "n_alphas": 123,
      "max_iter": 796,
      "tol": 6.672367170464194e-07
    },
    "seed": 42,
    "cv_n_splits": 5,
    "cv_n_repeats": 10,
    "preprocessing_config": {
      "eps": 1e-06,
      "min_speed": 0.01,
      "max_hours": 9999.0
    }
  },
  "result": {
    "c_index": 0.9276250414044384,
    "mean_brier": 0.038303902901150884,
    "hybrid_score": 0.951474780390526,
    "std_c_index": 0.012656220102833285,
    "std_mean_brier": 0.006920837158981297,
    "std_hybrid": 0.0074836789265845
  }
}