{
  "trial_id": 154,
  "config": {
    "model_type": "gbsa",
    "model_params": {
      "loss": "coxph",
      "n_estimators": 460,
      "learning_rate": 0.08616681033336818,
      "subsample": 0.6356144521399425,
      "max_depth": 5,
      "max_features": "sqrt",
      "max_leaf_nodes": null,
      "min_samples_split": 4,
      "min_samples_leaf": 19,
      "min_weight_fraction_leaf": 0.0,
      "min_impurity_decrease": 0.009314419062014407,
      "criterion": "friedman_mse",
      "ccp_alpha": 0.0005351845515630147,
      "dropout_rate": 0.12233054990422083,
      "validation_fraction": 0.18496952894589658,
      "n_iter_no_change": null,
      "tol": 2.643334491799458e-05,
      "random_state": 42,
      "warm_start": false,
      "verbose": 0
    },
    "seed": 42,
    "cv_n_splits": 5,
    "cv_n_repeats": 10,
    "preprocessing_config": {
      "eps": 1e-06,
      "min_speed": 0.01,
      "max_hours": 9999.0
    }
  },
  "result": {
    "c_index": 0.9292480953958264,
    "mean_brier": 0.1561806938656122,
    "hybrid_score": 0.8694479429128193,
    "std_c_index": 0.0037502823048318657,
    "std_mean_brier": 0.006513464368874365,
    "std_hybrid": 0.004610005869147859
  }
}