{
  "trial_id": 217,
  "config": {
    "model_type": "gbsa",
    "model_params": {
      "loss": "coxph",
      "n_estimators": 353,
      "learning_rate": 0.07099269368410789,
      "subsample": 0.6677242430314363,
      "max_depth": 1,
      "max_features": "log2",
      "max_leaf_nodes": 16,
      "min_samples_split": 16,
      "min_samples_leaf": 7,
      "min_weight_fraction_leaf": 0.0,
      "min_impurity_decrease": 0.02881891473631889,
      "criterion": "friedman_mse",
      "ccp_alpha": 0.0003969785071575063,
      "dropout_rate": 0.08301971963085514,
      "validation_fraction": 0.17794308663509595,
      "n_iter_no_change": null,
      "tol": 1.3161004820609811e-05,
      "random_state": 777,
      "warm_start": false,
      "verbose": 0
    },
    "seed": 777,
    "cv_n_splits": 5,
    "cv_n_repeats": 10,
    "preprocessing_config": {
      "eps": 1e-06,
      "min_speed": 0.01,
      "max_hours": 9999.0
    }
  },
  "result": {
    "c_index": 0.9405887711162638,
    "mean_brier": 0.15545966903264521,
    "hybrid_score": 0.8733548630120274,
    "std_c_index": 0.002237253886411099,
    "std_mean_brier": 0.00992127711779228,
    "std_hybrid": 0.006695728523020964
  }
}