{
  "trial_id": 134,
  "config": {
    "model_type": "coxnet",
    "model_params": {
      "l1_ratio": 0.83746443503414,
      "alpha_min_ratio": 0.057733538177241805,
      "n_alphas": 170,
      "max_iter": 15680,
      "tol": 2.5749308956247874e-05
    },
    "seed": 777,
    "cv_n_splits": 5,
    "cv_n_repeats": 10,
    "preprocessing_config": {
      "eps": 1e-06,
      "min_speed": 0.01,
      "max_hours": 9999.0
    }
  },
  "result": {
    "c_index": 0.936402782378271,
    "mean_brier": 0.025914538595706027,
    "hybrid_score": 0.9627806576964872,
    "std_c_index": 0.002949902804000794,
    "std_mean_brier": 0.00048552398825897077,
    "std_hybrid": 0.0010546855993478267
  }
}