{
  "trial_id": 187,
  "config": {
    "seed": 42,
    "cv_n_splits": 5,
    "cv_n_repeats": 10,
    "gbsa_config": {
      "loss": "coxph",
      "n_estimators": 404,
      "learning_rate": 0.09809928891603621,
      "subsample": 0.9408916781602563,
      "max_depth": 4,
      "max_features": 0.3,
      "max_leaf_nodes": null,
      "min_samples_split": 10,
      "min_samples_leaf": 13,
      "min_weight_fraction_leaf": 0.0,
      "min_impurity_decrease": 0.0300257020083304,
      "criterion": "friedman_mse",
      "ccp_alpha": 0.0005804999478515464,
      "dropout_rate": 0.03802125191245104,
      "validation_fraction": 0.1036320934578471,
      "n_iter_no_change": null,
      "tol": 0.0019815517037557575,
      "random_state": 42,
      "warm_start": false,
      "verbose": 0
    },
    "preprocessing_config": {
      "eps": 1e-06,
      "min_speed": 0.01,
      "max_hours": 9999.0
    }
  },
  "result": {
    "c_index": 0.9444890692282211,
    "mean_brier": 0.06574686700188191,
    "hybrid_score": 0.937323913867149,
    "std_c_index": 0.0015314102021399502,
    "std_mean_brier": 0.002883983430172286,
    "std_hybrid": 0.002202810003608284
  }
}