{
  "trial_id": 185,
  "config": {
    "model_type": "gbsa",
    "model_params": {
      "loss": "coxph",
      "n_estimators": 225,
      "learning_rate": 0.04450750303377763,
      "subsample": 0.8987734443659158,
      "max_depth": 1,
      "max_features": 0.7,
      "max_leaf_nodes": 31,
      "min_samples_split": 12,
      "min_samples_leaf": 18,
      "min_weight_fraction_leaf": 0.0,
      "min_impurity_decrease": 0.035846886563390745,
      "criterion": "friedman_mse",
      "ccp_alpha": 4.92864170039131e-08,
      "dropout_rate": 0.04502650123958242,
      "validation_fraction": 0.22038259929031326,
      "n_iter_no_change": null,
      "tol": 1.3902580669585982e-05,
      "random_state": 2023,
      "warm_start": false,
      "verbose": 0
    },
    "seed": 2023,
    "cv_n_splits": 5,
    "cv_n_repeats": 10,
    "preprocessing_config": {
      "eps": 1e-06,
      "min_speed": 0.01,
      "max_hours": 9999.0
    }
  },
  "result": {
    "c_index": 0.9010475322954621,
    "mean_brier": 0.13228664476428925,
    "hybrid_score": 0.8777136083536361,
    "std_c_index": 0.006429229436525577,
    "std_mean_brier": 0.006247439212485786,
    "std_hybrid": 0.003873240122217356
  }
}