{
  "trial_id": 236,
  "config": {
    "model_type": "gbsa",
    "model_params": {
      "loss": "coxph",
      "n_estimators": 276,
      "learning_rate": 0.04442646987782774,
      "subsample": 0.5068325384347285,
      "max_depth": 2,
      "max_features": 0.3,
      "max_leaf_nodes": 8,
      "min_samples_split": 11,
      "min_samples_leaf": 5,
      "min_weight_fraction_leaf": 0.0,
      "min_impurity_decrease": 0.03182272168291729,
      "criterion": "friedman_mse",
      "ccp_alpha": 0.0033017624763872146,
      "dropout_rate": 0.004995952170986662,
      "validation_fraction": 0.20126010040054262,
      "n_iter_no_change": null,
      "tol": 4.0695925761665836e-05,
      "random_state": 1024,
      "warm_start": false,
      "verbose": 0
    },
    "seed": 1024,
    "cv_n_splits": 5,
    "cv_n_repeats": 10,
    "preprocessing_config": {
      "eps": 1e-06,
      "min_speed": 0.01,
      "max_hours": 9999.0
    }
  },
  "result": {
    "c_index": 0.9412388208015898,
    "mean_brier": 0.04428772745161071,
    "hybrid_score": 0.9513702370243495,
    "std_c_index": 0.0021338997674964478,
    "std_mean_brier": 0.002654321308464463,
    "std_hybrid": 0.0020700781132626735
  }
}