{
  "trial_id": 73,
  "config": {
    "model_type": "coxnet",
    "model_params": {
      "l1_ratio": 0.9851958809440908,
      "alpha_min_ratio": 0.081871480063751,
      "n_alphas": 122,
      "max_iter": 16096,
      "tol": 4.047378085489028e-07
    },
    "seed": 777,
    "cv_n_splits": 5,
    "cv_n_repeats": 10,
    "preprocessing_config": {
      "eps": 1e-06,
      "min_speed": 0.01,
      "max_hours": 9999.0
    }
  },
  "result": {
    "c_index": 0.9358893673401789,
    "mean_brier": 0.025575909355839244,
    "hybrid_score": 0.9628636736529662,
    "std_c_index": 0.0035563110815252158,
    "std_mean_brier": 0.0005227707243546304,
    "std_hybrid": 0.0013147189097877092
  }
}