{
  "trial_id": 8,
  "config": {
    "model_type": "coxnet",
    "model_params": {
      "l1_ratio": 0.12203823484477883,
      "alpha_min_ratio": 0.0030586566669785274,
      "n_alphas": 58,
      "max_iter": 18277,
      "tol": 1.0842262717330165e-07
    },
    "seed": 42,
    "cv_n_splits": 5,
    "cv_n_repeats": 10,
    "preprocessing_config": {
      "eps": 1e-06,
      "min_speed": 0.01,
      "max_hours": 9999.0
    }
  },
  "result": {
    "c_index": 0.9304157005631003,
    "mean_brier": 0.03233231332263658,
    "hybrid_score": 0.9564920908430844,
    "std_c_index": 0.009415777172506926,
    "std_mean_brier": 0.003176323792890536,
    "std_hybrid": 0.004463635330801135
  }
}