{
  "trial_id": 65,
  "config": {
    "model_type": "gbsa",
    "model_params": {
      "loss": "coxph",
      "n_estimators": 278,
      "learning_rate": 0.08590265877852703,
      "subsample": 0.6097578733519093,
      "max_depth": 3,
      "max_features": 1.0,
      "max_leaf_nodes": 16,
      "min_samples_split": 19,
      "min_samples_leaf": 20,
      "min_weight_fraction_leaf": 0.0,
      "min_impurity_decrease": 0.013734416800807753,
      "criterion": "friedman_mse",
      "ccp_alpha": 0.026816311995313816,
      "dropout_rate": 0.0012446760609717,
      "validation_fraction": 0.18489844720389798,
      "n_iter_no_change": 20,
      "tol": 0.0027467115366557266,
      "random_state": 2023,
      "warm_start": false,
      "verbose": 0
    },
    "seed": 2023,
    "cv_n_splits": 5,
    "cv_n_repeats": 10,
    "preprocessing_config": {
      "eps": 1e-06,
      "min_speed": 0.01,
      "max_hours": 9999.0
    }
  },
  "result": {
    "c_index": 0.9141354753229546,
    "mean_brier": 0.0460964166031414,
    "hybrid_score": 0.9419731509746873,
    "std_c_index": 0.005141517756239687,
    "std_mean_brier": 0.005216393745910185,
    "std_hybrid": 0.004637026951562348
  }
}