{
  "trial_id": 21,
  "config": {
    "model_type": "coxnet",
    "model_params": {
      "l1_ratio": 0.950953579263228,
      "alpha_min_ratio": 0.07985503459043422,
      "n_alphas": 201,
      "max_iter": 14009,
      "tol": 5.6212180403854085e-08
    },
    "seed": 2023,
    "cv_n_splits": 5,
    "cv_n_repeats": 10,
    "preprocessing_config": {
      "eps": 1e-06,
      "min_speed": 0.01,
      "max_hours": 9999.0
    }
  },
  "result": {
    "c_index": 0.9361129513083803,
    "mean_brier": 0.025825994429940456,
    "hybrid_score": 0.9627556892915556,
    "std_c_index": 0.002689249361254978,
    "std_mean_brier": 0.0007897918383185734,
    "std_hybrid": 0.001212400913608559
  }
}