{
  "trial_id": 127,
  "config": {
    "model_type": "coxnet",
    "model_params": {
      "l1_ratio": 0.824199549807732,
      "alpha_min_ratio": 0.0149709674729831,
      "n_alphas": 186,
      "max_iter": 573,
      "tol": 1.8702444703589197e-06
    },
    "seed": 42,
    "cv_n_splits": 5,
    "cv_n_repeats": 10,
    "preprocessing_config": {
      "eps": 1e-06,
      "min_speed": 0.01,
      "max_hours": 9999.0
    }
  },
  "result": {
    "c_index": 0.9287926465717126,
    "mean_brier": 0.029048330483301965,
    "hybrid_score": 0.9583039626332024,
    "std_c_index": 0.009069401973070238,
    "std_mean_brier": 0.002867231101774198,
    "std_hybrid": 0.004629414100455536
  }
}