{
  "trial_id": 160,
  "config": {
    "model_type": "coxnet",
    "model_params": {
      "l1_ratio": 0.3137929589729734,
      "alpha_min_ratio": 0.00043038719410182544,
      "n_alphas": 299,
      "max_iter": 4588,
      "tol": 8.907671836379314e-08
    },
    "seed": 1024,
    "cv_n_splits": 5,
    "cv_n_repeats": 10,
    "preprocessing_config": {
      "eps": 1e-06,
      "min_speed": 0.01,
      "max_hours": 9999.0
    }
  },
  "result": {
    "c_index": 0.9206276912885061,
    "mean_brier": 0.04097173387746415,
    "hybrid_score": 0.9475080936723268,
    "std_c_index": 0.013581930740214134,
    "std_mean_brier": 0.004479400101386238,
    "std_hybrid": 0.006218569225299679
  }
}