{
  "trial_id": 141,
  "config": {
    "model_type": "gbsa",
    "model_params": {
      "loss": "coxph",
      "n_estimators": 101,
      "learning_rate": 0.1894116381142012,
      "subsample": 0.9439900813865756,
      "max_depth": 1,
      "max_features": "log2",
      "max_leaf_nodes": 63,
      "min_samples_split": 20,
      "min_samples_leaf": 2,
      "min_weight_fraction_leaf": 0.0,
      "min_impurity_decrease": 0.007901452298682986,
      "criterion": "friedman_mse",
      "ccp_alpha": 1.4868779511530068e-05,
      "dropout_rate": 0.012825308167087933,
      "validation_fraction": 0.2663941634438623,
      "n_iter_no_change": null,
      "tol": 0.0050265960069517945,
      "random_state": 1024,
      "warm_start": false,
      "verbose": 0
    },
    "seed": 1024,
    "cv_n_splits": 5,
    "cv_n_repeats": 10,
    "preprocessing_config": {
      "eps": 1e-06,
      "min_speed": 0.01,
      "max_hours": 9999.0
    }
  },
  "result": {
    "c_index": 0.9408786021861543,
    "mean_brier": 0.038957065072956626,
    "hybrid_score": 0.9549936351047765,
    "std_c_index": 0.0020424142676346074,
    "std_mean_brier": 0.0016793064485006027,
    "std_hybrid": 0.001310448619070312
  }
}