{
  "trial_id": 110,
  "config": {
    "model_type": "gbsa",
    "model_params": {
      "loss": "coxph",
      "n_estimators": 414,
      "learning_rate": 0.007712552671975256,
      "subsample": 0.8487790984084508,
      "max_depth": 2,
      "max_features": 0.3,
      "max_leaf_nodes": 63,
      "min_samples_split": 16,
      "min_samples_leaf": 4,
      "min_weight_fraction_leaf": 0.0,
      "min_impurity_decrease": 0.025994737118282093,
      "criterion": "friedman_mse",
      "ccp_alpha": 0.04289066152950861,
      "dropout_rate": 0.008924611936718998,
      "validation_fraction": 0.2697418063101752,
      "n_iter_no_change": 5,
      "tol": 0.009173494708152477,
      "random_state": 1024,
      "warm_start": false,
      "verbose": 0
    },
    "seed": 1024,
    "cv_n_splits": 5,
    "cv_n_repeats": 10,
    "preprocessing_config": {
      "eps": 1e-06,
      "min_speed": 0.01,
      "max_hours": 9999.0
    }
  },
  "result": {
    "c_index": 0.9133446505465386,
    "mean_brier": 0.14816852467290545,
    "hybrid_score": 0.8702854278929276,
    "std_c_index": 0.006043812859603623,
    "std_mean_brier": 0.009355369312876085,
    "std_hybrid": 0.006485924353193656
  }
}