{
  "trial_id": 61,
  "config": {
    "model_type": "gbsa",
    "model_params": {
      "loss": "coxph",
      "n_estimators": 419,
      "learning_rate": 0.04192411282960829,
      "subsample": 0.6999876588483811,
      "max_depth": 4,
      "max_features": 0.3,
      "max_leaf_nodes": null,
      "min_samples_split": 7,
      "min_samples_leaf": 7,
      "min_weight_fraction_leaf": 0.0,
      "min_impurity_decrease": 0.02013715702090929,
      "criterion": "friedman_mse",
      "ccp_alpha": 0.002061297487677529,
      "dropout_rate": 0.006861339677378788,
      "validation_fraction": 0.1822794522430845,
      "n_iter_no_change": 20,
      "tol": 0.00011473912475605001,
      "random_state": 1024,
      "warm_start": false,
      "verbose": 0
    },
    "seed": 1024,
    "cv_n_splits": 5,
    "cv_n_repeats": 10,
    "preprocessing_config": {
      "eps": 1e-06,
      "min_speed": 0.01,
      "max_hours": 9999.0
    }
  },
  "result": {
    "c_index": 0.9394460086121231,
    "mean_brier": 0.05233237147168418,
    "hybrid_score": 0.9452011425534581,
    "std_c_index": 0.003518122742712623,
    "std_mean_brier": 0.005936228491602945,
    "std_hybrid": 0.004286184431358925
  }
}