{
  "trial_id": 188,
  "config": {
    "model_type": "coxnet",
    "model_params": {
      "l1_ratio": 0.9505535007710123,
      "alpha_min_ratio": 0.07209955021980927,
      "n_alphas": 262,
      "max_iter": 19848,
      "tol": 7.300693445076137e-05
    },
    "seed": 42,
    "cv_n_splits": 5,
    "cv_n_repeats": 10,
    "preprocessing_config": {
      "eps": 1e-06,
      "min_speed": 0.01,
      "max_hours": 9999.0
    }
  },
  "result": {
    "c_index": 0.9395246770453793,
    "mean_brier": 0.02519996084120717,
    "hybrid_score": 0.9642174305247687,
    "std_c_index": 0.0023073977023607734,
    "std_mean_brier": 0.0008513722422956787,
    "std_hybrid": 0.0011424557665900878
  }
}