{
  "trial_id": 197,
  "config": {
    "model_type": "coxnet",
    "model_params": {
      "l1_ratio": 0.9640690017704255,
      "alpha_min_ratio": 0.022312814960630124,
      "n_alphas": 256,
      "max_iter": 16038,
      "tol": 1.123432860777539e-06
    },
    "seed": 42,
    "cv_n_splits": 5,
    "cv_n_repeats": 10,
    "preprocessing_config": {
      "eps": 1e-06,
      "min_speed": 0.01,
      "max_hours": 9999.0
    }
  },
  "result": {
    "c_index": 0.9297615104339185,
    "mean_brier": 0.027527967189638625,
    "hybrid_score": 0.9596588760974285,
    "std_c_index": 0.008238280583549968,
    "std_mean_brier": 0.003148470580219373,
    "std_hybrid": 0.004630383778977756
  }
}