{
  "trial_id": 260,
  "config": {
    "model_type": "coxnet",
    "model_params": {
      "l1_ratio": 0.850547707726378,
      "alpha_min_ratio": 0.09741883800779068,
      "n_alphas": 109,
      "max_iter": 13272,
      "tol": 3.5719567354087455e-08
    },
    "seed": 1024,
    "cv_n_splits": 5,
    "cv_n_repeats": 10,
    "preprocessing_config": {
      "eps": 1e-06,
      "min_speed": 0.01,
      "max_hours": 9999.0
    }
  },
  "result": {
    "c_index": 0.9372805564756541,
    "mean_brier": 0.026531229823688378,
    "hybrid_score": 0.9626123060661144,
    "std_c_index": 0.003741678587309074,
    "std_mean_brier": 0.0007689993402574877,
    "std_hybrid": 0.0015939743756336715
  }
}