{
  "trial_id": 9,
  "config": {
    "model_type": "gbsa",
    "model_params": {
      "loss": "coxph",
      "n_estimators": 284,
      "learning_rate": 0.001689453975163649,
      "subsample": 0.7175577101024262,
      "max_depth": 6,
      "max_features": 1.0,
      "max_leaf_nodes": null,
      "min_samples_split": 3,
      "min_samples_leaf": 5,
      "min_weight_fraction_leaf": 0.0,
      "min_impurity_decrease": 0.00470948847125463,
      "criterion": "friedman_mse",
      "ccp_alpha": 2.0189720866053477e-08,
      "dropout_rate": 0.3469735559275283,
      "validation_fraction": 0.15762594327475035,
      "n_iter_no_change": 10,
      "tol": 0.0015127750870475877,
      "random_state": 777,
      "warm_start": false,
      "verbose": 0
    },
    "seed": 777,
    "cv_n_splits": 5,
    "cv_n_repeats": 10,
    "preprocessing_config": {
      "eps": 1e-06,
      "min_speed": 0.01,
      "max_hours": 9999.0
    }
  },
  "result": {
    "c_index": 0.939060947333554,
    "mean_brier": 0.23389889268440417,
    "hybrid_score": 0.8179890593209832,
    "std_c_index": 0.0023843924287810766,
    "std_mean_brier": 0.018764258139384454,
    "std_hybrid": 0.013206974716524348
  }
}