{
  "trial_id": 114,
  "config": {
    "seed": 42,
    "cv_n_splits": 5,
    "cv_n_repeats": 10,
    "gbsa_config": {
      "loss": "coxph",
      "n_estimators": 467,
      "learning_rate": 0.17312244184952066,
      "subsample": 0.7289155483108976,
      "max_depth": 5,
      "max_features": "sqrt",
      "max_leaf_nodes": 31,
      "min_samples_split": 13,
      "min_samples_leaf": 5,
      "min_weight_fraction_leaf": 0.0,
      "min_impurity_decrease": 0.013840076216580245,
      "criterion": "friedman_mse",
      "ccp_alpha": 7.10152805551236e-05,
      "dropout_rate": 0.049903763305025876,
      "validation_fraction": 0.2841798241993787,
      "n_iter_no_change": null,
      "tol": 3.350312640348913e-05,
      "random_state": 42,
      "warm_start": false,
      "verbose": 0
    },
    "preprocessing_config": {
      "eps": 1e-06,
      "min_speed": 0.01,
      "max_hours": 9999.0
    }
  },
  "result": {
    "c_index": 0.9408247764160317,
    "mean_brier": 0.053704685722177216,
    "hybrid_score": 0.9446541529192855,
    "std_c_index": 0.001466535628172432,
    "std_mean_brier": 0.0027267918423902185,
    "std_hybrid": 0.0020897451265250206
  }
}