{
  "trial_id": 77,
  "config": {
    "model_type": "coxnet",
    "model_params": {
      "l1_ratio": 0.9619341391176317,
      "alpha_min_ratio": 0.09704585298025853,
      "n_alphas": 207,
      "max_iter": 17963,
      "tol": 5.346247753618176e-06
    },
    "seed": 1024,
    "cv_n_splits": 5,
    "cv_n_repeats": 10,
    "preprocessing_config": {
      "eps": 1e-06,
      "min_speed": 0.01,
      "max_hours": 9999.0
    }
  },
  "result": {
    "c_index": 0.9362951308380257,
    "mean_brier": 0.026140508081517754,
    "hybrid_score": 0.9625901835943453,
    "std_c_index": 0.0036055730632854645,
    "std_mean_brier": 0.0007327135566855561,
    "std_hybrid": 0.0015143228767649664
  }
}