{
  "trial_id": 256,
  "config": {
    "model_type": "gbsa",
    "model_params": {
      "loss": "coxph",
      "n_estimators": 318,
      "learning_rate": 0.15048267738337895,
      "subsample": 0.9223155821973362,
      "max_depth": 4,
      "max_features": 0.3,
      "max_leaf_nodes": 63,
      "min_samples_split": 11,
      "min_samples_leaf": 5,
      "min_weight_fraction_leaf": 0.0,
      "min_impurity_decrease": 0.012295020156941311,
      "criterion": "friedman_mse",
      "ccp_alpha": 0.03397916592032035,
      "dropout_rate": 0.05966132519785836,
      "validation_fraction": 0.2539652739916232,
      "n_iter_no_change": null,
      "tol": 0.008413759943790075,
      "random_state": 1024,
      "warm_start": false,
      "verbose": 0
    },
    "seed": 1024,
    "cv_n_splits": 5,
    "cv_n_repeats": 10,
    "preprocessing_config": {
      "eps": 1e-06,
      "min_speed": 0.01,
      "max_hours": 9999.0
    }
  },
  "result": {
    "c_index": 0.9164044385558132,
    "mean_brier": 0.06566464942554093,
    "hybrid_score": 0.9289560769688652,
    "std_c_index": 0.008230698351650143,
    "std_mean_brier": 0.0031589632276694656,
    "std_hybrid": 0.002873971686249692
  }
}