{
  "trial_id": 65,
  "config": {
    "model_type": "coxnet",
    "model_params": {
      "l1_ratio": 0.14217503494449074,
      "alpha_min_ratio": 0.000532758119756905,
      "n_alphas": 195,
      "max_iter": 18808,
      "tol": 1.0721356772622966e-07
    },
    "seed": 1024,
    "cv_n_splits": 5,
    "cv_n_repeats": 10,
    "preprocessing_config": {
      "eps": 1e-06,
      "min_speed": 0.01,
      "max_hours": 9999.0
    }
  },
  "result": {
    "c_index": 0.919037760847963,
    "mean_brier": 0.04261390257560125,
    "hybrid_score": 0.9458815964514681,
    "std_c_index": 0.013579648469250312,
    "std_mean_brier": 0.004802831072662735,
    "std_hybrid": 0.006637659656127328
  }
}