{
  "trial_id": 140,
  "config": {
    "model_type": "coxnet",
    "model_params": {
      "l1_ratio": 0.7887306054858918,
      "alpha_min_ratio": 0.06369031245702529,
      "n_alphas": 112,
      "max_iter": 18662,
      "tol": 4.5526903751423376e-08
    },
    "seed": 2023,
    "cv_n_splits": 5,
    "cv_n_repeats": 10,
    "preprocessing_config": {
      "eps": 1e-06,
      "min_speed": 0.01,
      "max_hours": 9999.0
    }
  },
  "result": {
    "c_index": 0.9360963895329579,
    "mean_brier": 0.026155869425672836,
    "hybrid_score": 0.9625198082619164,
    "std_c_index": 0.002654292560949207,
    "std_mean_brier": 0.000861192382831829,
    "std_hybrid": 0.0012246821287581209
  }
}