{
  "trial_id": 261,
  "config": {
    "model_type": "gbsa",
    "model_params": {
      "loss": "coxph",
      "n_estimators": 472,
      "learning_rate": 0.1947717263104588,
      "subsample": 0.8371197844386788,
      "max_depth": 2,
      "max_features": 0.7,
      "max_leaf_nodes": 63,
      "min_samples_split": 10,
      "min_samples_leaf": 5,
      "min_weight_fraction_leaf": 0.0,
      "min_impurity_decrease": 0.02917931550348059,
      "criterion": "friedman_mse",
      "ccp_alpha": 1.2042601428453206e-08,
      "dropout_rate": 0.136358807026352,
      "validation_fraction": 0.1710208706478207,
      "n_iter_no_change": null,
      "tol": 1.5731396651327925e-05,
      "random_state": 2023,
      "warm_start": false,
      "verbose": 0
    },
    "seed": 2023,
    "cv_n_splits": 5,
    "cv_n_repeats": 10,
    "preprocessing_config": {
      "eps": 1e-06,
      "min_speed": 0.01,
      "max_hours": 9999.0
    }
  },
  "result": {
    "c_index": 0.9380382577012256,
    "mean_brier": 0.10227761175777375,
    "hybrid_score": 0.909817149079926,
    "std_c_index": 0.0032649309810640743,
    "std_mean_brier": 0.005531745374774153,
    "std_hybrid": 0.004162315832994788
  }
}