{
  "trial_id": 174,
  "config": {
    "model_type": "coxnet",
    "model_params": {
      "l1_ratio": 0.43986667693893905,
      "alpha_min_ratio": 0.002011398664638498,
      "n_alphas": 120,
      "max_iter": 10963,
      "tol": 5.457857053854987e-07
    },
    "seed": 2023,
    "cv_n_splits": 5,
    "cv_n_repeats": 10,
    "preprocessing_config": {
      "eps": 1e-06,
      "min_speed": 0.01,
      "max_hours": 9999.0
    }
  },
  "result": {
    "c_index": 0.9152368333885391,
    "mean_brier": 0.042514184456901596,
    "hybrid_score": 0.9448111208967305,
    "std_c_index": 0.018839163320396715,
    "std_mean_brier": 0.009170870105840053,
    "std_hybrid": 0.01174044554189438
  }
}