{
  "trial_id": 11,
  "config": {
    "model_type": "coxnet",
    "model_params": {
      "l1_ratio": 0.7918431652071507,
      "alpha_min_ratio": 0.020460419103010146,
      "n_alphas": 98,
      "max_iter": 16202,
      "tol": 1.4626895058401162e-08
    },
    "seed": 2023,
    "cv_n_splits": 5,
    "cv_n_repeats": 10,
    "preprocessing_config": {
      "eps": 1e-06,
      "min_speed": 0.01,
      "max_hours": 9999.0
    }
  },
  "result": {
    "c_index": 0.929935409075853,
    "mean_brier": 0.029801664657464366,
    "hybrid_score": 0.9581194574625307,
    "std_c_index": 0.005119497677408824,
    "std_mean_brier": 0.003436580749307005,
    "std_hybrid": 0.0037813262067589795
  }
}