{
  "trial_id": 107,
  "config": {
    "model_type": "coxnet",
    "model_params": {
      "l1_ratio": 0.9944684633119031,
      "alpha_min_ratio": 0.039517150997694775,
      "n_alphas": 137,
      "max_iter": 8404,
      "tol": 8.21351748990801e-06
    },
    "seed": 777,
    "cv_n_splits": 5,
    "cv_n_repeats": 10,
    "preprocessing_config": {
      "eps": 1e-06,
      "min_speed": 0.01,
      "max_hours": 9999.0
    }
  },
  "result": {
    "c_index": 0.934108976482279,
    "mean_brier": 0.026465402461407217,
    "hybrid_score": 0.9617069112216987,
    "std_c_index": 0.00325282924565046,
    "std_mean_brier": 0.0018056101408579696,
    "std_hybrid": 0.0018081144031860533
  }
}