{
  "trial_id": 44,
  "config": {
    "model_type": "coxnet",
    "model_params": {
      "l1_ratio": 0.9829331612017773,
      "alpha_min_ratio": 0.0595143963512497,
      "n_alphas": 102,
      "max_iter": 868,
      "tol": 1.2477123416151404e-06
    },
    "seed": 42,
    "cv_n_splits": 5,
    "cv_n_repeats": 10,
    "preprocessing_config": {
      "eps": 1e-06,
      "min_speed": 0.01,
      "max_hours": 9999.0
    }
  },
  "result": {
    "c_index": 0.9390195428949983,
    "mean_brier": 0.025449204887611532,
    "hybrid_score": 0.9638914194471715,
    "std_c_index": 0.0019680658152042016,
    "std_mean_brier": 0.0013247362129189641,
    "std_hybrid": 0.0012570039118725935
  }
}