{
  "trial_id": 118,
  "config": {
    "model_type": "gbsa",
    "model_params": {
      "loss": "coxph",
      "n_estimators": 398,
      "learning_rate": 0.10666928759520808,
      "subsample": 0.8768771176108501,
      "max_depth": 3,
      "max_features": 0.3,
      "max_leaf_nodes": 63,
      "min_samples_split": 20,
      "min_samples_leaf": 1,
      "min_weight_fraction_leaf": 0.0,
      "min_impurity_decrease": 0.005020986470785912,
      "criterion": "friedman_mse",
      "ccp_alpha": 0.0004466889631426742,
      "dropout_rate": 0.11452125527729362,
      "validation_fraction": 0.2841216119923988,
      "n_iter_no_change": null,
      "tol": 0.0009190387264508119,
      "random_state": 1024,
      "warm_start": false,
      "verbose": 0
    },
    "seed": 1024,
    "cv_n_splits": 5,
    "cv_n_repeats": 10,
    "preprocessing_config": {
      "eps": 1e-06,
      "min_speed": 0.01,
      "max_hours": 9999.0
    }
  },
  "result": {
    "c_index": 0.9405556475654189,
    "mean_brier": 0.1267948725709423,
    "hybrid_score": 0.8934102834699662,
    "std_c_index": 0.0021291746920389094,
    "std_mean_brier": 0.009148973644250765,
    "std_hybrid": 0.006371580587070103
  }
}