{
  "trial_id": 173,
  "config": {
    "model_type": "coxnet",
    "model_params": {
      "l1_ratio": 0.3678614641571156,
      "alpha_min_ratio": 0.005648567167309858,
      "n_alphas": 183,
      "max_iter": 1932,
      "tol": 7.156224886363869e-07
    },
    "seed": 42,
    "cv_n_splits": 5,
    "cv_n_repeats": 10,
    "preprocessing_config": {
      "eps": 1e-06,
      "min_speed": 0.01,
      "max_hours": 9999.0
    }
  },
  "result": {
    "c_index": 0.9282212653196421,
    "mean_brier": 0.032266669563815756,
    "hybrid_score": 0.9558797109012216,
    "std_c_index": 0.009875860424647146,
    "std_mean_brier": 0.0031755225741277285,
    "std_hybrid": 0.004807100977365095
  }
}