{
  "trial_id": 41,
  "config": {
    "model_type": "coxnet",
    "model_params": {
      "l1_ratio": 0.9920245827122918,
      "alpha_min_ratio": 0.06651100134388305,
      "n_alphas": 200,
      "max_iter": 7620,
      "tol": 1.4094547631366464e-07
    },
    "seed": 2023,
    "cv_n_splits": 5,
    "cv_n_repeats": 10,
    "preprocessing_config": {
      "eps": 1e-06,
      "min_speed": 0.01,
      "max_hours": 9999.0
    }
  },
  "result": {
    "c_index": 0.9355664127194435,
    "mean_brier": 0.025646813633507255,
    "hybrid_score": 0.9627171542723779,
    "std_c_index": 0.0026898102801994773,
    "std_mean_brier": 0.0009031130130109053,
    "std_hybrid": 0.0012860071566857135
  }
}