{
  "trial_id": 227,
  "config": {
    "model_type": "coxnet",
    "model_params": {
      "l1_ratio": 0.8384054549847113,
      "alpha_min_ratio": 0.02913494821117346,
      "n_alphas": 75,
      "max_iter": 15557,
      "tol": 2.536058889126673e-08
    },
    "seed": 1024,
    "cv_n_splits": 5,
    "cv_n_repeats": 10,
    "preprocessing_config": {
      "eps": 1e-06,
      "min_speed": 0.01,
      "max_hours": 9999.0
    }
  },
  "result": {
    "c_index": 0.9328337197747599,
    "mean_brier": 0.026527197625843213,
    "hybrid_score": 0.9612810775943377,
    "std_c_index": 0.0036408512241342178,
    "std_mean_brier": 0.0012400260615679558,
    "std_hybrid": 0.0016802502880500724
  }
}