{
  "trial_id": 152,
  "config": {
    "model_type": "coxnet",
    "model_params": {
      "l1_ratio": 0.9979878932676465,
      "alpha_min_ratio": 0.07858507380382523,
      "n_alphas": 231,
      "max_iter": 18486,
      "tol": 6.974887497451631e-05
    },
    "seed": 1024,
    "cv_n_splits": 5,
    "cv_n_repeats": 10,
    "preprocessing_config": {
      "eps": 1e-06,
      "min_speed": 0.01,
      "max_hours": 9999.0
    }
  },
  "result": {
    "c_index": 0.9362371646240476,
    "mean_brier": 0.025732898743337153,
    "hybrid_score": 0.9628581202668782,
    "std_c_index": 0.0036871809096844055,
    "std_mean_brier": 0.0007844912075824349,
    "std_hybrid": 0.0015567811288430017
  }
}