{
  "trial_id": 88,
  "config": {
    "model_type": "coxnet",
    "model_params": {
      "l1_ratio": 0.9599271046856995,
      "alpha_min_ratio": 0.008695292044053534,
      "n_alphas": 224,
      "max_iter": 16637,
      "tol": 1.4335488276732755e-08
    },
    "seed": 2023,
    "cv_n_splits": 5,
    "cv_n_repeats": 10,
    "preprocessing_config": {
      "eps": 1e-06,
      "min_speed": 0.01,
      "max_hours": 9999.0
    }
  },
  "result": {
    "c_index": 0.9239731699238158,
    "mean_brier": 0.034804246696112075,
    "hybrid_score": 0.9528289782898665,
    "std_c_index": 0.011463300185816263,
    "std_mean_brier": 0.0058673048898888434,
    "std_hybrid": 0.0072736647609514095
  }
}