{
  "trial_id": 170,
  "config": {
    "model_type": "coxnet",
    "model_params": {
      "l1_ratio": 0.9140323351250397,
      "alpha_min_ratio": 0.08640322430252598,
      "n_alphas": 193,
      "max_iter": 11170,
      "tol": 1.67137741233253e-05
    },
    "seed": 777,
    "cv_n_splits": 5,
    "cv_n_repeats": 10,
    "preprocessing_config": {
      "eps": 1e-06,
      "min_speed": 0.01,
      "max_hours": 9999.0
    }
  },
  "result": {
    "c_index": 0.9367174561112952,
    "mean_brier": 0.025921329966020833,
    "hybrid_score": 0.9628703058571739,
    "std_c_index": 0.0029614566284062913,
    "std_mean_brier": 0.0005245541492978159,
    "std_hybrid": 0.0011451822273374499
  }
}