{
  "trial_id": 157,
  "config": {
    "model_type": "coxnet",
    "model_params": {
      "l1_ratio": 0.9770353721511716,
      "alpha_min_ratio": 0.026866014818531243,
      "n_alphas": 299,
      "max_iter": 16705,
      "tol": 4.94433850175845e-05
    },
    "seed": 1024,
    "cv_n_splits": 5,
    "cv_n_repeats": 10,
    "preprocessing_config": {
      "eps": 1e-06,
      "min_speed": 0.01,
      "max_hours": 9999.0
    }
  },
  "result": {
    "c_index": 0.9320635972176218,
    "mean_brier": 0.026788647194204478,
    "hybrid_score": 0.9608670261293433,
    "std_c_index": 0.004037168439116261,
    "std_mean_brier": 0.0016981433676586347,
    "std_hybrid": 0.0021821507804580826
  }
}