{
  "trial_id": 19,
  "config": {
    "model_type": "coxnet",
    "model_params": {
      "l1_ratio": 0.9998901953643481,
      "alpha_min_ratio": 0.07037915666369157,
      "n_alphas": 169,
      "max_iter": 14277,
      "tol": 4.693768620992905e-07
    },
    "seed": 2023,
    "cv_n_splits": 5,
    "cv_n_repeats": 10,
    "preprocessing_config": {
      "eps": 1e-06,
      "min_speed": 0.01,
      "max_hours": 9999.0
    }
  },
  "result": {
    "c_index": 0.9358148393507785,
    "mean_brier": 0.025632042362371092,
    "hybrid_score": 0.9628020221515736,
    "std_c_index": 0.002577059620253246,
    "std_mean_brier": 0.0008498543306699372,
    "std_hybrid": 0.0012206324630276374
  }
}