{
  "trial_id": 12,
  "config": {
    "model_type": "coxnet",
    "model_params": {
      "l1_ratio": 0.5535871728751774,
      "alpha_min_ratio": 0.04126511779130648,
      "n_alphas": 246,
      "max_iter": 15990,
      "tol": 2.174854233621463e-06
    },
    "seed": 42,
    "cv_n_splits": 5,
    "cv_n_repeats": 10,
    "preprocessing_config": {
      "eps": 1e-06,
      "min_speed": 0.01,
      "max_hours": 9999.0
    }
  },
  "result": {
    "c_index": 0.936709175223584,
    "mean_brier": 0.027172304461108958,
    "hybrid_score": 0.9619921394442988,
    "std_c_index": 0.004563971277231881,
    "std_mean_brier": 0.0022818111008898584,
    "std_hybrid": 0.0027830639355040806
  }
}