{
  "trial_id": 82,
  "config": {
    "model_type": "gbsa",
    "model_params": {
      "loss": "coxph",
      "n_estimators": 379,
      "learning_rate": 0.1953579566921884,
      "subsample": 0.5196497905829904,
      "max_depth": 4,
      "max_features": 0.3,
      "max_leaf_nodes": 31,
      "min_samples_split": 4,
      "min_samples_leaf": 12,
      "min_weight_fraction_leaf": 0.0,
      "min_impurity_decrease": 0.02019601896146775,
      "criterion": "friedman_mse",
      "ccp_alpha": 0.05403257905152317,
      "dropout_rate": 0.08031789105965098,
      "validation_fraction": 0.19005500558952707,
      "n_iter_no_change": null,
      "tol": 0.00034924079190741894,
      "random_state": 777,
      "warm_start": false,
      "verbose": 0
    },
    "seed": 777,
    "cv_n_splits": 5,
    "cv_n_repeats": 10,
    "preprocessing_config": {
      "eps": 1e-06,
      "min_speed": 0.01,
      "max_hours": 9999.0
    }
  },
  "result": {
    "c_index": 0.9068027492547202,
    "mean_brier": 0.06880668741112803,
    "hybrid_score": 0.9238761435886262,
    "std_c_index": 0.007974078875827136,
    "std_mean_brier": 0.0030547898280647964,
    "std_hybrid": 0.0031123773418320474
  }
}