{
  "trial_id": 49,
  "config": {
    "model_type": "gbsa",
    "model_params": {
      "loss": "coxph",
      "n_estimators": 243,
      "learning_rate": 0.06198429672437336,
      "subsample": 0.5122685915222907,
      "max_depth": 5,
      "max_features": 0.3,
      "max_leaf_nodes": 63,
      "min_samples_split": 17,
      "min_samples_leaf": 15,
      "min_weight_fraction_leaf": 0.0,
      "min_impurity_decrease": 0.025617377380875,
      "criterion": "friedman_mse",
      "ccp_alpha": 0.06906895116106324,
      "dropout_rate": 0.043019447290968925,
      "validation_fraction": 0.18755658563293395,
      "n_iter_no_change": 20,
      "tol": 0.0013929302137440514,
      "random_state": 2023,
      "warm_start": false,
      "verbose": 0
    },
    "seed": 2023,
    "cv_n_splits": 5,
    "cv_n_repeats": 10,
    "preprocessing_config": {
      "eps": 1e-06,
      "min_speed": 0.01,
      "max_hours": 9999.0
    }
  },
  "result": {
    "c_index": 0.9069186816826764,
    "mean_brier": 0.10463784146657092,
    "hybrid_score": 0.8988291154782033,
    "std_c_index": 0.005534596519479623,
    "std_mean_brier": 0.0066895905322537415,
    "std_hybrid": 0.005059250702060291
  }
}