{
  "trial_id": 299,
  "config": {
    "model_type": "coxnet",
    "model_params": {
      "l1_ratio": 0.9573636479248867,
      "alpha_min_ratio": 0.08236219992822531,
      "n_alphas": 248,
      "max_iter": 1295,
      "tol": 6.566221916202888e-05
    },
    "seed": 42,
    "cv_n_splits": 5,
    "cv_n_repeats": 10,
    "preprocessing_config": {
      "eps": 1e-06,
      "min_speed": 0.01,
      "max_hours": 9999.0
    }
  },
  "result": {
    "c_index": 0.9394584299436899,
    "mean_brier": 0.025426791723637272,
    "hybrid_score": 0.9640387747765609,
    "std_c_index": 0.0022091353614805726,
    "std_mean_brier": 0.0008077622154770623,
    "std_hybrid": 0.0010812660901091677
  }
}