{
  "trial_id": 56,
  "config": {
    "model_type": "gbsa",
    "model_params": {
      "loss": "coxph",
      "n_estimators": 313,
      "learning_rate": 0.10244108779953628,
      "subsample": 0.5299398266350698,
      "max_depth": 3,
      "max_features": 0.5,
      "max_leaf_nodes": 8,
      "min_samples_split": 15,
      "min_samples_leaf": 18,
      "min_weight_fraction_leaf": 0.0,
      "min_impurity_decrease": 0.012805854882993833,
      "criterion": "friedman_mse",
      "ccp_alpha": 0.015628208493669228,
      "dropout_rate": 0.0500893060593973,
      "validation_fraction": 0.13110939422035064,
      "n_iter_no_change": 20,
      "tol": 0.008402707175080133,
      "random_state": 2023,
      "warm_start": false,
      "verbose": 0
    },
    "seed": 2023,
    "cv_n_splits": 5,
    "cv_n_repeats": 10,
    "preprocessing_config": {
      "eps": 1e-06,
      "min_speed": 0.01,
      "max_hours": 9999.0
    }
  },
  "result": {
    "c_index": 0.9027451142762505,
    "mean_brier": 0.09169004003459374,
    "hybrid_score": 0.9066405062586593,
    "std_c_index": 0.004367587389498599,
    "std_mean_brier": 0.0034291410694281023,
    "std_hybrid": 0.0034165609816451687
  }
}