{
  "trial_id": 287,
  "config": {
    "model_type": "coxnet",
    "model_params": {
      "l1_ratio": 0.032221492070761915,
      "alpha_min_ratio": 0.012780908833450021,
      "n_alphas": 171,
      "max_iter": 13079,
      "tol": 2.6797756594542604e-07
    },
    "seed": 1024,
    "cv_n_splits": 5,
    "cv_n_repeats": 10,
    "preprocessing_config": {
      "eps": 1e-06,
      "min_speed": 0.01,
      "max_hours": 9999.0
    }
  },
  "result": {
    "c_index": 0.9358148393507782,
    "mean_brier": 0.03379189273946061,
    "hybrid_score": 0.957090126887611,
    "std_c_index": 0.0020829189963110267,
    "std_mean_brier": 0.0009395031860375535,
    "std_hybrid": 0.0009286818475735493
  }
}