{
  "trial_id": 258,
  "config": {
    "model_type": "coxnet",
    "model_params": {
      "l1_ratio": 0.9926784538266852,
      "alpha_min_ratio": 0.05351948163292595,
      "n_alphas": 287,
      "max_iter": 15982,
      "tol": 2.1013258708800767e-06
    },
    "seed": 42,
    "cv_n_splits": 5,
    "cv_n_repeats": 10,
    "preprocessing_config": {
      "eps": 1e-06,
      "min_speed": 0.01,
      "max_hours": 9999.0
    }
  },
  "result": {
    "c_index": 0.9374627360052997,
    "mean_brier": 0.025494134577966863,
    "hybrid_score": 0.9633929265970131,
    "std_c_index": 0.004490471230442057,
    "std_mean_brier": 0.0021652120960337024,
    "std_hybrid": 0.0027793007278618027
  }
}