{
  "trial_id": 27,
  "config": {
    "model_type": "coxnet",
    "model_params": {
      "l1_ratio": 0.8071654495281195,
      "alpha_min_ratio": 0.05925075440305198,
      "n_alphas": 162,
      "max_iter": 17451,
      "tol": 1.9473377444097974e-08
    },
    "seed": 1024,
    "cv_n_splits": 5,
    "cv_n_repeats": 10,
    "preprocessing_config": {
      "eps": 1e-06,
      "min_speed": 0.01,
      "max_hours": 9999.0
    }
  },
  "result": {
    "c_index": 0.9363199735011593,
    "mean_brier": 0.026093293788277107,
    "hybrid_score": 0.9626306863985539,
    "std_c_index": 0.0032748790879902553,
    "std_mean_brier": 0.0008414003512696209,
    "std_hybrid": 0.001439256755588886
  }
}