{
  "trial_id": 22,
  "config": {
    "model_type": "coxnet",
    "model_params": {
      "l1_ratio": 0.9108419352112372,
      "alpha_min_ratio": 0.04876419949970715,
      "n_alphas": 141,
      "max_iter": 19151,
      "tol": 7.88947073219891e-06
    },
    "seed": 1024,
    "cv_n_splits": 5,
    "cv_n_repeats": 10,
    "preprocessing_config": {
      "eps": 1e-06,
      "min_speed": 0.01,
      "max_hours": 9999.0
    }
  },
  "result": {
    "c_index": 0.9362206028486254,
    "mean_brier": 0.025911184824115176,
    "hybrid_score": 0.962728351477707,
    "std_c_index": 0.0029824534206371353,
    "std_mean_brier": 0.0009428946511374041,
    "std_hybrid": 0.0013402071686405427
  }
}