{
  "trial_id": 51,
  "config": {
    "model_type": "gbsa",
    "model_params": {
      "loss": "coxph",
      "n_estimators": 379,
      "learning_rate": 0.046227602740630876,
      "subsample": 0.926243050426415,
      "max_depth": 4,
      "max_features": 0.3,
      "max_leaf_nodes": 63,
      "min_samples_split": 12,
      "min_samples_leaf": 2,
      "min_weight_fraction_leaf": 0.0,
      "min_impurity_decrease": 0.036218256289432996,
      "criterion": "friedman_mse",
      "ccp_alpha": 0.027063043385020275,
      "dropout_rate": 0.0012828194005521862,
      "validation_fraction": 0.24549869277279607,
      "n_iter_no_change": null,
      "tol": 0.0003241493006195329,
      "random_state": 1024,
      "warm_start": false,
      "verbose": 0
    },
    "seed": 1024,
    "cv_n_splits": 5,
    "cv_n_repeats": 10,
    "preprocessing_config": {
      "eps": 1e-06,
      "min_speed": 0.01,
      "max_hours": 9999.0
    }
  },
  "result": {
    "c_index": 0.9373675057966213,
    "mean_brier": 0.03533131298150719,
    "hybrid_score": 0.9564783326519313,
    "std_c_index": 0.002968155375119517,
    "std_mean_brier": 0.001260530911067602,
    "std_hybrid": 0.001233642297180505
  }
}