{
  "trial_id": 278,
  "config": {
    "model_type": "coxnet",
    "model_params": {
      "l1_ratio": 0.9378243737625362,
      "alpha_min_ratio": 0.09829664689656079,
      "n_alphas": 94,
      "max_iter": 13142,
      "tol": 1.1743811361441957e-08
    },
    "seed": 777,
    "cv_n_splits": 5,
    "cv_n_repeats": 10,
    "preprocessing_config": {
      "eps": 1e-06,
      "min_speed": 0.01,
      "max_hours": 9999.0
    }
  },
  "result": {
    "c_index": 0.9362620072871811,
    "mean_brier": 0.026092940968218337,
    "hybrid_score": 0.9626135435084014,
    "std_c_index": 0.0028344475863275836,
    "std_mean_brier": 0.0005418306440860258,
    "std_hybrid": 0.0010875570083465763
  }
}