{
  "trial_id": 47,
  "config": {
    "model_type": "coxnet",
    "model_params": {
      "l1_ratio": 0.8562331307856217,
      "alpha_min_ratio": 0.09297876355960245,
      "n_alphas": 259,
      "max_iter": 205,
      "tol": 9.947987723420945e-08
    },
    "seed": 42,
    "cv_n_splits": 5,
    "cv_n_repeats": 10,
    "preprocessing_config": {
      "eps": 1e-06,
      "min_speed": 0.01,
      "max_hours": 9999.0
    }
  },
  "result": {
    "c_index": 0.9398062272275587,
    "mean_brier": 0.026211488220752144,
    "hybrid_score": 0.9635938264137411,
    "std_c_index": 0.002335577366329653,
    "std_mean_brier": 0.0007759915582558288,
    "std_hybrid": 0.001096292011712438
  }
}