{
  "trial_id": 145,
  "config": {
    "model_type": "coxnet",
    "model_params": {
      "l1_ratio": 0.970592349875365,
      "alpha_min_ratio": 0.09943156055073377,
      "n_alphas": 235,
      "max_iter": 415,
      "tol": 1.8984158636609165e-06
    },
    "seed": 42,
    "cv_n_splits": 5,
    "cv_n_repeats": 10,
    "preprocessing_config": {
      "eps": 1e-06,
      "min_speed": 0.01,
      "max_hours": 9999.0
    }
  },
  "result": {
    "c_index": 0.9392100033123552,
    "mean_brier": 0.025897391612429245,
    "hybrid_score": 0.963634826865006,
    "std_c_index": 0.0025940335109601886,
    "std_mean_brier": 0.0007561078112613566,
    "std_hybrid": 0.0011036049638421662
  }
}