{
  "trial_id": 174,
  "config": {
    "model_type": "coxnet",
    "model_params": {
      "l1_ratio": 0.23095765279030256,
      "alpha_min_ratio": 0.0016509200358426047,
      "n_alphas": 146,
      "max_iter": 2733,
      "tol": 1.8298917773898993e-07
    },
    "seed": 42,
    "cv_n_splits": 5,
    "cv_n_repeats": 10,
    "preprocessing_config": {
      "eps": 1e-06,
      "min_speed": 0.01,
      "max_hours": 9999.0
    }
  },
  "result": {
    "c_index": 0.92820470354422,
    "mean_brier": 0.03474272358487306,
    "hybrid_score": 0.9541415045538548,
    "std_c_index": 0.011165879715997548,
    "std_mean_brier": 0.004488875857773872,
    "std_hybrid": 0.005571489525874266
  }
}