{
  "trial_id": 245,
  "config": {
    "model_type": "coxnet",
    "model_params": {
      "l1_ratio": 0.9699631641900607,
      "alpha_min_ratio": 0.05228431493688473,
      "n_alphas": 285,
      "max_iter": 19770,
      "tol": 1.564791410611219e-06
    },
    "seed": 42,
    "cv_n_splits": 5,
    "cv_n_repeats": 10,
    "preprocessing_config": {
      "eps": 1e-06,
      "min_speed": 0.01,
      "max_hours": 9999.0
    }
  },
  "result": {
    "c_index": 0.9376200728718119,
    "mean_brier": 0.025572947742300407,
    "hybrid_score": 0.9633849584419332,
    "std_c_index": 0.00444569542652559,
    "std_mean_brier": 0.002241539169548872,
    "std_hybrid": 0.002802562622441374
  }
}