{
  "trial_id": 48,
  "config": {
    "model_type": "coxnet",
    "model_params": {
      "l1_ratio": 0.8475288995345646,
      "alpha_min_ratio": 0.06790975081752823,
      "n_alphas": 195,
      "max_iter": 329,
      "tol": 1.8932771305581752e-06
    },
    "seed": 42,
    "cv_n_splits": 5,
    "cv_n_repeats": 10,
    "preprocessing_config": {
      "eps": 1e-06,
      "min_speed": 0.01,
      "max_hours": 9999.0
    }
  },
  "result": {
    "c_index": 0.9393839019542896,
    "mean_brier": 0.025665632424344498,
    "hybrid_score": 0.9638492278892455,
    "std_c_index": 0.002398028413874697,
    "std_mean_brier": 0.000860935115642005,
    "std_hybrid": 0.0011378375193011607
  }
}