{
  "trial_id": 29,
  "config": {
    "model_type": "coxnet",
    "model_params": {
      "l1_ratio": 0.8820264673987649,
      "alpha_min_ratio": 0.09646739792444455,
      "n_alphas": 142,
      "max_iter": 16504,
      "tol": 7.2784528257896415e-06
    },
    "seed": 42,
    "cv_n_splits": 5,
    "cv_n_repeats": 10,
    "preprocessing_config": {
      "eps": 1e-06,
      "min_speed": 0.01,
      "max_hours": 9999.0
    }
  },
  "result": {
    "c_index": 0.9399221596555151,
    "mean_brier": 0.026151106517991702,
    "hybrid_score": 0.9636708733340604,
    "std_c_index": 0.0024934274057998975,
    "std_mean_brier": 0.0007767180437099141,
    "std_hybrid": 0.0011274423966097999
  }
}