{
  "trial_id": 40,
  "config": {
    "model_type": "coxnet",
    "model_params": {
      "l1_ratio": 0.6494158132129667,
      "alpha_min_ratio": 0.014725303831497843,
      "n_alphas": 295,
      "max_iter": 6774,
      "tol": 4.547747643435731e-05
    },
    "seed": 2023,
    "cv_n_splits": 5,
    "cv_n_repeats": 10,
    "preprocessing_config": {
      "eps": 1e-06,
      "min_speed": 0.01,
      "max_hours": 9999.0
    }
  },
  "result": {
    "c_index": 0.9252815501821796,
    "mean_brier": 0.031772309951007806,
    "hybrid_score": 0.9553438480889482,
    "std_c_index": 0.010626805479216234,
    "std_mean_brier": 0.00461489313019158,
    "std_hybrid": 0.00610189889095586
  }
}