{
  "trial_id": 94,
  "config": {
    "seed": 42,
    "cv_n_splits": 5,
    "cv_n_repeats": 10,
    "gbsa_config": {
      "loss": "coxph",
      "n_estimators": 232,
      "learning_rate": 0.04291595011290504,
      "subsample": 0.8474140260454389,
      "max_depth": 5,
      "max_features": "sqrt",
      "max_leaf_nodes": 31,
      "min_samples_split": 8,
      "min_samples_leaf": 13,
      "min_weight_fraction_leaf": 0.0,
      "min_impurity_decrease": 0.03319711998919579,
      "criterion": "friedman_mse",
      "ccp_alpha": 0.003280022402381004,
      "dropout_rate": 0.002320357780662405,
      "validation_fraction": 0.28365800012634473,
      "n_iter_no_change": null,
      "tol": 1.0180684413880993e-05,
      "random_state": 42,
      "warm_start": false,
      "verbose": 0
    },
    "preprocessing_config": {
      "eps": 1e-06,
      "min_speed": 0.01,
      "max_hours": 9999.0
    }
  },
  "result": {
    "c_index": 0.9422573699900629,
    "mean_brier": 0.04929150229375393,
    "hybrid_score": 0.9481731593913911,
    "std_c_index": 0.0015718643110636534,
    "std_mean_brier": 0.001834709428028228,
    "std_hybrid": 0.001362159884397034
  }
}