{
  "trial_id": 137,
  "config": {
    "model_type": "coxnet",
    "model_params": {
      "l1_ratio": 0.833898612464649,
      "alpha_min_ratio": 0.021776416088377028,
      "n_alphas": 164,
      "max_iter": 19701,
      "tol": 1.2106328200980891e-06
    },
    "seed": 777,
    "cv_n_splits": 5,
    "cv_n_repeats": 10,
    "preprocessing_config": {
      "eps": 1e-06,
      "min_speed": 0.01,
      "max_hours": 9999.0
    }
  },
  "result": {
    "c_index": 0.9283454786353096,
    "mean_brier": 0.030340598432863408,
    "hybrid_score": 0.9572652246875885,
    "std_c_index": 0.0070409023864839645,
    "std_mean_brier": 0.004887463657177316,
    "std_hybrid": 0.005104402819529745
  }
}