{
  "trial_id": 246,
  "config": {
    "model_type": "coxnet",
    "model_params": {
      "l1_ratio": 0.9327671955660463,
      "alpha_min_ratio": 0.04196455675405006,
      "n_alphas": 123,
      "max_iter": 7140,
      "tol": 5.0632524156445246e-08
    },
    "seed": 2023,
    "cv_n_splits": 5,
    "cv_n_repeats": 10,
    "preprocessing_config": {
      "eps": 1e-06,
      "min_speed": 0.01,
      "max_hours": 9999.0
    }
  },
  "result": {
    "c_index": 0.9345561444186817,
    "mean_brier": 0.025866140875659943,
    "hybrid_score": 0.9622605447126424,
    "std_c_index": 0.0030997631401671996,
    "std_mean_brier": 0.0010043889374543767,
    "std_hybrid": 0.001350982843457216
  }
}