{
  "trial_id": 235,
  "config": {
    "model_type": "coxnet",
    "model_params": {
      "l1_ratio": 0.9537022651933912,
      "alpha_min_ratio": 0.0809603951816058,
      "n_alphas": 180,
      "max_iter": 1586,
      "tol": 3.4906312249247743e-06
    },
    "seed": 42,
    "cv_n_splits": 5,
    "cv_n_repeats": 10,
    "preprocessing_config": {
      "eps": 1e-06,
      "min_speed": 0.01,
      "max_hours": 9999.0
    }
  },
  "result": {
    "c_index": 0.9392928121894668,
    "mean_brier": 0.02538358612504349,
    "hybrid_score": 0.9640193333693097,
    "std_c_index": 0.002210686851517501,
    "std_mean_brier": 0.0008076601605439526,
    "std_hybrid": 0.0010758876831984431
  }
}