{
  "trial_id": 205,
  "config": {
    "model_type": "coxnet",
    "model_params": {
      "l1_ratio": 0.8987627193550916,
      "alpha_min_ratio": 0.053640109966825514,
      "n_alphas": 283,
      "max_iter": 16060,
      "tol": 4.848408797586769e-07
    },
    "seed": 2023,
    "cv_n_splits": 5,
    "cv_n_repeats": 10,
    "preprocessing_config": {
      "eps": 1e-06,
      "min_speed": 0.01,
      "max_hours": 9999.0
    }
  },
  "result": {
    "c_index": 0.9357403113613778,
    "mean_brier": 0.025740323641943886,
    "hybrid_score": 0.9627038668590526,
    "std_c_index": 0.0027853833989904897,
    "std_mean_brier": 0.000937761701739508,
    "std_hybrid": 0.0012526802556327935
  }
}