{
  "trial_id": 116,
  "config": {
    "model_type": "gbsa",
    "model_params": {
      "loss": "coxph",
      "n_estimators": 411,
      "learning_rate": 0.11123356826204822,
      "subsample": 0.576779368815527,
      "max_depth": 1,
      "max_features": "log2",
      "max_leaf_nodes": 31,
      "min_samples_split": 17,
      "min_samples_leaf": 19,
      "min_weight_fraction_leaf": 0.0,
      "min_impurity_decrease": 0.021702338441859922,
      "criterion": "friedman_mse",
      "ccp_alpha": 1.965360224068851e-05,
      "dropout_rate": 0.08519374087576653,
      "validation_fraction": 0.13588561110535027,
      "n_iter_no_change": null,
      "tol": 1.58119900200707e-05,
      "random_state": 777,
      "warm_start": false,
      "verbose": 0
    },
    "seed": 777,
    "cv_n_splits": 5,
    "cv_n_repeats": 10,
    "preprocessing_config": {
      "eps": 1e-06,
      "min_speed": 0.01,
      "max_hours": 9999.0
    }
  },
  "result": {
    "c_index": 0.9406964226565087,
    "mean_brier": 0.1278662820677581,
    "hybrid_score": 0.8927025293495218,
    "std_c_index": 0.003301159553773369,
    "std_mean_brier": 0.00784149622062176,
    "std_hybrid": 0.005386992118460661
  }
}