{
  "trial_id": 209,
  "config": {
    "model_type": "coxnet",
    "model_params": {
      "l1_ratio": 0.9527341642646332,
      "alpha_min_ratio": 0.026303019779551025,
      "n_alphas": 297,
      "max_iter": 16776,
      "tol": 5.074110646309699e-06
    },
    "seed": 2023,
    "cv_n_splits": 5,
    "cv_n_repeats": 10,
    "preprocessing_config": {
      "eps": 1e-06,
      "min_speed": 0.01,
      "max_hours": 9999.0
    }
  },
  "result": {
    "c_index": 0.9313514408744619,
    "mean_brier": 0.02824046407109083,
    "hybrid_score": 0.9596371074125749,
    "std_c_index": 0.00456201010958574,
    "std_mean_brier": 0.0028162715367437024,
    "std_hybrid": 0.00325006621265045
  }
}