{
  "trial_id": 293,
  "config": {
    "model_type": "coxnet",
    "model_params": {
      "l1_ratio": 0.8934832662895522,
      "alpha_min_ratio": 0.01891255653914177,
      "n_alphas": 218,
      "max_iter": 1488,
      "tol": 2.6600712953642375e-05
    },
    "seed": 42,
    "cv_n_splits": 5,
    "cv_n_repeats": 10,
    "preprocessing_config": {
      "eps": 1e-06,
      "min_speed": 0.01,
      "max_hours": 9999.0
    }
  },
  "result": {
    "c_index": 0.9295710500165619,
    "mean_brier": 0.028003516171978125,
    "hybrid_score": 0.9592688536845838,
    "std_c_index": 0.008902724571309705,
    "std_mean_brier": 0.0030631695286955562,
    "std_hybrid": 0.004759021839764179
  }
}