{
  "trial_id": 83,
  "config": {
    "seed": 42,
    "cv_n_splits": 5,
    "cv_n_repeats": 10,
    "gbsa_config": {
      "loss": "coxph",
      "n_estimators": 463,
      "learning_rate": 0.19253328886283003,
      "subsample": 0.6076553485777423,
      "max_depth": 5,
      "max_features": "sqrt",
      "max_leaf_nodes": null,
      "min_samples_split": 6,
      "min_samples_leaf": 18,
      "min_weight_fraction_leaf": 0.0,
      "min_impurity_decrease": 0.03316202651649083,
      "criterion": "friedman_mse",
      "ccp_alpha": 0.008990252019359485,
      "dropout_rate": 0.03096535896350276,
      "validation_fraction": 0.14333646991586557,
      "n_iter_no_change": null,
      "tol": 4.962484086701121e-05,
      "random_state": 42,
      "warm_start": false,
      "verbose": 0
    },
    "preprocessing_config": {
      "eps": 1e-06,
      "min_speed": 0.01,
      "max_hours": 9999.0
    }
  },
  "result": {
    "c_index": 0.9422325273269292,
    "mean_brier": 0.04002926194778385,
    "hybrid_score": 0.9546492748346299,
    "std_c_index": 0.0016248063965798476,
    "std_mean_brier": 0.0011386803840060214,
    "std_hybrid": 0.0008962146873061751
  }
}