{
  "trial_id": 177,
  "config": {
    "model_type": "coxnet",
    "model_params": {
      "l1_ratio": 0.9931242067470528,
      "alpha_min_ratio": 0.06581549106766975,
      "n_alphas": 297,
      "max_iter": 17915,
      "tol": 9.896564317451572e-05
    },
    "seed": 42,
    "cv_n_splits": 5,
    "cv_n_repeats": 10,
    "preprocessing_config": {
      "eps": 1e-06,
      "min_speed": 0.01,
      "max_hours": 9999.0
    }
  },
  "result": {
    "c_index": 0.9392348459754887,
    "mean_brier": 0.02506527647098126,
    "hybrid_score": 0.9642247602629596,
    "std_c_index": 0.0024662035178719772,
    "std_mean_brier": 0.0009397152021993325,
    "std_hybrid": 0.001246186030609141
  }
}