{
  "trial_id": 256,
  "config": {
    "model_type": "coxnet",
    "model_params": {
      "l1_ratio": 0.965146422413183,
      "alpha_min_ratio": 0.02498269087594579,
      "n_alphas": 294,
      "max_iter": 15107,
      "tol": 9.080015572671786e-05
    },
    "seed": 42,
    "cv_n_splits": 5,
    "cv_n_repeats": 10,
    "preprocessing_config": {
      "eps": 1e-06,
      "min_speed": 0.01,
      "max_hours": 9999.0
    }
  },
  "result": {
    "c_index": 0.9323699900629349,
    "mean_brier": 0.026807480311356036,
    "hybrid_score": 0.9609457608009311,
    "std_c_index": 0.008152705329307203,
    "std_mean_brier": 0.003051542196324294,
    "std_hybrid": 0.004507250546402762
  }
}