{
  "trial_id": 166,
  "config": {
    "model_type": "coxnet",
    "model_params": {
      "l1_ratio": 0.8004894602465511,
      "alpha_min_ratio": 0.0426435501649948,
      "n_alphas": 271,
      "max_iter": 16048,
      "tol": 9.33585529868652e-06
    },
    "seed": 1024,
    "cv_n_splits": 5,
    "cv_n_repeats": 10,
    "preprocessing_config": {
      "eps": 1e-06,
      "min_speed": 0.01,
      "max_hours": 9999.0
    }
  },
  "result": {
    "c_index": 0.9353179860881087,
    "mean_brier": 0.026424992461388602,
    "hybrid_score": 0.9620979011034605,
    "std_c_index": 0.0032820846893005812,
    "std_mean_brier": 0.001056962257798124,
    "std_hybrid": 0.001410395433884421
  }
}