{
  "trial_id": 91,
  "config": {
    "seed": 42,
    "cv_n_splits": 5,
    "cv_n_repeats": 10,
    "gbsa_config": {
      "loss": "coxph",
      "n_estimators": 437,
      "learning_rate": 0.06479667505518187,
      "subsample": 0.7573197810435955,
      "max_depth": 5,
      "max_features": 0.5,
      "max_leaf_nodes": null,
      "min_samples_split": 2,
      "min_samples_leaf": 12,
      "min_weight_fraction_leaf": 0.0,
      "min_impurity_decrease": 0.020356723400029857,
      "criterion": "friedman_mse",
      "ccp_alpha": 0.008187878381847178,
      "dropout_rate": 0.1213839480484818,
      "validation_fraction": 0.2955802132974593,
      "n_iter_no_change": null,
      "tol": 1.2184629641116628e-05,
      "random_state": 42,
      "warm_start": false,
      "verbose": 0
    },
    "preprocessing_config": {
      "eps": 1e-06,
      "min_speed": 0.01,
      "max_hours": 9999.0
    }
  },
  "result": {
    "c_index": 0.9008198078834052,
    "mean_brier": 0.16818911441747486,
    "hybrid_score": 0.8525135622727891,
    "std_c_index": 0.006886846453696461,
    "std_mean_brier": 0.007169958368411911,
    "std_hybrid": 0.0048437600036549495
  }
}