{
  "trial_id": 244,
  "config": {
    "model_type": "gbsa",
    "model_params": {
      "loss": "coxph",
      "n_estimators": 384,
      "learning_rate": 0.06676544354195858,
      "subsample": 0.5864955297413124,
      "max_depth": 2,
      "max_features": 0.7,
      "max_leaf_nodes": 31,
      "min_samples_split": 11,
      "min_samples_leaf": 18,
      "min_weight_fraction_leaf": 0.0,
      "min_impurity_decrease": 0.0025795892264496864,
      "criterion": "friedman_mse",
      "ccp_alpha": 1.2102683144006585e-08,
      "dropout_rate": 0.025065719859084373,
      "validation_fraction": 0.21470598192443718,
      "n_iter_no_change": 5,
      "tol": 7.241183339002523e-05,
      "random_state": 2023,
      "warm_start": false,
      "verbose": 0
    },
    "seed": 2023,
    "cv_n_splits": 5,
    "cv_n_repeats": 10,
    "preprocessing_config": {
      "eps": 1e-06,
      "min_speed": 0.01,
      "max_hours": 9999.0
    }
  },
  "result": {
    "c_index": 0.9039375621066578,
    "mean_brier": 0.07567933262798872,
    "hybrid_score": 0.9182057357924052,
    "std_c_index": 0.008514275896622467,
    "std_mean_brier": 0.004777904998503418,
    "std_hybrid": 0.0044205592932855
  }
}