{
  "trial_id": 152,
  "config": {
    "model_type": "coxnet",
    "model_params": {
      "l1_ratio": 0.9939510870755965,
      "alpha_min_ratio": 0.021437463561462526,
      "n_alphas": 86,
      "max_iter": 2439,
      "tol": 6.551009318818104e-07
    },
    "seed": 42,
    "cv_n_splits": 5,
    "cv_n_repeats": 10,
    "preprocessing_config": {
      "eps": 1e-06,
      "min_speed": 0.01,
      "max_hours": 9999.0
    }
  },
  "result": {
    "c_index": 0.9291984100695594,
    "mean_brier": 0.027830870433162264,
    "hybrid_score": 0.959277913717654,
    "std_c_index": 0.008519741731535984,
    "std_mean_brier": 0.0030385371310207754,
    "std_hybrid": 0.004622176091540143
  }
}