{
  "trial_id": 158,
  "config": {
    "model_type": "coxnet",
    "model_params": {
      "l1_ratio": 0.14461067058587618,
      "alpha_min_ratio": 0.04968252958052584,
      "n_alphas": 85,
      "max_iter": 8769,
      "tol": 9.684922988231876e-08
    },
    "seed": 2023,
    "cv_n_splits": 5,
    "cv_n_repeats": 10,
    "preprocessing_config": {
      "eps": 1e-06,
      "min_speed": 0.01,
      "max_hours": 9999.0
    }
  },
  "result": {
    "c_index": 0.9372639947002318,
    "mean_brier": 0.032505540285175036,
    "hybrid_score": 0.9584253202104469,
    "std_c_index": 0.0024834933102321085,
    "std_mean_brier": 0.0008421161048931161,
    "std_hybrid": 0.0008200859649069967
  }
}