{
  "trial_id": 87,
  "config": {
    "model_type": "gbsa",
    "model_params": {
      "loss": "coxph",
      "n_estimators": 61,
      "learning_rate": 0.13894506954636127,
      "subsample": 0.6854511675362049,
      "max_depth": 4,
      "max_features": 1.0,
      "max_leaf_nodes": 16,
      "min_samples_split": 5,
      "min_samples_leaf": 14,
      "min_weight_fraction_leaf": 0.0,
      "min_impurity_decrease": 0.033304631521124416,
      "criterion": "friedman_mse",
      "ccp_alpha": 1.6003773382622434e-06,
      "dropout_rate": 0.06162711419739947,
      "validation_fraction": 0.1991596772464159,
      "n_iter_no_change": null,
      "tol": 0.00022445680547444723,
      "random_state": 2023,
      "warm_start": false,
      "verbose": 0
    },
    "seed": 2023,
    "cv_n_splits": 5,
    "cv_n_repeats": 10,
    "preprocessing_config": {
      "eps": 1e-06,
      "min_speed": 0.01,
      "max_hours": 9999.0
    }
  },
  "result": {
    "c_index": 0.9384357403113613,
    "mean_brier": 0.0917724115573611,
    "hybrid_score": 0.9172900340032555,
    "std_c_index": 0.004733831224110707,
    "std_mean_brier": 0.00547874840229039,
    "std_hybrid": 0.003947011723562885
  }
}