{
  "trial_id": 78,
  "config": {
    "model_type": "coxnet",
    "model_params": {
      "l1_ratio": 0.9660247414619624,
      "alpha_min_ratio": 0.0831806169603549,
      "n_alphas": 208,
      "max_iter": 13966,
      "tol": 2.7498262376107164e-06
    },
    "seed": 42,
    "cv_n_splits": 5,
    "cv_n_repeats": 10,
    "preprocessing_config": {
      "eps": 1e-06,
      "min_speed": 0.01,
      "max_hours": 9999.0
    }
  },
  "result": {
    "c_index": 0.939160317986088,
    "mean_brier": 0.025403805425886366,
    "hybrid_score": 0.9639654315977062,
    "std_c_index": 0.002197807504675649,
    "std_mean_brier": 0.0008035065490470851,
    "std_hybrid": 0.001069315720420253
  }
}