{
  "trial_id": 284,
  "config": {
    "seed": 42,
    "cv_n_splits": 5,
    "cv_n_repeats": 10,
    "gbsa_config": {
      "loss": "coxph",
      "n_estimators": 177,
      "learning_rate": 0.1956347450716425,
      "subsample": 0.6140848622596973,
      "max_depth": 6,
      "max_features": 1.0,
      "max_leaf_nodes": 8,
      "min_samples_split": 3,
      "min_samples_leaf": 8,
      "min_weight_fraction_leaf": 0.0,
      "min_impurity_decrease": 0.03600198562363927,
      "criterion": "friedman_mse",
      "ccp_alpha": 1.0072431474814946e-06,
      "dropout_rate": 0.02604862400367744,
      "validation_fraction": 0.13542995224775503,
      "n_iter_no_change": null,
      "tol": 4.1206856325683734e-05,
      "random_state": 42,
      "warm_start": false,
      "verbose": 0
    },
    "preprocessing_config": {
      "eps": 1e-06,
      "min_speed": 0.01,
      "max_hours": 9999.0
    }
  },
  "result": {
    "c_index": 0.943176548526002,
    "mean_brier": 0.0367329979939545,
    "hybrid_score": 0.9572398659620323,
    "std_c_index": 0.0020454966018056543,
    "std_mean_brier": 0.0019303329216228025,
    "std_hybrid": 0.0015842876672405128
  }
}