{
  "trial_id": 44,
  "config": {
    "model_type": "gbsa",
    "model_params": {
      "loss": "coxph",
      "n_estimators": 464,
      "learning_rate": 0.030215351089324938,
      "subsample": 0.5929850049384279,
      "max_depth": 4,
      "max_features": 1.0,
      "max_leaf_nodes": 8,
      "min_samples_split": 10,
      "min_samples_leaf": 11,
      "min_weight_fraction_leaf": 0.0,
      "min_impurity_decrease": 0.045392955739072934,
      "criterion": "friedman_mse",
      "ccp_alpha": 3.2725056348942596e-08,
      "dropout_rate": 0.14702391608437954,
      "validation_fraction": 0.2794753346777184,
      "n_iter_no_change": 5,
      "tol": 4.8532062630904303e-05,
      "random_state": 777,
      "warm_start": false,
      "verbose": 0
    },
    "seed": 777,
    "cv_n_splits": 5,
    "cv_n_repeats": 10,
    "preprocessing_config": {
      "eps": 1e-06,
      "min_speed": 0.01,
      "max_hours": 9999.0
    }
  },
  "result": {
    "c_index": 0.9356657833719775,
    "mean_brier": 0.2020861730260147,
    "hybrid_score": 0.839239413893383,
    "std_c_index": 0.004646042952326329,
    "std_mean_brier": 0.01644957645178255,
    "std_hybrid": 0.011951210929464181
  }
}