{
  "trial_id": 192,
  "config": {
    "model_type": "gbsa",
    "model_params": {
      "loss": "coxph",
      "n_estimators": 177,
      "learning_rate": 0.11695598660200242,
      "subsample": 0.8060039798452305,
      "max_depth": 1,
      "max_features": "log2",
      "max_leaf_nodes": null,
      "min_samples_split": 5,
      "min_samples_leaf": 10,
      "min_weight_fraction_leaf": 0.0,
      "min_impurity_decrease": 0.046959726642307055,
      "criterion": "friedman_mse",
      "ccp_alpha": 0.0324904044094173,
      "dropout_rate": 0.07331870047637583,
      "validation_fraction": 0.2954058363511174,
      "n_iter_no_change": null,
      "tol": 0.0018021019022065223,
      "random_state": 777,
      "warm_start": false,
      "verbose": 0
    },
    "seed": 777,
    "cv_n_splits": 5,
    "cv_n_repeats": 10,
    "preprocessing_config": {
      "eps": 1e-06,
      "min_speed": 0.01,
      "max_hours": 9999.0
    }
  },
  "result": {
    "c_index": 0.939971844981782,
    "mean_brier": 0.11328626019357269,
    "hybrid_score": 0.9026911713590338,
    "std_c_index": 0.002741386594812119,
    "std_mean_brier": 0.006723820874074853,
    "std_hybrid": 0.004411846153761546
  }
}