{
  "trial_id": 168,
  "config": {
    "model_type": "coxnet",
    "model_params": {
      "l1_ratio": 0.953122803511463,
      "alpha_min_ratio": 0.07467315194297104,
      "n_alphas": 114,
      "max_iter": 14164,
      "tol": 6.409964404931521e-06
    },
    "seed": 777,
    "cv_n_splits": 5,
    "cv_n_repeats": 10,
    "preprocessing_config": {
      "eps": 1e-06,
      "min_speed": 0.01,
      "max_hours": 9999.0
    }
  },
  "result": {
    "c_index": 0.9365766810202055,
    "mean_brier": 0.02552774132199055,
    "hybrid_score": 0.9631035853806681,
    "std_c_index": 0.0035583640312863637,
    "std_mean_brier": 0.00052052735003996,
    "std_hybrid": 0.0013321293393713932
  }
}