{
  "trial_id": 133,
  "config": {
    "model_type": "coxnet",
    "model_params": {
      "l1_ratio": 0.6279864622357132,
      "alpha_min_ratio": 0.00010001241188539691,
      "n_alphas": 161,
      "max_iter": 18831,
      "tol": 5.7752034098303484e-05
    },
    "seed": 2023,
    "cv_n_splits": 5,
    "cv_n_repeats": 10,
    "preprocessing_config": {
      "eps": 1e-06,
      "min_speed": 0.01,
      "max_hours": 9999.0
    }
  },
  "result": {
    "c_index": 0.9136883073865519,
    "mean_brier": 0.04465649924389452,
    "hybrid_score": 0.9428469427452393,
    "std_c_index": 0.02039988073957251,
    "std_mean_brier": 0.009318942428072139,
    "std_hybrid": 0.012119249702372565
  }
}