{
  "trial_id": 42,
  "config": {
    "model_type": "gbsa",
    "model_params": {
      "loss": "coxph",
      "n_estimators": 366,
      "learning_rate": 0.11404304538640528,
      "subsample": 0.7343015399874456,
      "max_depth": 1,
      "max_features": 0.7,
      "max_leaf_nodes": 63,
      "min_samples_split": 16,
      "min_samples_leaf": 5,
      "min_weight_fraction_leaf": 0.0,
      "min_impurity_decrease": 0.015461557429939505,
      "criterion": "friedman_mse",
      "ccp_alpha": 1.663179496571925e-05,
      "dropout_rate": 0.08008647661446264,
      "validation_fraction": 0.21157169237791773,
      "n_iter_no_change": 20,
      "tol": 8.22435032119491e-05,
      "random_state": 1024,
      "warm_start": false,
      "verbose": 0
    },
    "seed": 1024,
    "cv_n_splits": 5,
    "cv_n_repeats": 10,
    "preprocessing_config": {
      "eps": 1e-06,
      "min_speed": 0.01,
      "max_hours": 9999.0
    }
  },
  "result": {
    "c_index": 0.9035152368333884,
    "mean_brier": 0.09920573590588896,
    "hybrid_score": 0.9016105559158942,
    "std_c_index": 0.009095680658996878,
    "std_mean_brier": 0.00569955617397011,
    "std_hybrid": 0.005685034953402111
  }
}