{
  "trial_id": 232,
  "config": {
    "model_type": "coxnet",
    "model_params": {
      "l1_ratio": 0.7234829953440264,
      "alpha_min_ratio": 0.05413301933900895,
      "n_alphas": 99,
      "max_iter": 7592,
      "tol": 4.0546308646481875e-05
    },
    "seed": 777,
    "cv_n_splits": 5,
    "cv_n_repeats": 10,
    "preprocessing_config": {
      "eps": 1e-06,
      "min_speed": 0.01,
      "max_hours": 9999.0
    }
  },
  "result": {
    "c_index": 0.9360301424312688,
    "mean_brier": 0.026645301639881696,
    "hybrid_score": 0.9621573315814633,
    "std_c_index": 0.002833044058938958,
    "std_mean_brier": 0.0004837584240696177,
    "std_hybrid": 0.000940031022837513
  }
}