{
  "trial_id": 282,
  "config": {
    "model_type": "gbsa",
    "model_params": {
      "loss": "coxph",
      "n_estimators": 499,
      "learning_rate": 0.10441438529139467,
      "subsample": 0.5868225447020983,
      "max_depth": 1,
      "max_features": 0.5,
      "max_leaf_nodes": 16,
      "min_samples_split": 19,
      "min_samples_leaf": 20,
      "min_weight_fraction_leaf": 0.0,
      "min_impurity_decrease": 0.007467832265370202,
      "criterion": "friedman_mse",
      "ccp_alpha": 0.03136646062624506,
      "dropout_rate": 0.0969986619571096,
      "validation_fraction": 0.1726609097228666,
      "n_iter_no_change": null,
      "tol": 0.0005870648088561341,
      "random_state": 2023,
      "warm_start": false,
      "verbose": 0
    },
    "seed": 2023,
    "cv_n_splits": 5,
    "cv_n_repeats": 10,
    "preprocessing_config": {
      "eps": 1e-06,
      "min_speed": 0.01,
      "max_hours": 9999.0
    }
  },
  "result": {
    "c_index": 0.9010765154024512,
    "mean_brier": 0.12174514524116035,
    "hybrid_score": 0.885101352951923,
    "std_c_index": 0.00516065427091585,
    "std_mean_brier": 0.005432150286690056,
    "std_hybrid": 0.00393977946286384
  }
}