{
  "trial_id": 119,
  "config": {
    "model_type": "gbsa",
    "model_params": {
      "loss": "coxph",
      "n_estimators": 395,
      "learning_rate": 0.08357950956104998,
      "subsample": 0.7095546346100894,
      "max_depth": 1,
      "max_features": "sqrt",
      "max_leaf_nodes": 31,
      "min_samples_split": 19,
      "min_samples_leaf": 7,
      "min_weight_fraction_leaf": 0.0,
      "min_impurity_decrease": 0.020855879846919854,
      "criterion": "friedman_mse",
      "ccp_alpha": 1.346136575828298e-07,
      "dropout_rate": 0.11180406884486259,
      "validation_fraction": 0.26368407794803633,
      "n_iter_no_change": null,
      "tol": 0.0016940444086931622,
      "random_state": 2023,
      "warm_start": false,
      "verbose": 0
    },
    "seed": 2023,
    "cv_n_splits": 5,
    "cv_n_repeats": 10,
    "preprocessing_config": {
      "eps": 1e-06,
      "min_speed": 0.01,
      "max_hours": 9999.0
    }
  },
  "result": {
    "c_index": 0.9388373633653527,
    "mean_brier": 0.1630675751917161,
    "hybrid_score": 0.8675039063754045,
    "std_c_index": 0.0052561397753541,
    "std_mean_brier": 0.008106119201938634,
    "std_hybrid": 0.0056089714769798705
  }
}