{
  "trial_id": 167,
  "config": {
    "model_type": "gbsa",
    "model_params": {
      "loss": "coxph",
      "n_estimators": 459,
      "learning_rate": 0.03859777080710119,
      "subsample": 0.5120241535451865,
      "max_depth": 2,
      "max_features": "sqrt",
      "max_leaf_nodes": 63,
      "min_samples_split": 17,
      "min_samples_leaf": 10,
      "min_weight_fraction_leaf": 0.0,
      "min_impurity_decrease": 0.03893152994989516,
      "criterion": "friedman_mse",
      "ccp_alpha": 3.5631681556066714e-07,
      "dropout_rate": 0.026077416702972686,
      "validation_fraction": 0.24639638717212847,
      "n_iter_no_change": null,
      "tol": 3.573213631905143e-05,
      "random_state": 2023,
      "warm_start": false,
      "verbose": 0
    },
    "seed": 2023,
    "cv_n_splits": 5,
    "cv_n_repeats": 10,
    "preprocessing_config": {
      "eps": 1e-06,
      "min_speed": 0.01,
      "max_hours": 9999.0
    }
  },
  "result": {
    "c_index": 0.9407833719774761,
    "mean_brier": 0.10608294560549565,
    "hybrid_score": 0.9079769496693959,
    "std_c_index": 0.003111333497921084,
    "std_mean_brier": 0.005461692363251932,
    "std_hybrid": 0.004010762604706487
  }
}