{
  "trial_id": 289,
  "config": {
    "model_type": "gbsa",
    "model_params": {
      "loss": "coxph",
      "n_estimators": 298,
      "learning_rate": 0.10874607170201066,
      "subsample": 0.8080927601236509,
      "max_depth": 3,
      "max_features": 0.3,
      "max_leaf_nodes": 8,
      "min_samples_split": 18,
      "min_samples_leaf": 2,
      "min_weight_fraction_leaf": 0.0,
      "min_impurity_decrease": 0.004352946373930454,
      "criterion": "friedman_mse",
      "ccp_alpha": 3.3705332398655034e-08,
      "dropout_rate": 0.0029047299017676666,
      "validation_fraction": 0.2835367702313841,
      "n_iter_no_change": null,
      "tol": 0.0024522440685942324,
      "random_state": 1024,
      "warm_start": false,
      "verbose": 0
    },
    "seed": 1024,
    "cv_n_splits": 5,
    "cv_n_repeats": 10,
    "preprocessing_config": {
      "eps": 1e-06,
      "min_speed": 0.01,
      "max_hours": 9999.0
    }
  },
  "result": {
    "c_index": 0.9369907254057634,
    "mean_brier": 0.028750529422125276,
    "hybrid_score": 0.9609718470262413,
    "std_c_index": 0.0034493550456337627,
    "std_mean_brier": 0.002298020961753162,
    "std_hybrid": 0.0022748968917474578
  }
}