{
  "trial_id": 275,
  "config": {
    "model_type": "coxnet",
    "model_params": {
      "l1_ratio": 0.6569314757718334,
      "alpha_min_ratio": 0.028245650440556505,
      "n_alphas": 118,
      "max_iter": 14081,
      "tol": 4.883240934598953e-07
    },
    "seed": 777,
    "cv_n_splits": 5,
    "cv_n_repeats": 10,
    "preprocessing_config": {
      "eps": 1e-06,
      "min_speed": 0.01,
      "max_hours": 9999.0
    }
  },
  "result": {
    "c_index": 0.9303660152368334,
    "mean_brier": 0.02899026117918967,
    "hybrid_score": 0.9588166217456171,
    "std_c_index": 0.0062921070758313455,
    "std_mean_brier": 0.0033585017029045053,
    "std_hybrid": 0.0037344761738713345
  }
}