{
  "trial_id": 96,
  "config": {
    "model_type": "gbsa",
    "model_params": {
      "loss": "coxph",
      "n_estimators": 134,
      "learning_rate": 0.15075245858150496,
      "subsample": 0.8186590182397979,
      "max_depth": 2,
      "max_features": 0.5,
      "max_leaf_nodes": 31,
      "min_samples_split": 20,
      "min_samples_leaf": 14,
      "min_weight_fraction_leaf": 0.0,
      "min_impurity_decrease": 0.046215699450888124,
      "criterion": "friedman_mse",
      "ccp_alpha": 0.0008103850651130136,
      "dropout_rate": 0.010174248553953229,
      "validation_fraction": 0.2725684424524538,
      "n_iter_no_change": 20,
      "tol": 0.00045762319811809365,
      "random_state": 1024,
      "warm_start": false,
      "verbose": 0
    },
    "seed": 1024,
    "cv_n_splits": 5,
    "cv_n_repeats": 10,
    "preprocessing_config": {
      "eps": 1e-06,
      "min_speed": 0.01,
      "max_hours": 9999.0
    }
  },
  "result": {
    "c_index": 0.9369120569725075,
    "mean_brier": 0.04194017775831845,
    "hybrid_score": 0.951715492660929,
    "std_c_index": 0.003794510669383143,
    "std_mean_brier": 0.003990338170098093,
    "std_hybrid": 0.00366560327043172
  }
}