{
  "trial_id": 4,
  "config": {
    "model_type": "coxnet",
    "model_params": {
      "l1_ratio": 0.6834851247437197,
      "alpha_min_ratio": 0.0001478589047904086,
      "n_alphas": 246,
      "max_iter": 14995,
      "tol": 1.2071949585440253e-05
    },
    "seed": 1024,
    "cv_n_splits": 5,
    "cv_n_repeats": 10,
    "preprocessing_config": {
      "eps": 1e-06,
      "min_speed": 0.01,
      "max_hours": 9999.0
    }
  },
  "result": {
    "c_index": 0.9210831401126202,
    "mean_brier": 0.04204775689224425,
    "hybrid_score": 0.9468915122092151,
    "std_c_index": 0.012423870779437933,
    "std_mean_brier": 0.005759612097540866,
    "std_hybrid": 0.0061771345269776776
  }
}