{
  "trial_id": 278,
  "config": {
    "model_type": "gbsa",
    "model_params": {
      "loss": "coxph",
      "n_estimators": 373,
      "learning_rate": 0.09780633197818976,
      "subsample": 0.7558043198155566,
      "max_depth": 6,
      "max_features": null,
      "max_leaf_nodes": null,
      "min_samples_split": 8,
      "min_samples_leaf": 15,
      "min_weight_fraction_leaf": 0.0,
      "min_impurity_decrease": 0.005961294722944629,
      "criterion": "friedman_mse",
      "ccp_alpha": 0.009014583063997337,
      "dropout_rate": 0.13311214657171652,
      "validation_fraction": 0.12321757844902782,
      "n_iter_no_change": null,
      "tol": 0.00019337840044978145,
      "random_state": 42,
      "warm_start": false,
      "verbose": 0
    },
    "seed": 42,
    "cv_n_splits": 5,
    "cv_n_repeats": 10,
    "preprocessing_config": {
      "eps": 1e-06,
      "min_speed": 0.01,
      "max_hours": 9999.0
    }
  },
  "result": {
    "c_index": 0.9025173898641935,
    "mean_brier": 0.1480982824654555,
    "hybrid_score": 0.867086419233439,
    "std_c_index": 0.007085561300829787,
    "std_mean_brier": 0.0060981859815910245,
    "std_hybrid": 0.0045093651615078795
  }
}