{
  "trial_id": 112,
  "config": {
    "model_type": "gbsa",
    "model_params": {
      "loss": "coxph",
      "n_estimators": 242,
      "learning_rate": 0.12827535308084378,
      "subsample": 0.6339155634461767,
      "max_depth": 2,
      "max_features": "log2",
      "max_leaf_nodes": 31,
      "min_samples_split": 16,
      "min_samples_leaf": 10,
      "min_weight_fraction_leaf": 0.0,
      "min_impurity_decrease": 0.017438581975292113,
      "criterion": "friedman_mse",
      "ccp_alpha": 0.0008428704848572371,
      "dropout_rate": 0.00644179745810394,
      "validation_fraction": 0.13864218930730415,
      "n_iter_no_change": null,
      "tol": 2.645912171983862e-05,
      "random_state": 777,
      "warm_start": false,
      "verbose": 0
    },
    "seed": 777,
    "cv_n_splits": 5,
    "cv_n_repeats": 10,
    "preprocessing_config": {
      "eps": 1e-06,
      "min_speed": 0.01,
      "max_hours": 9999.0
    }
  },
  "result": {
    "c_index": 0.9405515071215635,
    "mean_brier": 0.030676852558322733,
    "hybrid_score": 0.9606916553456433,
    "std_c_index": 0.002152855625150942,
    "std_mean_brier": 0.0011713524410198383,
    "std_hybrid": 0.000719489243867763
  }
}