{
  "trial_id": 226,
  "config": {
    "model_type": "coxnet",
    "model_params": {
      "l1_ratio": 0.8797444148231554,
      "alpha_min_ratio": 0.06521612382267186,
      "n_alphas": 233,
      "max_iter": 17788,
      "tol": 2.1893879300431777e-06
    },
    "seed": 42,
    "cv_n_splits": 5,
    "cv_n_repeats": 10,
    "preprocessing_config": {
      "eps": 1e-06,
      "min_speed": 0.01,
      "max_hours": 9999.0
    }
  },
  "result": {
    "c_index": 0.9394749917191122,
    "mean_brier": 0.025381438938784008,
    "hybrid_score": 0.9640754902585849,
    "std_c_index": 0.002345830941268085,
    "std_mean_brier": 0.0009398984499169494,
    "std_hybrid": 0.0011640601651923032
  }
}