{
  "trial_id": 243,
  "config": {
    "model_type": "gbsa",
    "model_params": {
      "loss": "coxph",
      "n_estimators": 269,
      "learning_rate": 0.11932926079726723,
      "subsample": 0.6309681380492601,
      "max_depth": 1,
      "max_features": null,
      "max_leaf_nodes": 31,
      "min_samples_split": 5,
      "min_samples_leaf": 9,
      "min_weight_fraction_leaf": 0.0,
      "min_impurity_decrease": 0.030375726468399103,
      "criterion": "friedman_mse",
      "ccp_alpha": 0.02751843134738668,
      "dropout_rate": 0.001794265658274622,
      "validation_fraction": 0.1469993419051418,
      "n_iter_no_change": null,
      "tol": 0.001226553433037841,
      "random_state": 1024,
      "warm_start": false,
      "verbose": 0
    },
    "seed": 1024,
    "cv_n_splits": 5,
    "cv_n_repeats": 10,
    "preprocessing_config": {
      "eps": 1e-06,
      "min_speed": 0.01,
      "max_hours": 9999.0
    }
  },
  "result": {
    "c_index": 0.9382784034448493,
    "mean_brier": 0.032761657229953736,
    "hybrid_score": 0.958550360972487,
    "std_c_index": 0.003087397137943313,
    "std_mean_brier": 0.0010713923686298294,
    "std_hybrid": 0.0011004618537577616
  }
}