{
  "trial_id": 34,
  "config": {
    "model_type": "coxnet",
    "model_params": {
      "l1_ratio": 0.9906957692716181,
      "alpha_min_ratio": 0.09958092724908472,
      "n_alphas": 294,
      "max_iter": 10759,
      "tol": 1.2396338418045771e-06
    },
    "seed": 42,
    "cv_n_splits": 5,
    "cv_n_repeats": 10,
    "preprocessing_config": {
      "eps": 1e-06,
      "min_speed": 0.01,
      "max_hours": 9999.0
    }
  },
  "result": {
    "c_index": 0.9389118913547533,
    "mean_brier": 0.02576096234010348,
    "hybrid_score": 0.9636408937683536,
    "std_c_index": 0.0025726920354209376,
    "std_mean_brier": 0.0007682077579046408,
    "std_hybrid": 0.001118656432219495
  }
}