{
  "trial_id": 72,
  "config": {
    "model_type": "gbsa",
    "model_params": {
      "loss": "coxph",
      "n_estimators": 143,
      "learning_rate": 0.11654061332859261,
      "subsample": 0.8949220247300972,
      "max_depth": 1,
      "max_features": 1.0,
      "max_leaf_nodes": null,
      "min_samples_split": 14,
      "min_samples_leaf": 12,
      "min_weight_fraction_leaf": 0.0,
      "min_impurity_decrease": 0.04789885078817047,
      "criterion": "friedman_mse",
      "ccp_alpha": 0.05331762422835536,
      "dropout_rate": 0.018705536020233678,
      "validation_fraction": 0.2918191115091495,
      "n_iter_no_change": 20,
      "tol": 9.372223039327485e-05,
      "random_state": 1024,
      "warm_start": false,
      "verbose": 0
    },
    "seed": 1024,
    "cv_n_splits": 5,
    "cv_n_repeats": 10,
    "preprocessing_config": {
      "eps": 1e-06,
      "min_speed": 0.01,
      "max_hours": 9999.0
    }
  },
  "result": {
    "c_index": 0.9112413050679032,
    "mean_brier": 0.050754012613720124,
    "hybrid_score": 0.9378445826907669,
    "std_c_index": 0.008692448461512495,
    "std_mean_brier": 0.0010309767638152197,
    "std_hybrid": 0.0029720015400216478
  }
}