{
  "trial_id": 194,
  "config": {
    "model_type": "coxnet",
    "model_params": {
      "l1_ratio": 0.9423928949087251,
      "alpha_min_ratio": 0.08546059710950114,
      "n_alphas": 263,
      "max_iter": 1083,
      "tol": 5.771581326057367e-07
    },
    "seed": 42,
    "cv_n_splits": 5,
    "cv_n_repeats": 10,
    "preprocessing_config": {
      "eps": 1e-06,
      "min_speed": 0.01,
      "max_hours": 9999.0
    }
  },
  "result": {
    "c_index": 0.9393342166280225,
    "mean_brier": 0.025576334530092604,
    "hybrid_score": 0.9638968308173419,
    "std_c_index": 0.002205951395561676,
    "std_mean_brier": 0.0007760089905133761,
    "std_hybrid": 0.0010624259601791234
  }
}