{
  "trial_id": 121,
  "config": {
    "model_type": "coxnet",
    "model_params": {
      "l1_ratio": 0.9252000823255588,
      "alpha_min_ratio": 0.03305670601088486,
      "n_alphas": 127,
      "max_iter": 8460,
      "tol": 3.467270070283673e-05
    },
    "seed": 777,
    "cv_n_splits": 5,
    "cv_n_repeats": 10,
    "preprocessing_config": {
      "eps": 1e-06,
      "min_speed": 0.01,
      "max_hours": 9999.0
    }
  },
  "result": {
    "c_index": 0.9331152699569394,
    "mean_brier": 0.027530449877805126,
    "hybrid_score": 0.9606632660726182,
    "std_c_index": 0.0035385755421809234,
    "std_mean_brier": 0.002674764389058584,
    "std_hybrid": 0.002419140644437867
  }
}