{
  "trial_id": 213,
  "config": {
    "model_type": "gbsa",
    "model_params": {
      "loss": "coxph",
      "n_estimators": 446,
      "learning_rate": 0.06397918275724176,
      "subsample": 0.6333706277354635,
      "max_depth": 2,
      "max_features": "log2",
      "max_leaf_nodes": 31,
      "min_samples_split": 13,
      "min_samples_leaf": 17,
      "min_weight_fraction_leaf": 0.0,
      "min_impurity_decrease": 0.020015354097986264,
      "criterion": "friedman_mse",
      "ccp_alpha": 3.2950881567806233e-06,
      "dropout_rate": 0.022873434696499727,
      "validation_fraction": 0.28234283631384016,
      "n_iter_no_change": null,
      "tol": 0.0073111276061643945,
      "random_state": 2023,
      "warm_start": false,
      "verbose": 0
    },
    "seed": 2023,
    "cv_n_splits": 5,
    "cv_n_repeats": 10,
    "preprocessing_config": {
      "eps": 1e-06,
      "min_speed": 0.01,
      "max_hours": 9999.0
    }
  },
  "result": {
    "c_index": 0.9390278237827097,
    "mean_brier": 0.07118259970213983,
    "hybrid_score": 0.931880527343315,
    "std_c_index": 0.004445695426525605,
    "std_mean_brier": 0.0038295430102077642,
    "std_hybrid": 0.003526487109197707
  }
}