{
  "trial_id": 66,
  "config": {
    "model_type": "coxnet",
    "model_params": {
      "l1_ratio": 0.8961357639173643,
      "alpha_min_ratio": 0.08601382663244603,
      "n_alphas": 251,
      "max_iter": 512,
      "tol": 7.822193305506699e-06
    },
    "seed": 42,
    "cv_n_splits": 5,
    "cv_n_repeats": 10,
    "preprocessing_config": {
      "eps": 1e-06,
      "min_speed": 0.01,
      "max_hours": 9999.0
    }
  },
  "result": {
    "c_index": 0.9392845313017556,
    "mean_brier": 0.025829521532812455,
    "hybrid_score": 0.9637046943175578,
    "std_c_index": 0.0029796930818394144,
    "std_mean_brier": 0.0009151419679383565,
    "std_hybrid": 0.0014137189681408312
  }
}