{
  "trial_id": 112,
  "config": {
    "model_type": "coxnet",
    "model_params": {
      "l1_ratio": 0.8695178460134317,
      "alpha_min_ratio": 0.09169166098234735,
      "n_alphas": 262,
      "max_iter": 11004,
      "tol": 3.698877694242484e-08
    },
    "seed": 2023,
    "cv_n_splits": 5,
    "cv_n_repeats": 10,
    "preprocessing_config": {
      "eps": 1e-06,
      "min_speed": 0.01,
      "max_hours": 9999.0
    }
  },
  "result": {
    "c_index": 0.9372060284862537,
    "mean_brier": 0.02623062649648884,
    "hybrid_score": 0.9628003699983338,
    "std_c_index": 0.0025928701130352207,
    "std_mean_brier": 0.0006911640009343515,
    "std_hybrid": 0.0010878219068669662
  }
}