{
  "trial_id": 97,
  "config": {
    "model_type": "coxnet",
    "model_params": {
      "l1_ratio": 0.6970090007076455,
      "alpha_min_ratio": 0.0936438186706749,
      "n_alphas": 175,
      "max_iter": 172,
      "tol": 6.276452034198833e-05
    },
    "seed": 42,
    "cv_n_splits": 5,
    "cv_n_repeats": 10,
    "preprocessing_config": {
      "eps": 1e-06,
      "min_speed": 0.01,
      "max_hours": 9999.0
    }
  },
  "result": {
    "c_index": 0.9385640940708845,
    "mean_brier": 0.02756156117890158,
    "hybrid_score": 0.9622761353960341,
    "std_c_index": 0.002222442780466777,
    "std_mean_brier": 0.0007881747187712116,
    "std_hybrid": 0.0010424255235635402
  }
}