{
  "trial_id": 229,
  "config": {
    "model_type": "gbsa",
    "model_params": {
      "loss": "coxph",
      "n_estimators": 295,
      "learning_rate": 0.055193817793800275,
      "subsample": 0.8117235698837987,
      "max_depth": 1,
      "max_features": 0.3,
      "max_leaf_nodes": 31,
      "min_samples_split": 12,
      "min_samples_leaf": 10,
      "min_weight_fraction_leaf": 0.0,
      "min_impurity_decrease": 0.04845858420276799,
      "criterion": "friedman_mse",
      "ccp_alpha": 1.6811829275565312e-08,
      "dropout_rate": 0.029827348887993776,
      "validation_fraction": 0.2461996140136322,
      "n_iter_no_change": null,
      "tol": 2.650849228988716e-05,
      "random_state": 2023,
      "warm_start": false,
      "verbose": 0
    },
    "seed": 2023,
    "cv_n_splits": 5,
    "cv_n_repeats": 10,
    "preprocessing_config": {
      "eps": 1e-06,
      "min_speed": 0.01,
      "max_hours": 9999.0
    }
  },
  "result": {
    "c_index": 0.9168267638290825,
    "mean_brier": 0.08840200112437782,
    "hybrid_score": 0.9131666283616602,
    "std_c_index": 0.005092099588161255,
    "std_mean_brier": 0.004337058558942791,
    "std_hybrid": 0.0034498456854017367
  }
}