{
  "trial_id": 60,
  "config": {
    "model_type": "coxnet",
    "model_params": {
      "l1_ratio": 0.9884901873809299,
      "alpha_min_ratio": 0.0035057487217888456,
      "n_alphas": 72,
      "max_iter": 16255,
      "tol": 4.69399701152694e-06
    },
    "seed": 777,
    "cv_n_splits": 5,
    "cv_n_repeats": 10,
    "preprocessing_config": {
      "eps": 1e-06,
      "min_speed": 0.01,
      "max_hours": 9999.0
    }
  },
  "result": {
    "c_index": 0.9193275919178536,
    "mean_brier": 0.04123770260082799,
    "hybrid_score": 0.9469318857547762,
    "std_c_index": 0.009011401872693312,
    "std_mean_brier": 0.006881770709344228,
    "std_hybrid": 0.006021932963185044
  }
}