{
  "trial_id": 111,
  "config": {
    "model_type": "coxnet",
    "model_params": {
      "l1_ratio": 0.9978581171795886,
      "alpha_min_ratio": 0.07976868984928832,
      "n_alphas": 105,
      "max_iter": 1403,
      "tol": 2.260935930195693e-07
    },
    "seed": 42,
    "cv_n_splits": 5,
    "cv_n_repeats": 10,
    "preprocessing_config": {
      "eps": 1e-06,
      "min_speed": 0.01,
      "max_hours": 9999.0
    }
  },
  "result": {
    "c_index": 0.9392348459754887,
    "mean_brier": 0.025425813927867268,
    "hybrid_score": 0.9639723840431393,
    "std_c_index": 0.002244044176471746,
    "std_mean_brier": 0.0008163496064399525,
    "std_hybrid": 0.0011032639674948698
  }
}