{
  "trial_id": 10,
  "config": {
    "model_type": "coxnet",
    "model_params": {
      "l1_ratio": 0.48718317882998696,
      "alpha_min_ratio": 0.027579338150952086,
      "n_alphas": 179,
      "max_iter": 9775,
      "tol": 1.3676557246714296e-06
    },
    "seed": 42,
    "cv_n_splits": 5,
    "cv_n_repeats": 10,
    "preprocessing_config": {
      "eps": 1e-06,
      "min_speed": 0.01,
      "max_hours": 9999.0
    }
  },
  "result": {
    "c_index": 0.9344816164292812,
    "mean_brier": 0.027594746604905334,
    "hybrid_score": 0.9610281623053506,
    "std_c_index": 0.005307758344110716,
    "std_mean_brier": 0.0028322634890229426,
    "std_hybrid": 0.0035198820078952186
  }
}