{
  "trial_id": 220,
  "config": {
    "model_type": "gbsa",
    "model_params": {
      "loss": "coxph",
      "n_estimators": 339,
      "learning_rate": 0.18433862179858,
      "subsample": 0.8224704157114281,
      "max_depth": 3,
      "max_features": 0.3,
      "max_leaf_nodes": 63,
      "min_samples_split": 5,
      "min_samples_leaf": 1,
      "min_weight_fraction_leaf": 0.0,
      "min_impurity_decrease": 0.04155713532850849,
      "criterion": "friedman_mse",
      "ccp_alpha": 0.00034993541238217377,
      "dropout_rate": 0.011047345234644184,
      "validation_fraction": 0.12103638257693045,
      "n_iter_no_change": null,
      "tol": 0.0020237627200483605,
      "random_state": 42,
      "warm_start": false,
      "verbose": 0
    },
    "seed": 42,
    "cv_n_splits": 5,
    "cv_n_repeats": 10,
    "preprocessing_config": {
      "eps": 1e-06,
      "min_speed": 0.01,
      "max_hours": 9999.0
    }
  },
  "result": {
    "c_index": 0.9389615766810202,
    "mean_brier": 0.029725585388360155,
    "hybrid_score": 0.960880563232454,
    "std_c_index": 0.0014907667958275117,
    "std_mean_brier": 0.0017313225875906623,
    "std_hybrid": 0.0014104103835908207
  }
}