{
  "trial_id": 159,
  "config": {
    "model_type": "gbsa",
    "model_params": {
      "loss": "coxph",
      "n_estimators": 134,
      "learning_rate": 0.0682255140335176,
      "subsample": 0.9111557114692458,
      "max_depth": 1,
      "max_features": 1.0,
      "max_leaf_nodes": 63,
      "min_samples_split": 18,
      "min_samples_leaf": 2,
      "min_weight_fraction_leaf": 0.0,
      "min_impurity_decrease": 0.012040061761260257,
      "criterion": "friedman_mse",
      "ccp_alpha": 1.281536632921496e-05,
      "dropout_rate": 0.04106427402195255,
      "validation_fraction": 0.28072574503021835,
      "n_iter_no_change": 20,
      "tol": 0.0010064854578328906,
      "random_state": 1024,
      "warm_start": false,
      "verbose": 0
    },
    "seed": 1024,
    "cv_n_splits": 5,
    "cv_n_repeats": 10,
    "preprocessing_config": {
      "eps": 1e-06,
      "min_speed": 0.01,
      "max_hours": 9999.0
    }
  },
  "result": {
    "c_index": 0.9036477310367671,
    "mean_brier": 0.09087656628683133,
    "hybrid_score": 0.9074807229102481,
    "std_c_index": 0.008383891715636783,
    "std_mean_brier": 0.004590517626694759,
    "std_hybrid": 0.004297246062357129
  }
}