{
  "trial_id": 211,
  "config": {
    "model_type": "coxnet",
    "model_params": {
      "l1_ratio": 0.9948267823225967,
      "alpha_min_ratio": 0.0996179291936234,
      "n_alphas": 216,
      "max_iter": 15736,
      "tol": 6.429661244326915e-05
    },
    "seed": 42,
    "cv_n_splits": 5,
    "cv_n_repeats": 10,
    "preprocessing_config": {
      "eps": 1e-06,
      "min_speed": 0.01,
      "max_hours": 9999.0
    }
  },
  "result": {
    "c_index": 0.9391768797615103,
    "mean_brier": 0.02579924385309736,
    "hybrid_score": 0.963693593231285,
    "std_c_index": 0.0024989216611386554,
    "std_mean_brier": 0.0007710823273560935,
    "std_hybrid": 0.001101078588090525
  }
}