{
  "trial_id": 186,
  "config": {
    "model_type": "gbsa",
    "model_params": {
      "loss": "coxph",
      "n_estimators": 418,
      "learning_rate": 0.019379491293418954,
      "subsample": 0.5911218658381556,
      "max_depth": 2,
      "max_features": "log2",
      "max_leaf_nodes": 31,
      "min_samples_split": 13,
      "min_samples_leaf": 17,
      "min_weight_fraction_leaf": 0.0,
      "min_impurity_decrease": 0.0016877257456785096,
      "criterion": "friedman_mse",
      "ccp_alpha": 1.2657369170125585e-08,
      "dropout_rate": 0.07606266648762207,
      "validation_fraction": 0.2406301644649723,
      "n_iter_no_change": null,
      "tol": 0.00024145725381567924,
      "random_state": 2023,
      "warm_start": false,
      "verbose": 0
    },
    "seed": 2023,
    "cv_n_splits": 5,
    "cv_n_repeats": 10,
    "preprocessing_config": {
      "eps": 1e-06,
      "min_speed": 0.01,
      "max_hours": 9999.0
    }
  },
  "result": {
    "c_index": 0.9329827757535607,
    "mean_brier": 0.20770918475670846,
    "hybrid_score": 0.8344984033963723,
    "std_c_index": 0.004491730895004726,
    "std_mean_brier": 0.010199431932668179,
    "std_hybrid": 0.007201042728072844
  }
}