{
  "trial_id": 22,
  "config": {
    "model_type": "coxnet",
    "model_params": {
      "l1_ratio": 0.9745179835645015,
      "alpha_min_ratio": 0.02880298135194113,
      "n_alphas": 175,
      "max_iter": 1763,
      "tol": 1.5107600170802948e-06
    },
    "seed": 42,
    "cv_n_splits": 5,
    "cv_n_repeats": 10,
    "preprocessing_config": {
      "eps": 1e-06,
      "min_speed": 0.01,
      "max_hours": 9999.0
    }
  },
  "result": {
    "c_index": 0.9337860218615436,
    "mean_brier": 0.026269575332834888,
    "hybrid_score": 0.9617471038254786,
    "std_c_index": 0.005500928324146647,
    "std_mean_brier": 0.0029293197912585414,
    "std_hybrid": 0.0036704924352814294
  }
}