{
  "trial_id": 92,
  "config": {
    "model_type": "gbsa",
    "model_params": {
      "loss": "coxph",
      "n_estimators": 402,
      "learning_rate": 0.14862562224686546,
      "subsample": 0.9050560652635683,
      "max_depth": 5,
      "max_features": "sqrt",
      "max_leaf_nodes": 63,
      "min_samples_split": 20,
      "min_samples_leaf": 1,
      "min_weight_fraction_leaf": 0.0,
      "min_impurity_decrease": 0.03371331855580248,
      "criterion": "friedman_mse",
      "ccp_alpha": 0.0033887488789956384,
      "dropout_rate": 0.006342231426604432,
      "validation_fraction": 0.25795615669267413,
      "n_iter_no_change": null,
      "tol": 0.002921541721548922,
      "random_state": 1024,
      "warm_start": false,
      "verbose": 0
    },
    "seed": 1024,
    "cv_n_splits": 5,
    "cv_n_repeats": 10,
    "preprocessing_config": {
      "eps": 1e-06,
      "min_speed": 0.01,
      "max_hours": 9999.0
    }
  },
  "result": {
    "c_index": 0.9366843325604506,
    "mean_brier": 0.02833826816392753,
    "hybrid_score": 0.9611685120533858,
    "std_c_index": 0.0031883460958428626,
    "std_mean_brier": 0.0020805410872401474,
    "std_hybrid": 0.0019463734642352947
  }
}