{
  "trial_id": 156,
  "config": {
    "model_type": "coxnet",
    "model_params": {
      "l1_ratio": 0.993277613523029,
      "alpha_min_ratio": 0.03826302964985548,
      "n_alphas": 250,
      "max_iter": 19297,
      "tol": 6.860279459323372e-05
    },
    "seed": 1024,
    "cv_n_splits": 5,
    "cv_n_repeats": 10,
    "preprocessing_config": {
      "eps": 1e-06,
      "min_speed": 0.01,
      "max_hours": 9999.0
    }
  },
  "result": {
    "c_index": 0.9345478635309705,
    "mean_brier": 0.02602984147962008,
    "hybrid_score": 0.9621434700235569,
    "std_c_index": 0.003081380517935147,
    "std_mean_brier": 0.0012011178359300923,
    "std_hybrid": 0.0013893341691477096
  }
}