{
  "trial_id": 29,
  "config": {
    "model_type": "coxnet",
    "model_params": {
      "l1_ratio": 0.9594862862386666,
      "alpha_min_ratio": 0.06469228299175654,
      "n_alphas": 162,
      "max_iter": 11234,
      "tol": 3.6555856476859564e-06
    },
    "seed": 777,
    "cv_n_splits": 5,
    "cv_n_repeats": 10,
    "preprocessing_config": {
      "eps": 1e-06,
      "min_speed": 0.01,
      "max_hours": 9999.0
    }
  },
  "result": {
    "c_index": 0.9362785690626035,
    "mean_brier": 0.025363406713041787,
    "hybrid_score": 0.9631291860196518,
    "std_c_index": 0.0035915098798685184,
    "std_mean_brier": 0.0005201589102058425,
    "std_hybrid": 0.0013279378882146008
  }
}