{
  "trial_id": 203,
  "config": {
    "model_type": "gbsa",
    "model_params": {
      "loss": "coxph",
      "n_estimators": 435,
      "learning_rate": 0.06240749938625712,
      "subsample": 0.7899914014234548,
      "max_depth": 1,
      "max_features": "log2",
      "max_leaf_nodes": 16,
      "min_samples_split": 14,
      "min_samples_leaf": 14,
      "min_weight_fraction_leaf": 0.0,
      "min_impurity_decrease": 0.016007749229760785,
      "criterion": "friedman_mse",
      "ccp_alpha": 1.532881732459748e-08,
      "dropout_rate": 0.022910598320532362,
      "validation_fraction": 0.2624931037134339,
      "n_iter_no_change": 5,
      "tol": 1.937708612354555e-05,
      "random_state": 2023,
      "warm_start": false,
      "verbose": 0
    },
    "seed": 2023,
    "cv_n_splits": 5,
    "cv_n_repeats": 10,
    "preprocessing_config": {
      "eps": 1e-06,
      "min_speed": 0.01,
      "max_hours": 9999.0
    }
  },
  "result": {
    "c_index": 0.9367547201059953,
    "mean_brier": 0.1001381144475659,
    "hybrid_score": 0.9109297359185025,
    "std_c_index": 0.0038870036175022065,
    "std_mean_brier": 0.008131095707491025,
    "std_hybrid": 0.006283155257038905
  }
}