{
  "trial_id": 69,
  "config": {
    "model_type": "coxnet",
    "model_params": {
      "l1_ratio": 0.9752641222557014,
      "alpha_min_ratio": 0.051790451807357286,
      "n_alphas": 214,
      "max_iter": 104,
      "tol": 3.3415118033093476e-05
    },
    "seed": 42,
    "cv_n_splits": 5,
    "cv_n_repeats": 10,
    "preprocessing_config": {
      "eps": 1e-06,
      "min_speed": 0.01,
      "max_hours": 9999.0
    }
  },
  "result": {
    "c_index": 0.9376449155349451,
    "mean_brier": 0.02552523568515202,
    "hybrid_score": 0.9634258096808772,
    "std_c_index": 0.00431655917150787,
    "std_mean_brier": 0.0019476420124359451,
    "std_hybrid": 0.0025608054186187276
  }
}