{
  "trial_id": 157,
  "config": {
    "model_type": "coxnet",
    "model_params": {
      "l1_ratio": 0.6116537684176744,
      "alpha_min_ratio": 0.07451115398319746,
      "n_alphas": 290,
      "max_iter": 17102,
      "tol": 1.4704752160096368e-05
    },
    "seed": 42,
    "cv_n_splits": 5,
    "cv_n_repeats": 10,
    "preprocessing_config": {
      "eps": 1e-06,
      "min_speed": 0.01,
      "max_hours": 9999.0
    }
  },
  "result": {
    "c_index": 0.9384315998675058,
    "mean_brier": 0.027378023350096183,
    "hybrid_score": 0.9623648636151844,
    "std_c_index": 0.002146731299406301,
    "std_mean_brier": 0.000806935730265306,
    "std_hybrid": 0.0009924113025502042
  }
}