{
  "trial_id": 106,
  "config": {
    "model_type": "coxnet",
    "model_params": {
      "l1_ratio": 0.9570238109280783,
      "alpha_min_ratio": 0.025227248683838462,
      "n_alphas": 272,
      "max_iter": 815,
      "tol": 4.1227386071407286e-07
    },
    "seed": 42,
    "cv_n_splits": 5,
    "cv_n_repeats": 10,
    "preprocessing_config": {
      "eps": 1e-06,
      "min_speed": 0.01,
      "max_hours": 9999.0
    }
  },
  "result": {
    "c_index": 0.9326598211328253,
    "mean_brier": 0.026828986675115313,
    "hybrid_score": 0.9610176556672669,
    "std_c_index": 0.007236643086325394,
    "std_mean_brier": 0.003054593722762636,
    "std_hybrid": 0.0042474911200887444
  }
}