{
  "trial_id": 144,
  "config": {
    "model_type": "coxnet",
    "model_params": {
      "l1_ratio": 0.8366082050107837,
      "alpha_min_ratio": 0.060121015371217404,
      "n_alphas": 213,
      "max_iter": 905,
      "tol": 8.151161842628966e-05
    },
    "seed": 42,
    "cv_n_splits": 5,
    "cv_n_repeats": 10,
    "preprocessing_config": {
      "eps": 1e-06,
      "min_speed": 0.01,
      "max_hours": 9999.0
    }
  },
  "result": {
    "c_index": 0.9390029811195759,
    "mean_brier": 0.025753333822820423,
    "hybrid_score": 0.9636735606598984,
    "std_c_index": 0.002294030096796274,
    "std_mean_brier": 0.0010345119153828929,
    "std_hybrid": 0.0011664324841412644
  }
}