{
  "trial_id": 102,
  "config": {
    "model_type": "coxnet",
    "model_params": {
      "l1_ratio": 0.7865144060543591,
      "alpha_min_ratio": 0.06143937720979981,
      "n_alphas": 252,
      "max_iter": 11933,
      "tol": 1.1256526417185068e-05
    },
    "seed": 42,
    "cv_n_splits": 5,
    "cv_n_repeats": 10,
    "preprocessing_config": {
      "eps": 1e-06,
      "min_speed": 0.01,
      "max_hours": 9999.0
    }
  },
  "result": {
    "c_index": 0.9388290824776417,
    "mean_brier": 0.02591182913303215,
    "hybrid_score": 0.96351044435017,
    "std_c_index": 0.0025253449254696724,
    "std_mean_brier": 0.0009480875557804779,
    "std_hybrid": 0.0011707356435340843
  }
}