{
  "trial_id": 53,
  "config": {
    "model_type": "coxnet",
    "model_params": {
      "l1_ratio": 0.9926686673937392,
      "alpha_min_ratio": 0.08285998811451331,
      "n_alphas": 236,
      "max_iter": 582,
      "tol": 1.3277981275844614e-05
    },
    "seed": 42,
    "cv_n_splits": 5,
    "cv_n_repeats": 10,
    "preprocessing_config": {
      "eps": 1e-06,
      "min_speed": 0.01,
      "max_hours": 9999.0
    }
  },
  "result": {
    "c_index": 0.9391685988737992,
    "mean_brier": 0.025369650998671372,
    "hybrid_score": 0.9639918239630697,
    "std_c_index": 0.002233139095050268,
    "std_mean_brier": 0.0008275390865147692,
    "std_hybrid": 0.001090177673517539
  }
}