{
  "trial_id": 210,
  "config": {
    "model_type": "coxnet",
    "model_params": {
      "l1_ratio": 0.9875760397265801,
      "alpha_min_ratio": 0.07401580568556823,
      "n_alphas": 231,
      "max_iter": 18995,
      "tol": 5.860209991439483e-06
    },
    "seed": 42,
    "cv_n_splits": 5,
    "cv_n_repeats": 10,
    "preprocessing_config": {
      "eps": 1e-06,
      "min_speed": 0.01,
      "max_hours": 9999.0
    }
  },
  "result": {
    "c_index": 0.9392348459754885,
    "mean_brier": 0.025142968961890073,
    "hybrid_score": 0.9641703755193234,
    "std_c_index": 0.0022945083186269692,
    "std_mean_brier": 0.0008505817182649439,
    "std_hybrid": 0.0011352046756130428
  }
}