{
  "trial_id": 271,
  "config": {
    "model_type": "coxnet",
    "model_params": {
      "l1_ratio": 0.8334319391822544,
      "alpha_min_ratio": 0.05918340433916079,
      "n_alphas": 297,
      "max_iter": 19426,
      "tol": 8.252659382945557e-07
    },
    "seed": 2023,
    "cv_n_splits": 5,
    "cv_n_repeats": 10,
    "preprocessing_config": {
      "eps": 1e-06,
      "min_speed": 0.01,
      "max_hours": 9999.0
    }
  },
  "result": {
    "c_index": 0.935847962901623,
    "mean_brier": 0.025966282109985295,
    "hybrid_score": 0.9625779913934972,
    "std_c_index": 0.002647307976873213,
    "std_mean_brier": 0.0008737928315995988,
    "std_hybrid": 0.0012185630046932625
  }
}