{
  "trial_id": 167,
  "config": {
    "model_type": "coxnet",
    "model_params": {
      "l1_ratio": 0.965933191062348,
      "alpha_min_ratio": 0.04957031245870519,
      "n_alphas": 126,
      "max_iter": 19227,
      "tol": 2.852827608708199e-07
    },
    "seed": 777,
    "cv_n_splits": 5,
    "cv_n_repeats": 10,
    "preprocessing_config": {
      "eps": 1e-06,
      "min_speed": 0.01,
      "max_hours": 9999.0
    }
  },
  "result": {
    "c_index": 0.9354504802914873,
    "mean_brier": 0.0254227607196628,
    "hybrid_score": 0.9628392115836821,
    "std_c_index": 0.0037376536836982383,
    "std_mean_brier": 0.0007076643620869693,
    "std_hybrid": 0.0013750529753534173
  }
}