{
  "trial_id": 113,
  "config": {
    "seed": 42,
    "cv_n_splits": 5,
    "cv_n_repeats": 10,
    "gbsa_config": {
      "loss": "coxph",
      "n_estimators": 307,
      "learning_rate": 0.130528012440554,
      "subsample": 0.7383004116464132,
      "max_depth": 6,
      "max_features": "sqrt",
      "max_leaf_nodes": 31,
      "min_samples_split": 5,
      "min_samples_leaf": 10,
      "min_weight_fraction_leaf": 0.0,
      "min_impurity_decrease": 0.03736500585640243,
      "criterion": "friedman_mse",
      "ccp_alpha": 0.010024088197892564,
      "dropout_rate": 0.12617432528365077,
      "validation_fraction": 0.26521872253473683,
      "n_iter_no_change": null,
      "tol": 3.8326196960424775e-05,
      "random_state": 42,
      "warm_start": false,
      "verbose": 0
    },
    "preprocessing_config": {
      "eps": 1e-06,
      "min_speed": 0.01,
      "max_hours": 9999.0
    }
  },
  "result": {
    "c_index": 0.9275629347466049,
    "mean_brier": 0.12549258096894894,
    "hybrid_score": 0.8904240737457171,
    "std_c_index": 0.004512675437581208,
    "std_mean_brier": 0.005081330240202346,
    "std_hybrid": 0.0037339312634071626
  }
}