{
  "trial_id": 135,
  "config": {
    "model_type": "coxnet",
    "model_params": {
      "l1_ratio": 0.9468699543249324,
      "alpha_min_ratio": 0.04927169955574554,
      "n_alphas": 251,
      "max_iter": 19083,
      "tol": 4.800921738291021e-05
    },
    "seed": 1024,
    "cv_n_splits": 5,
    "cv_n_repeats": 10,
    "preprocessing_config": {
      "eps": 1e-06,
      "min_speed": 0.01,
      "max_hours": 9999.0
    }
  },
  "result": {
    "c_index": 0.9359970188804241,
    "mean_brier": 0.025811370848013233,
    "hybrid_score": 0.9627311460705178,
    "std_c_index": 0.003113977148213235,
    "std_mean_brier": 0.000911780475126249,
    "std_hybrid": 0.001385261118056043
  }
}