{
  "trial_id": 216,
  "config": {
    "model_type": "coxnet",
    "model_params": {
      "l1_ratio": 0.9548041432592249,
      "alpha_min_ratio": 0.04443758703522092,
      "n_alphas": 163,
      "max_iter": 17165,
      "tol": 1.1805010394605331e-06
    },
    "seed": 777,
    "cv_n_splits": 5,
    "cv_n_repeats": 10,
    "preprocessing_config": {
      "eps": 1e-06,
      "min_speed": 0.01,
      "max_hours": 9999.0
    }
  },
  "result": {
    "c_index": 0.9349039417025505,
    "mean_brier": 0.025860386759336468,
    "hybrid_score": 0.9623689117792296,
    "std_c_index": 0.0032968854562398157,
    "std_mean_brier": 0.0011168781652252271,
    "std_hybrid": 0.0014294502354962309
  }
}