{
  "trial_id": 64,
  "config": {
    "model_type": "coxnet",
    "model_params": {
      "l1_ratio": 0.457428164388732,
      "alpha_min_ratio": 0.0001519642899328928,
      "n_alphas": 271,
      "max_iter": 4888,
      "tol": 1.4206082934534322e-05
    },
    "seed": 42,
    "cv_n_splits": 5,
    "cv_n_repeats": 10,
    "preprocessing_config": {
      "eps": 1e-06,
      "min_speed": 0.01,
      "max_hours": 9999.0
    }
  },
  "result": {
    "c_index": 0.9269874130506791,
    "mean_brier": 0.03729041768226472,
    "hybrid_score": 0.9519929315376183,
    "std_c_index": 0.011744041836157402,
    "std_mean_brier": 0.005384820965813439,
    "std_hybrid": 0.006704657099027416
  }
}