{
  "trial_id": 4,
  "config": {
    "model_type": "gbsa",
    "model_params": {
      "loss": "coxph",
      "n_estimators": 357,
      "learning_rate": 0.10400742057984831,
      "subsample": 0.6211342472160769,
      "max_depth": 1,
      "max_features": 0.3,
      "max_leaf_nodes": 8,
      "min_samples_split": 13,
      "min_samples_leaf": 17,
      "min_weight_fraction_leaf": 0.0,
      "min_impurity_decrease": 0.009144740849380068,
      "criterion": "friedman_mse",
      "ccp_alpha": 0.0032232689108967908,
      "dropout_rate": 0.1556937394869074,
      "validation_fraction": 0.25430281507001296,
      "n_iter_no_change": 10,
      "tol": 0.004538547295507891,
      "random_state": 2023,
      "warm_start": false,
      "verbose": 0
    },
    "seed": 2023,
    "cv_n_splits": 5,
    "cv_n_repeats": 10,
    "preprocessing_config": {
      "eps": 1e-06,
      "min_speed": 0.01,
      "max_hours": 9999.0
    }
  },
  "result": {
    "c_index": 0.9181517058628683,
    "mean_brier": 0.15833779011991136,
    "hybrid_score": 0.8646090586749224,
    "std_c_index": 0.00773527113613632,
    "std_mean_brier": 0.011672384715564909,
    "std_hybrid": 0.009139446152323615
  }
}