{
  "trial_id": 95,
  "config": {
    "model_type": "gbsa",
    "model_params": {
      "loss": "coxph",
      "n_estimators": 227,
      "learning_rate": 0.05861254731925541,
      "subsample": 0.7254643403456523,
      "max_depth": 3,
      "max_features": 0.5,
      "max_leaf_nodes": 8,
      "min_samples_split": 18,
      "min_samples_leaf": 1,
      "min_weight_fraction_leaf": 0.0,
      "min_impurity_decrease": 0.03627820935480167,
      "criterion": "friedman_mse",
      "ccp_alpha": 0.00061866761812636,
      "dropout_rate": 0.037077855841878185,
      "validation_fraction": 0.2361148091934074,
      "n_iter_no_change": null,
      "tol": 1.9286752166553808e-05,
      "random_state": 777,
      "warm_start": false,
      "verbose": 0
    },
    "seed": 777,
    "cv_n_splits": 5,
    "cv_n_repeats": 10,
    "preprocessing_config": {
      "eps": 1e-06,
      "min_speed": 0.01,
      "max_hours": 9999.0
    }
  },
  "result": {
    "c_index": 0.9410607817157999,
    "mean_brier": 0.09597520911295136,
    "hybrid_score": 0.915135588135674,
    "std_c_index": 0.0033190377479454403,
    "std_mean_brier": 0.00969116157053518,
    "std_hybrid": 0.006836728600934579
  }
}