{
  "trial_id": 154,
  "config": {
    "model_type": "coxnet",
    "model_params": {
      "l1_ratio": 0.9340614277056931,
      "alpha_min_ratio": 0.07448862872850297,
      "n_alphas": 283,
      "max_iter": 906,
      "tol": 4.6940418565913e-05
    },
    "seed": 42,
    "cv_n_splits": 5,
    "cv_n_repeats": 10,
    "preprocessing_config": {
      "eps": 1e-06,
      "min_speed": 0.01,
      "max_hours": 9999.0
    }
  },
  "result": {
    "c_index": 0.9395081152699569,
    "mean_brier": 0.02529520541632841,
    "hybrid_score": 0.9641457907895571,
    "std_c_index": 0.0022389811453943755,
    "std_mean_brier": 0.0008370401919714924,
    "std_hybrid": 0.0011068871001595824
  }
}