{
  "trial_id": 121,
  "config": {
    "model_type": "coxnet",
    "model_params": {
      "l1_ratio": 0.9230412219166418,
      "alpha_min_ratio": 0.07216752039904141,
      "n_alphas": 205,
      "max_iter": 17579,
      "tol": 9.830036760836465e-05
    },
    "seed": 1024,
    "cv_n_splits": 5,
    "cv_n_repeats": 10,
    "preprocessing_config": {
      "eps": 1e-06,
      "min_speed": 0.01,
      "max_hours": 9999.0
    }
  },
  "result": {
    "c_index": 0.9363945014905598,
    "mean_brier": 0.025840889007406158,
    "hybrid_score": 0.9628297281419836,
    "std_c_index": 0.003539234357683662,
    "std_mean_brier": 0.000824870812023262,
    "std_hybrid": 0.0015453892312279763
  }
}