{
  "trial_id": 89,
  "config": {
    "model_type": "coxnet",
    "model_params": {
      "l1_ratio": 0.687960787795943,
      "alpha_min_ratio": 0.06563402113097237,
      "n_alphas": 63,
      "max_iter": 12792,
      "tol": 2.4386559725418055e-06
    },
    "seed": 777,
    "cv_n_splits": 5,
    "cv_n_repeats": 10,
    "preprocessing_config": {
      "eps": 1e-06,
      "min_speed": 0.01,
      "max_hours": 9999.0
    }
  },
  "result": {
    "c_index": 0.9362123219609142,
    "mean_brier": 0.02663971677356709,
    "hybrid_score": 0.9622158948467773,
    "std_c_index": 0.003056993754688637,
    "std_mean_brier": 0.00044519437816300676,
    "std_hybrid": 0.0010437918885488214
  }
}