{
  "trial_id": 158,
  "config": {
    "model_type": "coxnet",
    "model_params": {
      "l1_ratio": 0.7662098620450772,
      "alpha_min_ratio": 0.08925368425642743,
      "n_alphas": 178,
      "max_iter": 554,
      "tol": 7.393109009865412e-07
    },
    "seed": 42,
    "cv_n_splits": 5,
    "cv_n_repeats": 10,
    "preprocessing_config": {
      "eps": 1e-06,
      "min_speed": 0.01,
      "max_hours": 9999.0
    }
  },
  "result": {
    "c_index": 0.9392514077509109,
    "mean_brier": 0.02679924037492013,
    "hybrid_score": 0.9630159540628291,
    "std_c_index": 0.002337264970164719,
    "std_mean_brier": 0.0007877005344056531,
    "std_hybrid": 0.0010611259465223557
  }
}