{
  "trial_id": 237,
  "config": {
    "model_type": "coxnet",
    "model_params": {
      "l1_ratio": 0.7200980746055475,
      "alpha_min_ratio": 0.0718495263501638,
      "n_alphas": 90,
      "max_iter": 14447,
      "tol": 9.2493194144913e-06
    },
    "seed": 777,
    "cv_n_splits": 5,
    "cv_n_repeats": 10,
    "preprocessing_config": {
      "eps": 1e-06,
      "min_speed": 0.01,
      "max_hours": 9999.0
    }
  },
  "result": {
    "c_index": 0.9360963895329579,
    "mean_brier": 0.026756068544907564,
    "hybrid_score": 0.9620996688784521,
    "std_c_index": 0.0027861341745418966,
    "std_mean_brier": 0.000472209083212431,
    "std_hybrid": 0.000979669541229239
  }
}