{
  "trial_id": 263,
  "config": {
    "model_type": "coxnet",
    "model_params": {
      "l1_ratio": 0.802857244603065,
      "alpha_min_ratio": 0.0840565931032606,
      "n_alphas": 225,
      "max_iter": 14212,
      "tol": 4.37376080402028e-06
    },
    "seed": 2023,
    "cv_n_splits": 5,
    "cv_n_repeats": 10,
    "preprocessing_config": {
      "eps": 1e-06,
      "min_speed": 0.01,
      "max_hours": 9999.0
    }
  },
  "result": {
    "c_index": 0.9370735342828752,
    "mean_brier": 0.026547431237941947,
    "hybrid_score": 0.9625388584183032,
    "std_c_index": 0.002652586916528984,
    "std_mean_brier": 0.0007155576875585689,
    "std_hybrid": 0.0011129301793495242
  }
}