{
  "trial_id": 208,
  "config": {
    "model_type": "coxnet",
    "model_params": {
      "l1_ratio": 0.9781592165452611,
      "alpha_min_ratio": 0.06763692941485719,
      "n_alphas": 246,
      "max_iter": 19683,
      "tol": 6.384274638082258e-07
    },
    "seed": 2023,
    "cv_n_splits": 5,
    "cv_n_repeats": 10,
    "preprocessing_config": {
      "eps": 1e-06,
      "min_speed": 0.01,
      "max_hours": 9999.0
    }
  },
  "result": {
    "c_index": 0.9356409407088441,
    "mean_brier": 0.025683276310780396,
    "hybrid_score": 0.9627139887951068,
    "std_c_index": 0.002564349063761644,
    "std_mean_brier": 0.0008828654330896657,
    "std_hybrid": 0.0012474008729015647
  }
}