{
  "trial_id": 71,
  "config": {
    "model_type": "coxnet",
    "model_params": {
      "l1_ratio": 0.9386241540701266,
      "alpha_min_ratio": 0.057819689891632026,
      "n_alphas": 239,
      "max_iter": 14744,
      "tol": 1.2895083814840157e-08
    },
    "seed": 2023,
    "cv_n_splits": 5,
    "cv_n_repeats": 10,
    "preprocessing_config": {
      "eps": 1e-06,
      "min_speed": 0.01,
      "max_hours": 9999.0
    }
  },
  "result": {
    "c_index": 0.9355664127194435,
    "mean_brier": 0.02566638480029234,
    "hybrid_score": 0.9627034544556283,
    "std_c_index": 0.0028374459023489656,
    "std_mean_brier": 0.000948705955225181,
    "std_hybrid": 0.0012865010393474001
  }
}