{
  "trial_id": 273,
  "config": {
    "model_type": "coxnet",
    "model_params": {
      "l1_ratio": 0.9566407839974821,
      "alpha_min_ratio": 0.09231727464237137,
      "n_alphas": 252,
      "max_iter": 15293,
      "tol": 8.429783478720708e-05
    },
    "seed": 1024,
    "cv_n_splits": 5,
    "cv_n_repeats": 10,
    "preprocessing_config": {
      "eps": 1e-06,
      "min_speed": 0.01,
      "max_hours": 9999.0
    }
  },
  "result": {
    "c_index": 0.9365352765816495,
    "mean_brier": 0.026034025514424308,
    "hybrid_score": 0.9627367651143979,
    "std_c_index": 0.003598367307129298,
    "std_mean_brier": 0.0007371470778988204,
    "std_hybrid": 0.0015135165220064503
  }
}