{
  "trial_id": 30,
  "config": {
    "model_type": "coxnet",
    "model_params": {
      "l1_ratio": 0.8871277006167894,
      "alpha_min_ratio": 0.023312939586940834,
      "n_alphas": 236,
      "max_iter": 11937,
      "tol": 7.361627808860392e-07
    },
    "seed": 2023,
    "cv_n_splits": 5,
    "cv_n_repeats": 10,
    "preprocessing_config": {
      "eps": 1e-06,
      "min_speed": 0.01,
      "max_hours": 9999.0
    }
  },
  "result": {
    "c_index": 0.9298194766478967,
    "mean_brier": 0.029081477025982093,
    "hybrid_score": 0.9585888090761815,
    "std_c_index": 0.006751260017770277,
    "std_mean_brier": 0.0033094193627229702,
    "std_hybrid": 0.004177306802744818
  }
}