{
  "trial_id": 44,
  "config": {
    "model_type": "coxnet",
    "model_params": {
      "l1_ratio": 0.7369146462447742,
      "alpha_min_ratio": 0.08355427874772463,
      "n_alphas": 158,
      "max_iter": 14388,
      "tol": 1.249904798983951e-06
    },
    "seed": 777,
    "cv_n_splits": 5,
    "cv_n_repeats": 10,
    "preprocessing_config": {
      "eps": 1e-06,
      "min_speed": 0.01,
      "max_hours": 9999.0
    }
  },
  "result": {
    "c_index": 0.9364938721430939,
    "mean_brier": 0.026862349026112935,
    "hybrid_score": 0.9621445173246489,
    "std_c_index": 0.00257253210512578,
    "std_mean_brier": 0.0005032566722880319,
    "std_hybrid": 0.0009542165742044533
  }
}