{
  "trial_id": 249,
  "config": {
    "model_type": "coxnet",
    "model_params": {
      "l1_ratio": 0.680543737777344,
      "alpha_min_ratio": 0.03418463967126326,
      "n_alphas": 197,
      "max_iter": 18424,
      "tol": 1.0342633794267548e-05
    },
    "seed": 1024,
    "cv_n_splits": 5,
    "cv_n_repeats": 10,
    "preprocessing_config": {
      "eps": 1e-06,
      "min_speed": 0.01,
      "max_hours": 9999.0
    }
  },
  "result": {
    "c_index": 0.9339350778403445,
    "mean_brier": 0.026901072937224345,
    "hybrid_score": 0.9613497722960462,
    "std_c_index": 0.003168410916485091,
    "std_mean_brier": 0.0012147718676987743,
    "std_hybrid": 0.001489271845044021
  }
}