{
  "trial_id": 99,
  "config": {
    "model_type": "coxnet",
    "model_params": {
      "l1_ratio": 0.9641146095932083,
      "alpha_min_ratio": 0.04133911217632013,
      "n_alphas": 171,
      "max_iter": 14996,
      "tol": 1.4613036012614884e-07
    },
    "seed": 2023,
    "cv_n_splits": 5,
    "cv_n_repeats": 10,
    "preprocessing_config": {
      "eps": 1e-06,
      "min_speed": 0.01,
      "max_hours": 9999.0
    }
  },
  "result": {
    "c_index": 0.9343574031136137,
    "mean_brier": 0.025881122510377552,
    "hybrid_score": 0.9621904351768199,
    "std_c_index": 0.0031576252944140663,
    "std_mean_brier": 0.0010294870076710738,
    "std_hybrid": 0.0013778426625592455
  }
}