{
  "trial_id": 79,
  "config": {
    "model_type": "coxnet",
    "model_params": {
      "l1_ratio": 0.9483369077040064,
      "alpha_min_ratio": 0.0007106230065411752,
      "n_alphas": 159,
      "max_iter": 13428,
      "tol": 2.131700107767483e-06
    },
    "seed": 1024,
    "cv_n_splits": 5,
    "cv_n_repeats": 10,
    "preprocessing_config": {
      "eps": 1e-06,
      "min_speed": 0.01,
      "max_hours": 9999.0
    }
  },
  "result": {
    "c_index": 0.9102931434249752,
    "mean_brier": 0.05009103601483901,
    "hybrid_score": 0.9380242178171052,
    "std_c_index": 0.014556239014019574,
    "std_mean_brier": 0.010440637920154852,
    "std_hybrid": 0.00970961320556201
  }
}