{
  "trial_id": 50,
  "config": {
    "model_type": "coxnet",
    "model_params": {
      "l1_ratio": 0.6025682954115883,
      "alpha_min_ratio": 0.02755441933748981,
      "n_alphas": 294,
      "max_iter": 3989,
      "tol": 2.1610491868692018e-05
    },
    "seed": 1024,
    "cv_n_splits": 5,
    "cv_n_repeats": 10,
    "preprocessing_config": {
      "eps": 1e-06,
      "min_speed": 0.01,
      "max_hours": 9999.0
    }
  },
  "result": {
    "c_index": 0.9328254388870487,
    "mean_brier": 0.027451151658493482,
    "hybrid_score": 0.960631825505169,
    "std_c_index": 0.003312934695893272,
    "std_mean_brier": 0.001374627375240142,
    "std_hybrid": 0.001639252244459338
  }
}