{
  "trial_id": 139,
  "config": {
    "seed": 42,
    "cv_n_splits": 5,
    "cv_n_repeats": 10,
    "gbsa_config": {
      "loss": "coxph",
      "n_estimators": 363,
      "learning_rate": 0.19136440798480042,
      "subsample": 0.5294864880646415,
      "max_depth": 5,
      "max_features": "sqrt",
      "max_leaf_nodes": 31,
      "min_samples_split": 3,
      "min_samples_leaf": 9,
      "min_weight_fraction_leaf": 0.0,
      "min_impurity_decrease": 0.03087072908188761,
      "criterion": "friedman_mse",
      "ccp_alpha": 4.99492680142191e-05,
      "dropout_rate": 0.017191382994285274,
      "validation_fraction": 0.20948653366180273,
      "n_iter_no_change": 20,
      "tol": 0.0002352261090338669,
      "random_state": 42,
      "warm_start": false,
      "verbose": 0
    },
    "preprocessing_config": {
      "eps": 1e-06,
      "min_speed": 0.01,
      "max_hours": 9999.0
    }
  },
  "result": {
    "c_index": 0.9406591586618086,
    "mean_brier": 0.03995369010553271,
    "hybrid_score": 0.9542301645246697,
    "std_c_index": 0.00270867318052123,
    "std_mean_brier": 0.0037968447510631385,
    "std_hybrid": 0.003246470174519533
  }
}