{
  "trial_id": 215,
  "config": {
    "model_type": "gbsa",
    "model_params": {
      "loss": "coxph",
      "n_estimators": 265,
      "learning_rate": 0.176238443961117,
      "subsample": 0.5185756922310744,
      "max_depth": 5,
      "max_features": "sqrt",
      "max_leaf_nodes": 63,
      "min_samples_split": 6,
      "min_samples_leaf": 16,
      "min_weight_fraction_leaf": 0.0,
      "min_impurity_decrease": 0.02217661659830125,
      "criterion": "friedman_mse",
      "ccp_alpha": 1.1780971961681682e-06,
      "dropout_rate": 0.01739580625601489,
      "validation_fraction": 0.14600761321760491,
      "n_iter_no_change": null,
      "tol": 0.00030868613766161314,
      "random_state": 2023,
      "warm_start": false,
      "verbose": 0
    },
    "seed": 2023,
    "cv_n_splits": 5,
    "cv_n_repeats": 10,
    "preprocessing_config": {
      "eps": 1e-06,
      "min_speed": 0.01,
      "max_hours": 9999.0
    }
  },
  "result": {
    "c_index": 0.9396488903610466,
    "mean_brier": 0.03526521944084047,
    "hybrid_score": 0.9572090134997255,
    "std_c_index": 0.0032449670477374157,
    "std_mean_brier": 0.0032313754460191937,
    "std_hybrid": 0.003049759553079377
  }
}