{
  "trial_id": 201,
  "config": {
    "model_type": "coxnet",
    "model_params": {
      "l1_ratio": 0.9699694464980464,
      "alpha_min_ratio": 0.03196806943546659,
      "n_alphas": 225,
      "max_iter": 1488,
      "tol": 4.495048162710727e-06
    },
    "seed": 42,
    "cv_n_splits": 5,
    "cv_n_repeats": 10,
    "preprocessing_config": {
      "eps": 1e-06,
      "min_speed": 0.01,
      "max_hours": 9999.0
    }
  },
  "result": {
    "c_index": 0.9353593905266644,
    "mean_brier": 0.026012034610695255,
    "hybrid_score": 0.9623993929305128,
    "std_c_index": 0.005135779587426152,
    "std_mean_brier": 0.0029017028591018456,
    "std_hybrid": 0.003474273493071648
  }
}