{
  "trial_id": 7,
  "config": {
    "model_type": "gbsa",
    "model_params": {
      "loss": "coxph",
      "n_estimators": 55,
      "learning_rate": 0.004986804282513911,
      "subsample": 0.8191388201943786,
      "max_depth": 5,
      "max_features": 0.3,
      "max_leaf_nodes": 16,
      "min_samples_split": 10,
      "min_samples_leaf": 5,
      "min_weight_fraction_leaf": 0.0,
      "min_impurity_decrease": 0.03327947414559848,
      "criterion": "friedman_mse",
      "ccp_alpha": 4.793621826876021e-08,
      "dropout_rate": 0.29258231878417074,
      "validation_fraction": 0.25227099549184395,
      "n_iter_no_change": 10,
      "tol": 8.82257421967617e-05,
      "random_state": 1024,
      "warm_start": false,
      "verbose": 0
    },
    "seed": 1024,
    "cv_n_splits": 5,
    "cv_n_repeats": 10,
    "preprocessing_config": {
      "eps": 1e-06,
      "min_speed": 0.01,
      "max_hours": 9999.0
    }
  },
  "result": {
    "c_index": 0.941118747929778,
    "mean_brier": 0.22053623171712106,
    "hybrid_score": 0.8279602621769486,
    "std_c_index": 0.0030798585234892723,
    "std_mean_brier": 0.013700394359218581,
    "std_hybrid": 0.009605454032240123
  }
}