{
  "trial_id": 83,
  "config": {
    "model_type": "coxnet",
    "model_params": {
      "l1_ratio": 0.45992927642664644,
      "alpha_min_ratio": 0.003991614592779897,
      "n_alphas": 53,
      "max_iter": 8619,
      "tol": 4.702696310792222e-08
    },
    "seed": 1024,
    "cv_n_splits": 5,
    "cv_n_repeats": 10,
    "preprocessing_config": {
      "eps": 1e-06,
      "min_speed": 0.01,
      "max_hours": 9999.0
    }
  },
  "result": {
    "c_index": 0.9250910897648227,
    "mean_brier": 0.034337516908813065,
    "hybrid_score": 0.9534910650932776,
    "std_c_index": 0.010774462813505437,
    "std_mean_brier": 0.004174152536079566,
    "std_hybrid": 0.005948486025441101
  }
}