{
  "trial_id": 281,
  "config": {
    "model_type": "coxnet",
    "model_params": {
      "l1_ratio": 0.9630274299737605,
      "alpha_min_ratio": 0.07209144064593369,
      "n_alphas": 190,
      "max_iter": 1785,
      "tol": 8.501610079458035e-05
    },
    "seed": 42,
    "cv_n_splits": 5,
    "cv_n_repeats": 10,
    "preprocessing_config": {
      "eps": 1e-06,
      "min_speed": 0.01,
      "max_hours": 9999.0
    }
  },
  "result": {
    "c_index": 0.9396571712487578,
    "mean_brier": 0.025204547670400573,
    "hybrid_score": 0.9642539680053469,
    "std_c_index": 0.002353885119737144,
    "std_mean_brier": 0.0008598620923059041,
    "std_hybrid": 0.0011581262268074394
  }
}