{
  "trial_id": 91,
  "config": {
    "model_type": "gbsa",
    "model_params": {
      "loss": "coxph",
      "n_estimators": 461,
      "learning_rate": 0.013442977542370607,
      "subsample": 0.8678856866742138,
      "max_depth": 3,
      "max_features": 0.3,
      "max_leaf_nodes": 63,
      "min_samples_split": 17,
      "min_samples_leaf": 3,
      "min_weight_fraction_leaf": 0.0,
      "min_impurity_decrease": 0.026102897044373297,
      "criterion": "friedman_mse",
      "ccp_alpha": 0.06376552565563143,
      "dropout_rate": 0.08802849901115392,
      "validation_fraction": 0.20279879789699407,
      "n_iter_no_change": null,
      "tol": 5.929860441287129e-05,
      "random_state": 1024,
      "warm_start": false,
      "verbose": 0
    },
    "seed": 1024,
    "cv_n_splits": 5,
    "cv_n_repeats": 10,
    "preprocessing_config": {
      "eps": 1e-06,
      "min_speed": 0.01,
      "max_hours": 9999.0
    }
  },
  "result": {
    "c_index": 0.9110342828751243,
    "mean_brier": 0.2062322813859015,
    "hybrid_score": 0.8289476878924061,
    "std_c_index": 0.006957425482193463,
    "std_mean_brier": 0.012401954807032808,
    "std_hybrid": 0.008011202086459793
  }
}