{
  "trial_id": 166,
  "config": {
    "model_type": "coxnet",
    "model_params": {
      "l1_ratio": 0.755743018542227,
      "alpha_min_ratio": 0.04660868504097503,
      "n_alphas": 99,
      "max_iter": 18342,
      "tol": 1.0007040230971931e-05
    },
    "seed": 777,
    "cv_n_splits": 5,
    "cv_n_repeats": 10,
    "preprocessing_config": {
      "eps": 1e-06,
      "min_speed": 0.01,
      "max_hours": 9999.0
    }
  },
  "result": {
    "c_index": 0.9350778403444849,
    "mean_brier": 0.026356458548884985,
    "hybrid_score": 0.962073831119126,
    "std_c_index": 0.0027117852757530527,
    "std_mean_brier": 0.0008052001536315504,
    "std_hybrid": 0.0010235363004473617
  }
}