{
  "trial_id": 268,
  "config": {
    "model_type": "coxnet",
    "model_params": {
      "l1_ratio": 0.9276382411323519,
      "alpha_min_ratio": 0.08700655794874038,
      "n_alphas": 272,
      "max_iter": 14089,
      "tol": 5.4700277933125436e-05
    },
    "seed": 1024,
    "cv_n_splits": 5,
    "cv_n_repeats": 10,
    "preprocessing_config": {
      "eps": 1e-06,
      "min_speed": 0.01,
      "max_hours": 9999.0
    }
  },
  "result": {
    "c_index": 0.9370072871811859,
    "mean_brier": 0.02599232985688297,
    "hybrid_score": 0.9629075552545375,
    "std_c_index": 0.0037116579342976437,
    "std_mean_brier": 0.0007606225488790629,
    "std_hybrid": 0.0015621140871251611
  }
}