{
  "trial_id": 90,
  "config": {
    "model_type": "gbsa",
    "model_params": {
      "loss": "coxph",
      "n_estimators": 194,
      "learning_rate": 0.021935901058423607,
      "subsample": 0.877263575957088,
      "max_depth": 1,
      "max_features": 0.3,
      "max_leaf_nodes": 16,
      "min_samples_split": 17,
      "min_samples_leaf": 1,
      "min_weight_fraction_leaf": 0.0,
      "min_impurity_decrease": 0.03411669989835379,
      "criterion": "friedman_mse",
      "ccp_alpha": 3.091592031057057e-06,
      "dropout_rate": 0.05484862596286873,
      "validation_fraction": 0.14314470688543793,
      "n_iter_no_change": null,
      "tol": 0.0006049607525533518,
      "random_state": 1024,
      "warm_start": false,
      "verbose": 0
    },
    "seed": 1024,
    "cv_n_splits": 5,
    "cv_n_repeats": 10,
    "preprocessing_config": {
      "eps": 1e-06,
      "min_speed": 0.01,
      "max_hours": 9999.0
    }
  },
  "result": {
    "c_index": 0.917998509440212,
    "mean_brier": 0.1758046244372274,
    "hybrid_score": 0.8523363157260044,
    "std_c_index": 0.008802144458517451,
    "std_mean_brier": 0.010698315237621698,
    "std_hybrid": 0.006740165109336393
  }
}