{
  "trial_id": 24,
  "config": {
    "model_type": "coxnet",
    "model_params": {
      "l1_ratio": 0.8855362533853445,
      "alpha_min_ratio": 0.05048763109060173,
      "n_alphas": 63,
      "max_iter": 1770,
      "tol": 3.030038971429521e-08
    },
    "seed": 42,
    "cv_n_splits": 5,
    "cv_n_repeats": 10,
    "preprocessing_config": {
      "eps": 1e-06,
      "min_speed": 0.01,
      "max_hours": 9999.0
    }
  },
  "result": {
    "c_index": 0.9379099039417026,
    "mean_brier": 0.02603520463812605,
    "hybrid_score": 0.9631483279358225,
    "std_c_index": 0.004305074159973716,
    "std_mean_brier": 0.0017835369318594289,
    "std_hybrid": 0.002385670869160048
  }
}