{
  "trial_id": 78,
  "config": {
    "model_type": "coxnet",
    "model_params": {
      "l1_ratio": 0.6769835838489471,
      "alpha_min_ratio": 0.04181276530698743,
      "n_alphas": 93,
      "max_iter": 18025,
      "tol": 9.548712147571462e-08
    },
    "seed": 1024,
    "cv_n_splits": 5,
    "cv_n_repeats": 10,
    "preprocessing_config": {
      "eps": 1e-06,
      "min_speed": 0.01,
      "max_hours": 9999.0
    }
  },
  "result": {
    "c_index": 0.9349950314673732,
    "mean_brier": 0.026595320290762076,
    "hybrid_score": 0.9618817852366787,
    "std_c_index": 0.003366769021241509,
    "std_mean_brier": 0.0011230100263384813,
    "std_hybrid": 0.001454674274227548
  }
}