{
  "trial_id": 255,
  "config": {
    "model_type": "gbsa",
    "model_params": {
      "loss": "coxph",
      "n_estimators": 278,
      "learning_rate": 0.09649500792537993,
      "subsample": 0.9441213827734635,
      "max_depth": 1,
      "max_features": 0.3,
      "max_leaf_nodes": 63,
      "min_samples_split": 16,
      "min_samples_leaf": 7,
      "min_weight_fraction_leaf": 0.0,
      "min_impurity_decrease": 0.04692695212778629,
      "criterion": "friedman_mse",
      "ccp_alpha": 0.0031128487915379538,
      "dropout_rate": 0.04398076983117137,
      "validation_fraction": 0.1849870123320044,
      "n_iter_no_change": null,
      "tol": 0.00030269333798178615,
      "random_state": 1024,
      "warm_start": false,
      "verbose": 0
    },
    "seed": 1024,
    "cv_n_splits": 5,
    "cv_n_repeats": 10,
    "preprocessing_config": {
      "eps": 1e-06,
      "min_speed": 0.01,
      "max_hours": 9999.0
    }
  },
  "result": {
    "c_index": 0.9117961245445512,
    "mean_brier": 0.07143108743113934,
    "hybrid_score": 0.9235370761615677,
    "std_c_index": 0.006358434482191641,
    "std_mean_brier": 0.0035537381291614193,
    "std_hybrid": 0.0023516785988143833
  }
}