{
  "trial_id": 10,
  "config": {
    "model_type": "gbsa",
    "model_params": {
      "loss": "coxph",
      "n_estimators": 368,
      "learning_rate": 0.11116125390129832,
      "subsample": 0.6809596567103922,
      "max_depth": 1,
      "max_features": 0.3,
      "max_leaf_nodes": 8,
      "min_samples_split": 16,
      "min_samples_leaf": 13,
      "min_weight_fraction_leaf": 0.0,
      "min_impurity_decrease": 0.0024124043569273487,
      "criterion": "friedman_mse",
      "ccp_alpha": 0.04646356171299323,
      "dropout_rate": 0.2466265547703072,
      "validation_fraction": 0.2045169345781797,
      "n_iter_no_change": 10,
      "tol": 0.002709282665988518,
      "random_state": 2023,
      "warm_start": false,
      "verbose": 0
    },
    "seed": 2023,
    "cv_n_splits": 5,
    "cv_n_repeats": 10,
    "preprocessing_config": {
      "eps": 1e-06,
      "min_speed": 0.01,
      "max_hours": 9999.0
    }
  },
  "result": {
    "c_index": 0.9050679032792315,
    "mean_brier": 0.17807088703050772,
    "hybrid_score": 0.8468707500624142,
    "std_c_index": 0.005854031231512717,
    "std_mean_brier": 0.013565894724233984,
    "std_hybrid": 0.008801553176557985
  }
}