{
  "trial_id": 123,
  "config": {
    "model_type": "coxnet",
    "model_params": {
      "l1_ratio": 0.9414469210195591,
      "alpha_min_ratio": 0.052773118378121396,
      "n_alphas": 201,
      "max_iter": 422,
      "tol": 3.3394324844564252e-06
    },
    "seed": 42,
    "cv_n_splits": 5,
    "cv_n_repeats": 10,
    "preprocessing_config": {
      "eps": 1e-06,
      "min_speed": 0.01,
      "max_hours": 9999.0
    }
  },
  "result": {
    "c_index": 0.9378436568400131,
    "mean_brier": 0.025702655795081547,
    "hybrid_score": 0.9633612379954469,
    "std_c_index": 0.004373406418660978,
    "std_mean_brier": 0.0019977170487861812,
    "std_hybrid": 0.0026143813378452087
  }
}