{
  "trial_id": 264,
  "config": {
    "model_type": "coxnet",
    "model_params": {
      "l1_ratio": 0.9622197702292073,
      "alpha_min_ratio": 0.059105967232908355,
      "n_alphas": 289,
      "max_iter": 13784,
      "tol": 8.760773989441844e-05
    },
    "seed": 1024,
    "cv_n_splits": 5,
    "cv_n_repeats": 10,
    "preprocessing_config": {
      "eps": 1e-06,
      "min_speed": 0.01,
      "max_hours": 9999.0
    }
  },
  "result": {
    "c_index": 0.9361791984100695,
    "mean_brier": 0.025699006916624738,
    "hybrid_score": 0.9628644546813835,
    "std_c_index": 0.003334031837187673,
    "std_mean_brier": 0.0008340826841081438,
    "std_hybrid": 0.0014578035948788965
  }
}