{
  "trial_id": 115,
  "config": {
    "model_type": "coxnet",
    "model_params": {
      "l1_ratio": 0.7094748563517375,
      "alpha_min_ratio": 0.09001158695043572,
      "n_alphas": 152,
      "max_iter": 13377,
      "tol": 4.463224533584677e-05
    },
    "seed": 2023,
    "cv_n_splits": 5,
    "cv_n_repeats": 10,
    "preprocessing_config": {
      "eps": 1e-06,
      "min_speed": 0.01,
      "max_hours": 9999.0
    }
  },
  "result": {
    "c_index": 0.9372722755879431,
    "mean_brier": 0.027469722427361,
    "hybrid_score": 0.9619528769772302,
    "std_c_index": 0.0026897592924017815,
    "std_mean_brier": 0.000671995810414613,
    "std_hybrid": 0.0009918964419725984
  }
}