{
  "trial_id": 222,
  "config": {
    "model_type": "coxnet",
    "model_params": {
      "l1_ratio": 0.9245017171398117,
      "alpha_min_ratio": 0.056554206498935014,
      "n_alphas": 76,
      "max_iter": 12781,
      "tol": 8.370370423886962e-07
    },
    "seed": 777,
    "cv_n_splits": 5,
    "cv_n_repeats": 10,
    "preprocessing_config": {
      "eps": 1e-06,
      "min_speed": 0.01,
      "max_hours": 9999.0
    }
  },
  "result": {
    "c_index": 0.9359721762172905,
    "mean_brier": 0.025351848553310175,
    "hybrid_score": 0.96304535887787,
    "std_c_index": 0.0036597026997501284,
    "std_mean_brier": 0.0005671681353066711,
    "std_hybrid": 0.001336002725839151
  }
}