{
  "trial_id": 264,
  "config": {
    "model_type": "coxnet",
    "model_params": {
      "l1_ratio": 0.9801126835087677,
      "alpha_min_ratio": 0.01565004808815732,
      "n_alphas": 136,
      "max_iter": 18563,
      "tol": 3.2847268469198747e-06
    },
    "seed": 777,
    "cv_n_splits": 5,
    "cv_n_repeats": 10,
    "preprocessing_config": {
      "eps": 1e-06,
      "min_speed": 0.01,
      "max_hours": 9999.0
    }
  },
  "result": {
    "c_index": 0.9241470685657502,
    "mean_brier": 0.03262103600247338,
    "hybrid_score": 0.9544093953679937,
    "std_c_index": 0.012055334418386448,
    "std_mean_brier": 0.005425995328745297,
    "std_hybrid": 0.00687253224551147
  }
}