{
  "trial_id": 257,
  "config": {
    "model_type": "coxnet",
    "model_params": {
      "l1_ratio": 0.8110751865898937,
      "alpha_min_ratio": 0.00010035995638994316,
      "n_alphas": 96,
      "max_iter": 15284,
      "tol": 4.151020371352082e-08
    },
    "seed": 777,
    "cv_n_splits": 5,
    "cv_n_repeats": 10,
    "preprocessing_config": {
      "eps": 1e-06,
      "min_speed": 0.01,
      "max_hours": 9999.0
    }
  },
  "result": {
    "c_index": 0.90840510102683,
    "mean_brier": 0.05237996154989971,
    "hybrid_score": 0.9358555572231191,
    "std_c_index": 0.014010637990327982,
    "std_mean_brier": 0.014242875198670672,
    "std_hybrid": 0.011783696437745435
  }
}