{
  "trial_id": 69,
  "config": {
    "model_type": "coxnet",
    "model_params": {
      "l1_ratio": 0.8337259028961563,
      "alpha_min_ratio": 0.09787200498631483,
      "n_alphas": 231,
      "max_iter": 19970,
      "tol": 4.489295380607264e-05
    },
    "seed": 1024,
    "cv_n_splits": 5,
    "cv_n_repeats": 10,
    "preprocessing_config": {
      "eps": 1e-06,
      "min_speed": 0.01,
      "max_hours": 9999.0
    }
  },
  "result": {
    "c_index": 0.9371149387214311,
    "mean_brier": 0.026831431260328442,
    "hybrid_score": 0.9623524797341994,
    "std_c_index": 0.0036771617320643865,
    "std_mean_brier": 0.000778800133514739,
    "std_hybrid": 0.0015766302980621796
  }
}