{
  "trial_id": 281,
  "config": {
    "model_type": "coxnet",
    "model_params": {
      "l1_ratio": 0.8955865995639609,
      "alpha_min_ratio": 0.06527328002104106,
      "n_alphas": 194,
      "max_iter": 19576,
      "tol": 3.763582866690242e-05
    },
    "seed": 42,
    "cv_n_splits": 5,
    "cv_n_repeats": 10,
    "preprocessing_config": {
      "eps": 1e-06,
      "min_speed": 0.01,
      "max_hours": 9999.0
    }
  },
  "result": {
    "c_index": 0.939557800596224,
    "mean_brier": 0.025350688951545918,
    "hybrid_score": 0.964121857912785,
    "std_c_index": 0.0023855425174436435,
    "std_mean_brier": 0.0008914603841500331,
    "std_hybrid": 0.0011790547369809991
  }
}