{
  "trial_id": 161,
  "config": {
    "model_type": "gbsa",
    "model_params": {
      "loss": "coxph",
      "n_estimators": 129,
      "learning_rate": 0.1362120440546324,
      "subsample": 0.7519779100336779,
      "max_depth": 2,
      "max_features": 0.3,
      "max_leaf_nodes": 31,
      "min_samples_split": 20,
      "min_samples_leaf": 6,
      "min_weight_fraction_leaf": 0.0,
      "min_impurity_decrease": 0.01531919390511114,
      "criterion": "friedman_mse",
      "ccp_alpha": 0.0002110362809111537,
      "dropout_rate": 6.270909480364517e-05,
      "validation_fraction": 0.2616582898669424,
      "n_iter_no_change": null,
      "tol": 0.0003030246272082321,
      "random_state": 1024,
      "warm_start": false,
      "verbose": 0
    },
    "seed": 1024,
    "cv_n_splits": 5,
    "cv_n_repeats": 10,
    "preprocessing_config": {
      "eps": 1e-06,
      "min_speed": 0.01,
      "max_hours": 9999.0
    }
  },
  "result": {
    "c_index": 0.9399511427625041,
    "mean_brier": 0.03289439215905805,
    "hybrid_score": 0.9589592683174105,
    "std_c_index": 0.0027946033079152346,
    "std_mean_brier": 0.001501891337538726,
    "std_hybrid": 0.001523726102652302
  }
}