{
  "trial_id": 215,
  "config": {
    "model_type": "coxnet",
    "model_params": {
      "l1_ratio": 0.8923460885659416,
      "alpha_min_ratio": 0.07140408636100933,
      "n_alphas": 152,
      "max_iter": 13695,
      "tol": 8.486265486168711e-07
    },
    "seed": 777,
    "cv_n_splits": 5,
    "cv_n_repeats": 10,
    "preprocessing_config": {
      "eps": 1e-06,
      "min_speed": 0.01,
      "max_hours": 9999.0
    }
  },
  "result": {
    "c_index": 0.9367837032129843,
    "mean_brier": 0.025576536042490848,
    "hybrid_score": 0.9631315357341517,
    "std_c_index": 0.0033200473781163672,
    "std_mean_brier": 0.0005022143924560472,
    "std_hybrid": 0.0012254467047476485
  }
}