{
  "trial_id": 144,
  "config": {
    "model_type": "coxnet",
    "model_params": {
      "l1_ratio": 0.032952153884647006,
      "alpha_min_ratio": 0.00011085314505043464,
      "n_alphas": 139,
      "max_iter": 14313,
      "tol": 3.0070965232933344e-05
    },
    "seed": 42,
    "cv_n_splits": 5,
    "cv_n_repeats": 10,
    "preprocessing_config": {
      "eps": 1e-06,
      "min_speed": 0.01,
      "max_hours": 9999.0
    }
  },
  "result": {
    "c_index": 0.9284531301755548,
    "mean_brier": 0.03768057751469482,
    "hybrid_score": 0.9521595347923799,
    "std_c_index": 0.011642939901245352,
    "std_mean_brier": 0.005717814160839615,
    "std_hybrid": 0.0061230091424732775
  }
}