{
  "trial_id": 221,
  "config": {
    "model_type": "gbsa",
    "model_params": {
      "loss": "coxph",
      "n_estimators": 285,
      "learning_rate": 0.08459225789558507,
      "subsample": 0.7700535050310416,
      "max_depth": 4,
      "max_features": 0.7,
      "max_leaf_nodes": 16,
      "min_samples_split": 19,
      "min_samples_leaf": 18,
      "min_weight_fraction_leaf": 0.0,
      "min_impurity_decrease": 0.03334593968733711,
      "criterion": "friedman_mse",
      "ccp_alpha": 0.0024051185728327287,
      "dropout_rate": 0.05150454547209765,
      "validation_fraction": 0.10589103296688361,
      "n_iter_no_change": null,
      "tol": 0.0015925846010893365,
      "random_state": 2023,
      "warm_start": false,
      "verbose": 0
    },
    "seed": 2023,
    "cv_n_splits": 5,
    "cv_n_repeats": 10,
    "preprocessing_config": {
      "eps": 1e-06,
      "min_speed": 0.01,
      "max_hours": 9999.0
    }
  },
  "result": {
    "c_index": 0.9362868499503147,
    "mean_brier": 0.0955989136752478,
    "hybrid_score": 0.9139668154124209,
    "std_c_index": 0.0033854958929469643,
    "std_mean_brier": 0.005198046994261292,
    "std_hybrid": 0.003956787271169173
  }
}