{
  "trial_id": 183,
  "config": {
    "model_type": "gbsa",
    "model_params": {
      "loss": "coxph",
      "n_estimators": 327,
      "learning_rate": 0.07425313135351906,
      "subsample": 0.5017481286381572,
      "max_depth": 6,
      "max_features": null,
      "max_leaf_nodes": 16,
      "min_samples_split": 5,
      "min_samples_leaf": 16,
      "min_weight_fraction_leaf": 0.0,
      "min_impurity_decrease": 0.012732466218597046,
      "criterion": "friedman_mse",
      "ccp_alpha": 3.4741725014778836e-05,
      "dropout_rate": 0.014026628908900846,
      "validation_fraction": 0.14647394750717257,
      "n_iter_no_change": null,
      "tol": 0.000223016856724645,
      "random_state": 2023,
      "warm_start": false,
      "verbose": 0
    },
    "seed": 2023,
    "cv_n_splits": 5,
    "cv_n_repeats": 10,
    "preprocessing_config": {
      "eps": 1e-06,
      "min_speed": 0.01,
      "max_hours": 9999.0
    }
  },
  "result": {
    "c_index": 0.9332767472673071,
    "mean_brier": 0.04624915371585429,
    "hybrid_score": 0.9476086165790942,
    "std_c_index": 0.004452864016888553,
    "std_mean_brier": 0.0036564962202413325,
    "std_hybrid": 0.0036073601005688844
  }
}