{
  "trial_id": 233,
  "config": {
    "model_type": "gbsa",
    "model_params": {
      "loss": "coxph",
      "n_estimators": 359,
      "learning_rate": 0.02495465827936376,
      "subsample": 0.7158786298153959,
      "max_depth": 6,
      "max_features": 1.0,
      "max_leaf_nodes": 31,
      "min_samples_split": 15,
      "min_samples_leaf": 3,
      "min_weight_fraction_leaf": 0.0,
      "min_impurity_decrease": 0.02896791691788574,
      "criterion": "friedman_mse",
      "ccp_alpha": 6.694500555633881e-05,
      "dropout_rate": 0.07360189347627029,
      "validation_fraction": 0.12712114938609342,
      "n_iter_no_change": null,
      "tol": 1.06454241145081e-05,
      "random_state": 777,
      "warm_start": false,
      "verbose": 0
    },
    "seed": 777,
    "cv_n_splits": 5,
    "cv_n_repeats": 10,
    "preprocessing_config": {
      "eps": 1e-06,
      "min_speed": 0.01,
      "max_hours": 9999.0
    }
  },
  "result": {
    "c_index": 0.939023683338854,
    "mean_brier": 0.18804604836327418,
    "hybrid_score": 0.8500748711473642,
    "std_c_index": 0.0029807773947005227,
    "std_mean_brier": 0.013447669204403592,
    "std_hybrid": 0.009518614566290723
  }
}