{
  "trial_id": 195,
  "config": {
    "seed": 42,
    "cv_n_splits": 5,
    "cv_n_repeats": 10,
    "gbsa_config": {
      "loss": "coxph",
      "n_estimators": 273,
      "learning_rate": 0.05238425052700321,
      "subsample": 0.8206700547155743,
      "max_depth": 1,
      "max_features": 0.3,
      "max_leaf_nodes": null,
      "min_samples_split": 4,
      "min_samples_leaf": 14,
      "min_weight_fraction_leaf": 0.0,
      "min_impurity_decrease": 0.03038818009492877,
      "criterion": "friedman_mse",
      "ccp_alpha": 0.010586651040793935,
      "dropout_rate": 0.13669606630253794,
      "validation_fraction": 0.13527896844542076,
      "n_iter_no_change": null,
      "tol": 0.0005225942559984633,
      "random_state": 42,
      "warm_start": false,
      "verbose": 0
    },
    "preprocessing_config": {
      "eps": 1e-06,
      "min_speed": 0.01,
      "max_hours": 9999.0
    }
  },
  "result": {
    "c_index": 0.9105167273931766,
    "mean_brier": 0.18594052545304018,
    "hybrid_score": 0.8429966504008247,
    "std_c_index": 0.004822037067058257,
    "std_mean_brier": 0.008212250890506973,
    "std_hybrid": 0.005965934653359924
  }
}