{
  "trial_id": 283,
  "config": {
    "model_type": "gbsa",
    "model_params": {
      "loss": "coxph",
      "n_estimators": 343,
      "learning_rate": 0.09697828301698809,
      "subsample": 0.8026337609221011,
      "max_depth": 5,
      "max_features": 0.3,
      "max_leaf_nodes": null,
      "min_samples_split": 12,
      "min_samples_leaf": 5,
      "min_weight_fraction_leaf": 0.0,
      "min_impurity_decrease": 0.049010089663293906,
      "criterion": "friedman_mse",
      "ccp_alpha": 1.0869342886648894e-08,
      "dropout_rate": 0.10380588004279338,
      "validation_fraction": 0.20797108374311496,
      "n_iter_no_change": null,
      "tol": 0.0019551492413563258,
      "random_state": 1024,
      "warm_start": false,
      "verbose": 0
    },
    "seed": 1024,
    "cv_n_splits": 5,
    "cv_n_repeats": 10,
    "preprocessing_config": {
      "eps": 1e-06,
      "min_speed": 0.01,
      "max_hours": 9999.0
    }
  },
  "result": {
    "c_index": 0.9410069559456773,
    "mean_brier": 0.12597400277807613,
    "hybrid_score": 0.8941202848390498,
    "std_c_index": 0.002997681351440874,
    "std_mean_brier": 0.008678727515285596,
    "std_hybrid": 0.006400377822679163
  }
}