{
  "trial_id": 119,
  "config": {
    "model_type": "coxnet",
    "model_params": {
      "l1_ratio": 0.83316961858909,
      "alpha_min_ratio": 0.04585618823660673,
      "n_alphas": 294,
      "max_iter": 10639,
      "tol": 2.5459104589058326e-08
    },
    "seed": 2023,
    "cv_n_splits": 5,
    "cv_n_repeats": 10,
    "preprocessing_config": {
      "eps": 1e-06,
      "min_speed": 0.01,
      "max_hours": 9999.0
    }
  },
  "result": {
    "c_index": 0.9352020536601524,
    "mean_brier": 0.025955456822229262,
    "hybrid_score": 0.9623917963224852,
    "std_c_index": 0.0030949367768952833,
    "std_mean_brier": 0.0009285948570047365,
    "std_hybrid": 0.0012933952758168075
  }
}