{
  "trial_id": 268,
  "config": {
    "model_type": "coxnet",
    "model_params": {
      "l1_ratio": 0.9205866783336412,
      "alpha_min_ratio": 0.04653055773196365,
      "n_alphas": 104,
      "max_iter": 14577,
      "tol": 1.0377602988931598e-06
    },
    "seed": 777,
    "cv_n_splits": 5,
    "cv_n_repeats": 10,
    "preprocessing_config": {
      "eps": 1e-06,
      "min_speed": 0.01,
      "max_hours": 9999.0
    }
  },
  "result": {
    "c_index": 0.9352517389864191,
    "mean_brier": 0.025710810922230674,
    "hybrid_score": 0.9625779540503643,
    "std_c_index": 0.00327350728801503,
    "std_mean_brier": 0.0008778871131461568,
    "std_hybrid": 0.001305003515416873
  }
}