{
  "trial_id": 260,
  "config": {
    "model_type": "coxnet",
    "model_params": {
      "l1_ratio": 0.9815614943285216,
      "alpha_min_ratio": 0.06039350402211773,
      "n_alphas": 214,
      "max_iter": 1444,
      "tol": 4.4152080781565146e-05
    },
    "seed": 42,
    "cv_n_splits": 5,
    "cv_n_repeats": 10,
    "preprocessing_config": {
      "eps": 1e-06,
      "min_speed": 0.01,
      "max_hours": 9999.0
    }
  },
  "result": {
    "c_index": 0.9391023517721099,
    "mean_brier": 0.02525069804737546,
    "hybrid_score": 0.9640552168984702,
    "std_c_index": 0.002332566000855673,
    "std_mean_brier": 0.0012774491292870307,
    "std_hybrid": 0.0013289888089977036
  }
}