{
  "trial_id": 128,
  "config": {
    "model_type": "coxnet",
    "model_params": {
      "l1_ratio": 0.9433710625492303,
      "alpha_min_ratio": 0.07358406481742134,
      "n_alphas": 131,
      "max_iter": 15658,
      "tol": 5.544301781647811e-08
    },
    "seed": 1024,
    "cv_n_splits": 5,
    "cv_n_repeats": 10,
    "preprocessing_config": {
      "eps": 1e-06,
      "min_speed": 0.01,
      "max_hours": 9999.0
    }
  },
  "result": {
    "c_index": 0.9362454455117589,
    "mean_brier": 0.02571879796805132,
    "hybrid_score": 0.9628704750758917,
    "std_c_index": 0.0035789245613595017,
    "std_mean_brier": 0.0008082805755175057,
    "std_hybrid": 0.0015437792333603635
  }
}