{
  "trial_id": 7,
  "config": {
    "seed": 42,
    "cv_n_splits": 5,
    "cv_n_repeats": 10,
    "gbsa_config": {
      "loss": "coxph",
      "n_estimators": 159,
      "learning_rate": 0.0016376921277031107,
      "subsample": 0.9486078789766634,
      "max_depth": 6,
      "max_features": 0.5,
      "max_leaf_nodes": 31,
      "min_samples_split": 2,
      "min_samples_leaf": 3,
      "min_weight_fraction_leaf": 0.0,
      "min_impurity_decrease": 0.03317508845540279,
      "criterion": "friedman_mse",
      "ccp_alpha": 1.0850033695663377e-08,
      "dropout_rate": 0.08040402570874933,
      "validation_fraction": 0.2097467578733172,
      "n_iter_no_change": 20,
      "tol": 5.149288946949013e-05,
      "random_state": 42,
      "warm_start": false,
      "verbose": 0
    },
    "preprocessing_config": {
      "eps": 1e-06,
      "min_speed": 0.01,
      "max_hours": 9999.0
    }
  },
  "result": {
    "c_index": 0.9402078502815503,
    "mean_brier": 0.22914488061750302,
    "hybrid_score": 0.8216609386522128,
    "std_c_index": 0.0021840556803466465,
    "std_mean_brier": 0.014368591531857365,
    "std_hybrid": 0.01031159403693854
  }
}