{
  "trial_id": 115,
  "config": {
    "model_type": "gbsa",
    "model_params": {
      "loss": "coxph",
      "n_estimators": 249,
      "learning_rate": 0.0817607974297901,
      "subsample": 0.6957981769780033,
      "max_depth": 2,
      "max_features": 0.3,
      "max_leaf_nodes": 63,
      "min_samples_split": 15,
      "min_samples_leaf": 6,
      "min_weight_fraction_leaf": 0.0,
      "min_impurity_decrease": 0.008417399516861638,
      "criterion": "friedman_mse",
      "ccp_alpha": 0.00011595708445425671,
      "dropout_rate": 0.16786747942846028,
      "validation_fraction": 0.2762100385523172,
      "n_iter_no_change": null,
      "tol": 0.004545717109033469,
      "random_state": 1024,
      "warm_start": false,
      "verbose": 0
    },
    "seed": 1024,
    "cv_n_splits": 5,
    "cv_n_repeats": 10,
    "preprocessing_config": {
      "eps": 1e-06,
      "min_speed": 0.01,
      "max_hours": 9999.0
    }
  },
  "result": {
    "c_index": 0.9401333222921497,
    "mean_brier": 0.16538595362920677,
    "hybrid_score": 0.8662698291472003,
    "std_c_index": 0.002809128676268848,
    "std_mean_brier": 0.010410741096320572,
    "std_hybrid": 0.007639937801228951
  }
}