{
  "trial_id": 232,
  "config": {
    "model_type": "gbsa",
    "model_params": {
      "loss": "coxph",
      "n_estimators": 187,
      "learning_rate": 0.15577912374054065,
      "subsample": 0.7969312267853477,
      "max_depth": 3,
      "max_features": 1.0,
      "max_leaf_nodes": 16,
      "min_samples_split": 16,
      "min_samples_leaf": 14,
      "min_weight_fraction_leaf": 0.0,
      "min_impurity_decrease": 0.038897290656838175,
      "criterion": "friedman_mse",
      "ccp_alpha": 0.00045957033544201495,
      "dropout_rate": 0.008718993982909175,
      "validation_fraction": 0.2392970857999537,
      "n_iter_no_change": 5,
      "tol": 0.0015662457780151505,
      "random_state": 1024,
      "warm_start": false,
      "verbose": 0
    },
    "seed": 1024,
    "cv_n_splits": 5,
    "cv_n_repeats": 10,
    "preprocessing_config": {
      "eps": 1e-06,
      "min_speed": 0.01,
      "max_hours": 9999.0
    }
  },
  "result": {
    "c_index": 0.9326888042398146,
    "mean_brier": 0.04826032213558623,
    "hybrid_score": 0.946024415777034,
    "std_c_index": 0.004038962128250637,
    "std_mean_brier": 0.005282785250234159,
    "std_hybrid": 0.004463193686675631
  }
}