{
  "trial_id": 11,
  "config": {
    "model_type": "coxnet",
    "model_params": {
      "l1_ratio": 0.47343303301996587,
      "alpha_min_ratio": 0.03516968418976514,
      "n_alphas": 290,
      "max_iter": 1498,
      "tol": 3.1639380531259685e-07
    },
    "seed": 42,
    "cv_n_splits": 5,
    "cv_n_repeats": 10,
    "preprocessing_config": {
      "eps": 1e-06,
      "min_speed": 0.01,
      "max_hours": 9999.0
    }
  },
  "result": {
    "c_index": 0.9359142100033123,
    "mean_brier": 0.027572806423508393,
    "hybrid_score": 0.9614732985045379,
    "std_c_index": 0.004560424028047316,
    "std_mean_brier": 0.0024924754331720473,
    "std_hybrid": 0.00302635513140532
  }
}