{
  "trial_id": 62,
  "config": {
    "model_type": "gbsa",
    "model_params": {
      "loss": "coxph",
      "n_estimators": 116,
      "learning_rate": 0.0714112635125377,
      "subsample": 0.7232193718213191,
      "max_depth": 6,
      "max_features": 0.7,
      "max_leaf_nodes": 8,
      "min_samples_split": 6,
      "min_samples_leaf": 19,
      "min_weight_fraction_leaf": 0.0,
      "min_impurity_decrease": 0.026620680498579272,
      "criterion": "friedman_mse",
      "ccp_alpha": 0.015679837977736026,
      "dropout_rate": 0.06583013901667381,
      "validation_fraction": 0.21270602447273354,
      "n_iter_no_change": 20,
      "tol": 2.101834880884913e-05,
      "random_state": 42,
      "warm_start": false,
      "verbose": 0
    },
    "seed": 42,
    "cv_n_splits": 5,
    "cv_n_repeats": 10,
    "preprocessing_config": {
      "eps": 1e-06,
      "min_speed": 0.01,
      "max_hours": 9999.0
    }
  },
  "result": {
    "c_index": 0.8994783040741968,
    "mean_brier": 0.12016271401836698,
    "hybrid_score": 0.8857295914094022,
    "std_c_index": 0.005950778660093641,
    "std_mean_brier": 0.006372232557352867,
    "std_hybrid": 0.004888137255659081
  }
}