{
  "trial_id": 139,
  "config": {
    "model_type": "coxnet",
    "model_params": {
      "l1_ratio": 0.8256760587392344,
      "alpha_min_ratio": 0.06215767073836604,
      "n_alphas": 174,
      "max_iter": 12087,
      "tol": 7.4312326904869405e-06
    },
    "seed": 777,
    "cv_n_splits": 5,
    "cv_n_repeats": 10,
    "preprocessing_config": {
      "eps": 1e-06,
      "min_speed": 0.01,
      "max_hours": 9999.0
    }
  },
  "result": {
    "c_index": 0.9362951308380257,
    "mean_brier": 0.02589196254421499,
    "hybrid_score": 0.9627641654704572,
    "std_c_index": 0.0031719259123787146,
    "std_mean_brier": 0.00045789866815330226,
    "std_hybrid": 0.001105738694179672
  }
}