{
  "trial_id": 234,
  "config": {
    "model_type": "coxnet",
    "model_params": {
      "l1_ratio": 0.9553531941580583,
      "alpha_min_ratio": 0.09276769093461096,
      "n_alphas": 291,
      "max_iter": 12909,
      "tol": 4.9972819668043e-08
    },
    "seed": 2023,
    "cv_n_splits": 5,
    "cv_n_repeats": 10,
    "preprocessing_config": {
      "eps": 1e-06,
      "min_speed": 0.01,
      "max_hours": 9999.0
    }
  },
  "result": {
    "c_index": 0.9363862206028486,
    "mean_brier": 0.02599374715162401,
    "hybrid_score": 0.9627202431747177,
    "std_c_index": 0.0027436619264496437,
    "std_mean_brier": 0.0007155813361468044,
    "std_hybrid": 0.0011311967834793629
  }
}