{
  "trial_id": 217,
  "config": {
    "model_type": "coxnet",
    "model_params": {
      "l1_ratio": 0.9966351156761759,
      "alpha_min_ratio": 0.0567564366131434,
      "n_alphas": 163,
      "max_iter": 496,
      "tol": 7.785434321581234e-05
    },
    "seed": 42,
    "cv_n_splits": 5,
    "cv_n_repeats": 10,
    "preprocessing_config": {
      "eps": 1e-06,
      "min_speed": 0.01,
      "max_hours": 9999.0
    }
  },
  "result": {
    "c_index": 0.9388373633653527,
    "mean_brier": 0.025329174719704257,
    "hybrid_score": 0.9639207867058127,
    "std_c_index": 0.0021724352977317506,
    "std_mean_brier": 0.0014882788812058585,
    "std_hybrid": 0.0014684774878975678
  }
}