{
  "trial_id": 262,
  "config": {
    "model_type": "coxnet",
    "model_params": {
      "l1_ratio": 0.9747653061959262,
      "alpha_min_ratio": 0.07585103900257269,
      "n_alphas": 172,
      "max_iter": 16474,
      "tol": 3.045208288584822e-06
    },
    "seed": 777,
    "cv_n_splits": 5,
    "cv_n_repeats": 10,
    "preprocessing_config": {
      "eps": 1e-06,
      "min_speed": 0.01,
      "max_hours": 9999.0
    }
  },
  "result": {
    "c_index": 0.9362702881748923,
    "mean_brier": 0.0254958026185232,
    "hybrid_score": 0.9630340246195015,
    "std_c_index": 0.0035100025169859184,
    "std_mean_brier": 0.0005170074903133519,
    "std_hybrid": 0.0013258564016155822
  }
}