{
  "trial_id": 64,
  "config": {
    "model_type": "coxnet",
    "model_params": {
      "l1_ratio": 0.8113670161947121,
      "alpha_min_ratio": 0.032743431545050106,
      "n_alphas": 294,
      "max_iter": 2352,
      "tol": 3.8075194966461836e-07
    },
    "seed": 777,
    "cv_n_splits": 5,
    "cv_n_repeats": 10,
    "preprocessing_config": {
      "eps": 1e-06,
      "min_speed": 0.01,
      "max_hours": 9999.0
    }
  },
  "result": {
    "c_index": 0.9321464060947333,
    "mean_brier": 0.02783006213171007,
    "hybrid_score": 0.960162878336223,
    "std_c_index": 0.004725797490251388,
    "std_mean_brier": 0.0026207369914462747,
    "std_hybrid": 0.002845698458736938
  }
}