{
  "trial_id": 225,
  "config": {
    "model_type": "coxnet",
    "model_params": {
      "l1_ratio": 0.834811345840368,
      "alpha_min_ratio": 0.06513582179687084,
      "n_alphas": 164,
      "max_iter": 12057,
      "tol": 2.409711229920851e-07
    },
    "seed": 777,
    "cv_n_splits": 5,
    "cv_n_repeats": 10,
    "preprocessing_config": {
      "eps": 1e-06,
      "min_speed": 0.01,
      "max_hours": 9999.0
    }
  },
  "result": {
    "c_index": 0.9364855912553827,
    "mean_brier": 0.025727114649625127,
    "hybrid_score": 0.9629366971218772,
    "std_c_index": 0.0033069681269878265,
    "std_mean_brier": 0.00046111389532134297,
    "std_hybrid": 0.00116865298248355
  }
}