{
  "trial_id": 68,
  "config": {
    "model_type": "coxnet",
    "model_params": {
      "l1_ratio": 0.146488653942287,
      "alpha_min_ratio": 0.05313000062322229,
      "n_alphas": 80,
      "max_iter": 19400,
      "tol": 2.9104252750862474e-06
    },
    "seed": 2023,
    "cv_n_splits": 5,
    "cv_n_repeats": 10,
    "preprocessing_config": {
      "eps": 1e-06,
      "min_speed": 0.01,
      "max_hours": 9999.0
    }
  },
  "result": {
    "c_index": 0.9374461742298774,
    "mean_brier": 0.03306414420186985,
    "hybrid_score": 0.9580889513276543,
    "std_c_index": 0.002196293750112672,
    "std_mean_brier": 0.0008331775208952077,
    "std_hybrid": 0.0007228273495329608
  }
}