{
  "trial_id": 108,
  "config": {
    "model_type": "coxnet",
    "model_params": {
      "l1_ratio": 0.9447513247442464,
      "alpha_min_ratio": 0.08405099884129752,
      "n_alphas": 138,
      "max_iter": 17290,
      "tol": 5.9458044152477593e-08
    },
    "seed": 1024,
    "cv_n_splits": 5,
    "cv_n_repeats": 10,
    "preprocessing_config": {
      "eps": 1e-06,
      "min_speed": 0.01,
      "max_hours": 9999.0
    }
  },
  "result": {
    "c_index": 0.9363862206028486,
    "mean_brier": 0.025838989689725134,
    "hybrid_score": 0.962828573398047,
    "std_c_index": 0.003626764121922089,
    "std_mean_brier": 0.0007717102706021763,
    "std_hybrid": 0.001543248549622731
  }
}