{
  "trial_id": 134,
  "config": {
    "model_type": "gbsa",
    "model_params": {
      "loss": "coxph",
      "n_estimators": 178,
      "learning_rate": 0.19039080630745006,
      "subsample": 0.7982426749366364,
      "max_depth": 2,
      "max_features": 0.3,
      "max_leaf_nodes": 63,
      "min_samples_split": 15,
      "min_samples_leaf": 10,
      "min_weight_fraction_leaf": 0.0,
      "min_impurity_decrease": 0.0038427429549554664,
      "criterion": "friedman_mse",
      "ccp_alpha": 0.0003613250845195563,
      "dropout_rate": 0.038892611998959034,
      "validation_fraction": 0.27927050722864066,
      "n_iter_no_change": 10,
      "tol": 0.0005575730174244121,
      "random_state": 1024,
      "warm_start": false,
      "verbose": 0
    },
    "seed": 1024,
    "cv_n_splits": 5,
    "cv_n_repeats": 10,
    "preprocessing_config": {
      "eps": 1e-06,
      "min_speed": 0.01,
      "max_hours": 9999.0
    }
  },
  "result": {
    "c_index": 0.9395702219277906,
    "mean_brier": 0.048765006395256445,
    "hybrid_score": 0.9477355621016577,
    "std_c_index": 0.004797316656642876,
    "std_mean_brier": 0.0031339414219018176,
    "std_hybrid": 0.0033499874054260794
  }
}