{
  "trial_id": 284,
  "config": {
    "model_type": "coxnet",
    "model_params": {
      "l1_ratio": 0.9787348045473275,
      "alpha_min_ratio": 0.05325685435818127,
      "n_alphas": 77,
      "max_iter": 18076,
      "tol": 1.473189983174662e-07
    },
    "seed": 777,
    "cv_n_splits": 5,
    "cv_n_repeats": 10,
    "preprocessing_config": {
      "eps": 1e-06,
      "min_speed": 0.01,
      "max_hours": 9999.0
    }
  },
  "result": {
    "c_index": 0.9358314011262007,
    "mean_brier": 0.025297901670782063,
    "hybrid_score": 0.9630408891683127,
    "std_c_index": 0.003753435104791113,
    "std_mean_brier": 0.0006378280651733657,
    "std_hybrid": 0.0013894316960687838
  }
}