{
  "trial_id": 20,
  "config": {
    "model_type": "coxnet",
    "model_params": {
      "l1_ratio": 0.9756786239106847,
      "alpha_min_ratio": 0.09519851865993235,
      "n_alphas": 178,
      "max_iter": 8813,
      "tol": 6.72712469084054e-05
    },
    "seed": 777,
    "cv_n_splits": 5,
    "cv_n_repeats": 10,
    "preprocessing_config": {
      "eps": 1e-06,
      "min_speed": 0.01,
      "max_hours": 9999.0
    }
  },
  "result": {
    "c_index": 0.9361295130838027,
    "mean_brier": 0.025995712500275398,
    "hybrid_score": 0.9626418551749479,
    "std_c_index": 0.0025258879461779403,
    "std_mean_brier": 0.0005293803242123061,
    "std_hybrid": 0.001003386870430763
  }
}