{
  "trial_id": 182,
  "config": {
    "model_type": "coxnet",
    "model_params": {
      "l1_ratio": 0.998298590918766,
      "alpha_min_ratio": 0.054443140903377533,
      "n_alphas": 291,
      "max_iter": 580,
      "tol": 7.065328144545844e-05
    },
    "seed": 42,
    "cv_n_splits": 5,
    "cv_n_repeats": 10,
    "preprocessing_config": {
      "eps": 1e-06,
      "min_speed": 0.01,
      "max_hours": 9999.0
    }
  },
  "result": {
    "c_index": 0.937686319973501,
    "mean_brier": 0.025396300138504403,
    "hybrid_score": 0.9635284858950973,
    "std_c_index": 0.004306260665004485,
    "std_mean_brier": 0.0018469958188554831,
    "std_hybrid": 0.002500394386565428
  }
}