{
  "trial_id": 163,
  "config": {
    "model_type": "coxnet",
    "model_params": {
      "l1_ratio": 0.9006724819414215,
      "alpha_min_ratio": 0.035435212761664094,
      "n_alphas": 288,
      "max_iter": 13156,
      "tol": 9.946926994267522e-05
    },
    "seed": 42,
    "cv_n_splits": 5,
    "cv_n_repeats": 10,
    "preprocessing_config": {
      "eps": 1e-06,
      "min_speed": 0.01,
      "max_hours": 9999.0
    }
  },
  "result": {
    "c_index": 0.9360798277575355,
    "mean_brier": 0.02613464414950612,
    "hybrid_score": 0.9625296974226064,
    "std_c_index": 0.004941470131796132,
    "std_mean_brier": 0.0029512502373539823,
    "std_hybrid": 0.0034457159019981062
  }
}