{
  "trial_id": 241,
  "config": {
    "model_type": "coxnet",
    "model_params": {
      "l1_ratio": 0.5506078452276355,
      "alpha_min_ratio": 0.0076275738509327205,
      "n_alphas": 131,
      "max_iter": 2425,
      "tol": 2.1993298984845792e-07
    },
    "seed": 42,
    "cv_n_splits": 5,
    "cv_n_repeats": 10,
    "preprocessing_config": {
      "eps": 1e-06,
      "min_speed": 0.01,
      "max_hours": 9999.0
    }
  },
  "result": {
    "c_index": 0.927699569393839,
    "mean_brier": 0.031311975447316676,
    "hybrid_score": 0.9563914880050299,
    "std_c_index": 0.00945280289216869,
    "std_mean_brier": 0.0028299059311294055,
    "std_hybrid": 0.004555870673533873
  }
}