{
  "trial_id": 240,
  "config": {
    "model_type": "coxnet",
    "model_params": {
      "l1_ratio": 0.8864379159297234,
      "alpha_min_ratio": 0.08511025585427684,
      "n_alphas": 277,
      "max_iter": 1962,
      "tol": 4.034789643092955e-05
    },
    "seed": 42,
    "cv_n_splits": 5,
    "cv_n_repeats": 10,
    "preprocessing_config": {
      "eps": 1e-06,
      "min_speed": 0.01,
      "max_hours": 9999.0
    }
  },
  "result": {
    "c_index": 0.9396902947996025,
    "mean_brier": 0.025750857359082047,
    "hybrid_score": 0.9638814882885232,
    "std_c_index": 0.0021974954756683322,
    "std_mean_brier": 0.0007899760813764792,
    "std_hybrid": 0.0010666244500168464
  }
}