{
  "trial_id": 242,
  "config": {
    "model_type": "gbsa",
    "model_params": {
      "loss": "coxph",
      "n_estimators": 95,
      "learning_rate": 0.13395968938323627,
      "subsample": 0.6188196684705831,
      "max_depth": 2,
      "max_features": "log2",
      "max_leaf_nodes": 8,
      "min_samples_split": 2,
      "min_samples_leaf": 19,
      "min_weight_fraction_leaf": 0.0,
      "min_impurity_decrease": 0.0361857391813814,
      "criterion": "friedman_mse",
      "ccp_alpha": 0.0003992794205788258,
      "dropout_rate": 0.02421698155884519,
      "validation_fraction": 0.2702367572309331,
      "n_iter_no_change": null,
      "tol": 1.683585109463971e-05,
      "random_state": 777,
      "warm_start": false,
      "verbose": 0
    },
    "seed": 777,
    "cv_n_splits": 5,
    "cv_n_repeats": 10,
    "preprocessing_config": {
      "eps": 1e-06,
      "min_speed": 0.01,
      "max_hours": 9999.0
    }
  },
  "result": {
    "c_index": 0.9322416363034117,
    "mean_brier": 0.055368651239423125,
    "hybrid_score": 0.9409144350234273,
    "std_c_index": 0.005809597516462764,
    "std_mean_brier": 0.002406038471981175,
    "std_hybrid": 0.002305090081908688
  }
}