{
  "trial_id": 3,
  "config": {
    "model_type": "gbsa",
    "model_params": {
      "loss": "coxph",
      "n_estimators": 302,
      "learning_rate": 0.18533763672748535,
      "subsample": 0.6174993408954126,
      "max_depth": 5,
      "max_features": 0.5,
      "max_leaf_nodes": 16,
      "min_samples_split": 20,
      "min_samples_leaf": 10,
      "min_weight_fraction_leaf": 0.0,
      "min_impurity_decrease": 0.04973394982484085,
      "criterion": "friedman_mse",
      "ccp_alpha": 0.015339360517425066,
      "dropout_rate": 0.23487588202137033,
      "validation_fraction": 0.22542918029329048,
      "n_iter_no_change": 20,
      "tol": 0.00497218290397126,
      "random_state": 1024,
      "warm_start": false,
      "verbose": 0
    },
    "seed": 1024,
    "cv_n_splits": 5,
    "cv_n_repeats": 10,
    "preprocessing_config": {
      "eps": 1e-06,
      "min_speed": 0.01,
      "max_hours": 9999.0
    }
  },
  "result": {
    "c_index": 0.906169261344816,
    "mean_brier": 0.13087161417662005,
    "hybrid_score": 0.8802406484798107,
    "std_c_index": 0.008443537625886103,
    "std_mean_brier": 0.007481614919362701,
    "std_hybrid": 0.005610303301991763
  }
}