{
  "trial_id": 6,
  "config": {
    "model_type": "gbsa",
    "model_params": {
      "loss": "coxph",
      "n_estimators": 335,
      "learning_rate": 0.01709360322630515,
      "subsample": 0.5451448850272042,
      "max_depth": 6,
      "max_features": 0.5,
      "max_leaf_nodes": 31,
      "min_samples_split": 19,
      "min_samples_leaf": 3,
      "min_weight_fraction_leaf": 0.0,
      "min_impurity_decrease": 0.017053317552512926,
      "criterion": "friedman_mse",
      "ccp_alpha": 6.227513084319212e-08,
      "dropout_rate": 0.4623468091392814,
      "validation_fraction": 0.27546787067619616,
      "n_iter_no_change": 10,
      "tol": 0.00038810723164094845,
      "random_state": 42,
      "warm_start": false,
      "verbose": 0
    },
    "seed": 42,
    "cv_n_splits": 5,
    "cv_n_repeats": 10,
    "preprocessing_config": {
      "eps": 1e-06,
      "min_speed": 0.01,
      "max_hours": 9999.0
    }
  },
  "result": {
    "c_index": 0.9395039748261015,
    "mean_brier": 0.22207315305612974,
    "hybrid_score": 0.8263999853085394,
    "std_c_index": 0.0023096440934544577,
    "std_mean_brier": 0.011013961751417483,
    "std_hybrid": 0.007475260837972792
  }
}