{
  "trial_id": 2,
  "config": {
    "model_type": "coxnet",
    "model_params": {
      "l1_ratio": 0.020584494295802447,
      "alpha_min_ratio": 0.0812324508558869,
      "n_alphas": 258,
      "max_iter": 503,
      "tol": 5.337032762603946e-08
    },
    "seed": 42,
    "cv_n_splits": 5,
    "cv_n_repeats": 10,
    "preprocessing_config": {
      "eps": 1e-06,
      "min_speed": 0.01,
      "max_hours": 9999.0
    }
  },
  "result": {
    "c_index": 0.9337860218615435,
    "mean_brier": 0.09365238489133981,
    "hybrid_score": 0.9145791371345251,
    "std_c_index": 0.0012344912324335363,
    "std_mean_brier": 0.003123593587247877,
    "std_hybrid": 0.0022595034439779602
  }
}