{
  "trial_id": 203,
  "config": {
    "model_type": "coxnet",
    "model_params": {
      "l1_ratio": 0.9448133902606738,
      "alpha_min_ratio": 0.0706017515821881,
      "n_alphas": 257,
      "max_iter": 1720,
      "tol": 3.162556714285506e-05
    },
    "seed": 42,
    "cv_n_splits": 5,
    "cv_n_repeats": 10,
    "preprocessing_config": {
      "eps": 1e-06,
      "min_speed": 0.01,
      "max_hours": 9999.0
    }
  },
  "result": {
    "c_index": 0.9396157668102021,
    "mean_brier": 0.02518418391228632,
    "hybrid_score": 0.9642558013044603,
    "std_c_index": 0.002357596508681578,
    "std_mean_brier": 0.0008560422582487571,
    "std_hybrid": 0.0011583707989019142
  }
}