{
  "trial_id": 39,
  "config": {
    "model_type": "coxnet",
    "model_params": {
      "l1_ratio": 0.2576992078829217,
      "alpha_min_ratio": 0.00020168352065911714,
      "n_alphas": 252,
      "max_iter": 19574,
      "tol": 8.666104661061529e-05
    },
    "seed": 2023,
    "cv_n_splits": 5,
    "cv_n_repeats": 10,
    "preprocessing_config": {
      "eps": 1e-06,
      "min_speed": 0.01,
      "max_hours": 9999.0
    }
  },
  "result": {
    "c_index": 0.9158661808545876,
    "mean_brier": 0.04369522581554633,
    "hybrid_score": 0.944173196185494,
    "std_c_index": 0.018745157085017405,
    "std_mean_brier": 0.009114316877674729,
    "std_hybrid": 0.011402978417420677
  }
}