{
  "trial_id": 230,
  "config": {
    "model_type": "coxnet",
    "model_params": {
      "l1_ratio": 0.9569915384339622,
      "alpha_min_ratio": 0.07359411982152932,
      "n_alphas": 209,
      "max_iter": 1726,
      "tol": 5.756836427412763e-05
    },
    "seed": 42,
    "cv_n_splits": 5,
    "cv_n_repeats": 10,
    "preprocessing_config": {
      "eps": 1e-06,
      "min_speed": 0.01,
      "max_hours": 9999.0
    }
  },
  "result": {
    "c_index": 0.9396737330241803,
    "mean_brier": 0.0252414663940969,
    "hybrid_score": 0.9642330934313861,
    "std_c_index": 0.0023562727230799774,
    "std_mean_brier": 0.0008510553274013833,
    "std_hybrid": 0.0011523220744537011
  }
}