{
  "trial_id": 272,
  "config": {
    "model_type": "gbsa",
    "model_params": {
      "loss": "coxph",
      "n_estimators": 472,
      "learning_rate": 0.1672952533912615,
      "subsample": 0.5849105398549983,
      "max_depth": 2,
      "max_features": 0.5,
      "max_leaf_nodes": 31,
      "min_samples_split": 16,
      "min_samples_leaf": 5,
      "min_weight_fraction_leaf": 0.0,
      "min_impurity_decrease": 0.04853968535594769,
      "criterion": "friedman_mse",
      "ccp_alpha": 0.0001792800719139453,
      "dropout_rate": 0.0408375363402842,
      "validation_fraction": 0.16155601448362303,
      "n_iter_no_change": null,
      "tol": 2.7217926818864267e-05,
      "random_state": 777,
      "warm_start": false,
      "verbose": 0
    },
    "seed": 777,
    "cv_n_splits": 5,
    "cv_n_repeats": 10,
    "preprocessing_config": {
      "eps": 1e-06,
      "min_speed": 0.01,
      "max_hours": 9999.0
    }
  },
  "result": {
    "c_index": 0.940021530308049,
    "mean_brier": 0.04753149181100162,
    "hybrid_score": 0.9487344148247134,
    "std_c_index": 0.00209329638255203,
    "std_mean_brier": 0.0032245956247984467,
    "std_hybrid": 0.002270016286985852
  }
}