{
  "trial_id": 141,
  "config": {
    "model_type": "coxnet",
    "model_params": {
      "l1_ratio": 0.9371320055008537,
      "alpha_min_ratio": 0.002456094036190361,
      "n_alphas": 64,
      "max_iter": 15370,
      "tol": 2.9515791919387108e-08
    },
    "seed": 777,
    "cv_n_splits": 5,
    "cv_n_repeats": 10,
    "preprocessing_config": {
      "eps": 1e-06,
      "min_speed": 0.01,
      "max_hours": 9999.0
    }
  },
  "result": {
    "c_index": 0.9153941702550513,
    "mean_brier": 0.04597186306118818,
    "hybrid_score": 0.9424379469336837,
    "std_c_index": 0.009400835603659638,
    "std_mean_brier": 0.009607189408949125,
    "std_hybrid": 0.007520817100032585
  }
}