{
  "trial_id": 23,
  "config": {
    "model_type": "coxnet",
    "model_params": {
      "l1_ratio": 0.8983123114829117,
      "alpha_min_ratio": 0.040766316649124903,
      "n_alphas": 285,
      "max_iter": 19992,
      "tol": 7.70923278866678e-05
    },
    "seed": 1024,
    "cv_n_splits": 5,
    "cv_n_repeats": 10,
    "preprocessing_config": {
      "eps": 1e-06,
      "min_speed": 0.01,
      "max_hours": 9999.0
    }
  },
  "result": {
    "c_index": 0.93518549188473,
    "mean_brier": 0.026150948328137507,
    "hybrid_score": 0.9622499837357227,
    "std_c_index": 0.003208467319139798,
    "std_mean_brier": 0.0011809029905483644,
    "std_hybrid": 0.0013953578871179128
  }
}