{
  "trial_id": 8,
  "config": {
    "model_type": "coxnet",
    "model_params": {
      "l1_ratio": 0.26149466687244594,
      "alpha_min_ratio": 0.0016488100755169093,
      "n_alphas": 188,
      "max_iter": 12885,
      "tol": 2.0655750914081875e-08
    },
    "seed": 2023,
    "cv_n_splits": 5,
    "cv_n_repeats": 10,
    "preprocessing_config": {
      "eps": 1e-06,
      "min_speed": 0.01,
      "max_hours": 9999.0
    }
  },
  "result": {
    "c_index": 0.9166611460748593,
    "mean_brier": 0.04171784388632951,
    "hybrid_score": 0.945795853102027,
    "std_c_index": 0.018313579614338025,
    "std_mean_brier": 0.0089358142502861,
    "std_hybrid": 0.011487137909898743
  }
}