{
  "trial_id": 89,
  "config": {
    "model_type": "gbsa",
    "model_params": {
      "loss": "coxph",
      "n_estimators": 347,
      "learning_rate": 0.10687054622969011,
      "subsample": 0.7835106095840502,
      "max_depth": 6,
      "max_features": "sqrt",
      "max_leaf_nodes": 31,
      "min_samples_split": 4,
      "min_samples_leaf": 8,
      "min_weight_fraction_leaf": 0.0,
      "min_impurity_decrease": 0.021349091964352918,
      "criterion": "friedman_mse",
      "ccp_alpha": 0.008297347475969222,
      "dropout_rate": 0.023213334307748364,
      "validation_fraction": 0.2692509332929087,
      "n_iter_no_change": null,
      "tol": 1.9790638796131136e-05,
      "random_state": 42,
      "warm_start": false,
      "verbose": 0
    },
    "seed": 42,
    "cv_n_splits": 5,
    "cv_n_repeats": 10,
    "preprocessing_config": {
      "eps": 1e-06,
      "min_speed": 0.01,
      "max_hours": 9999.0
    }
  },
  "result": {
    "c_index": 0.9421083140112619,
    "mean_brier": 0.04390890234261803,
    "hybrid_score": 0.951896262563546,
    "std_c_index": 0.001581606196804768,
    "std_mean_brier": 0.0015302414121150484,
    "std_hybrid": 0.0011367373028610785
  }
}