{
  "trial_id": 76,
  "config": {
    "model_type": "coxnet",
    "model_params": {
      "l1_ratio": 0.9610088886583881,
      "alpha_min_ratio": 0.08870144980051552,
      "n_alphas": 210,
      "max_iter": 14151,
      "tol": 7.986431763373099e-06
    },
    "seed": 42,
    "cv_n_splits": 5,
    "cv_n_repeats": 10,
    "preprocessing_config": {
      "eps": 1e-06,
      "min_speed": 0.01,
      "max_hours": 9999.0
    }
  },
  "result": {
    "c_index": 0.9394335872805565,
    "mean_brier": 0.025580715116005143,
    "hybrid_score": 0.9639235756029633,
    "std_c_index": 0.002445933696668505,
    "std_mean_brier": 0.0007732926525076967,
    "std_hybrid": 0.0011149671521998462
  }
}