{
  "trial_id": 295,
  "config": {
    "model_type": "coxnet",
    "model_params": {
      "l1_ratio": 0.993310008981244,
      "alpha_min_ratio": 0.017932691298063727,
      "n_alphas": 292,
      "max_iter": 6975,
      "tol": 2.9790480395099227e-05
    },
    "seed": 777,
    "cv_n_splits": 5,
    "cv_n_repeats": 10,
    "preprocessing_config": {
      "eps": 1e-06,
      "min_speed": 0.01,
      "max_hours": 9999.0
    }
  },
  "result": {
    "c_index": 0.9248592249089101,
    "mean_brier": 0.031331642176317426,
    "hybrid_score": 0.9555256179492508,
    "std_c_index": 0.010165692764920247,
    "std_mean_brier": 0.005658539249045091,
    "std_hybrid": 0.00680895401610683
  }
}