{
  "trial_id": 56,
  "config": {
    "model_type": "coxnet",
    "model_params": {
      "l1_ratio": 0.9248038005106289,
      "alpha_min_ratio": 0.024655594109529094,
      "n_alphas": 290,
      "max_iter": 576,
      "tol": 5.4288085207307286e-06
    },
    "seed": 42,
    "cv_n_splits": 5,
    "cv_n_repeats": 10,
    "preprocessing_config": {
      "eps": 1e-06,
      "min_speed": 0.01,
      "max_hours": 9999.0
    }
  },
  "result": {
    "c_index": 0.9324693607154686,
    "mean_brier": 0.026749568343538928,
    "hybrid_score": 0.9610161103741633,
    "std_c_index": 0.0072318514747927425,
    "std_mean_brier": 0.002912997092966291,
    "std_hybrid": 0.004178608597857997
  }
}