{
  "trial_id": 214,
  "config": {
    "model_type": "gbsa",
    "model_params": {
      "loss": "coxph",
      "n_estimators": 111,
      "learning_rate": 0.05328248202462139,
      "subsample": 0.6219324988568776,
      "max_depth": 3,
      "max_features": "log2",
      "max_leaf_nodes": 31,
      "min_samples_split": 18,
      "min_samples_leaf": 5,
      "min_weight_fraction_leaf": 0.0,
      "min_impurity_decrease": 0.028625323507170154,
      "criterion": "friedman_mse",
      "ccp_alpha": 0.00011416035743855128,
      "dropout_rate": 0.08195508782977427,
      "validation_fraction": 0.12811500792912,
      "n_iter_no_change": null,
      "tol": 0.00010559785198212209,
      "random_state": 777,
      "warm_start": false,
      "verbose": 0
    },
    "seed": 777,
    "cv_n_splits": 5,
    "cv_n_repeats": 10,
    "preprocessing_config": {
      "eps": 1e-06,
      "min_speed": 0.01,
      "max_hours": 9999.0
    }
  },
  "result": {
    "c_index": 0.93732196091421,
    "mean_brier": 0.15830616945493023,
    "hybrid_score": 0.8703822696558117,
    "std_c_index": 0.002998882068440039,
    "std_mean_brier": 0.010420025322077803,
    "std_hybrid": 0.007442290737103294
  }
}