{
  "trial_id": 256,
  "config": {
    "model_type": "coxnet",
    "model_params": {
      "l1_ratio": 0.9496342967084638,
      "alpha_min_ratio": 0.0825143712888483,
      "n_alphas": 231,
      "max_iter": 9426,
      "tol": 4.3022930816591476e-06
    },
    "seed": 2023,
    "cv_n_splits": 5,
    "cv_n_repeats": 10,
    "preprocessing_config": {
      "eps": 1e-06,
      "min_speed": 0.01,
      "max_hours": 9999.0
    }
  },
  "result": {
    "c_index": 0.9364855912553824,
    "mean_brier": 0.02589445329881327,
    "hybrid_score": 0.9628195600674456,
    "std_c_index": 0.002790057070717369,
    "std_mean_brier": 0.0007570473469571188,
    "std_hybrid": 0.0012044146400427094
  }
}