{
  "trial_id": 151,
  "config": {
    "model_type": "coxnet",
    "model_params": {
      "l1_ratio": 0.8967867054240527,
      "alpha_min_ratio": 0.027293369765052113,
      "n_alphas": 129,
      "max_iter": 15466,
      "tol": 1.351672094558871e-06
    },
    "seed": 777,
    "cv_n_splits": 5,
    "cv_n_repeats": 10,
    "preprocessing_config": {
      "eps": 1e-06,
      "min_speed": 0.01,
      "max_hours": 9999.0
    }
  },
  "result": {
    "c_index": 0.9302914872474328,
    "mean_brier": 0.02892096164723839,
    "hybrid_score": 0.9588427730211629,
    "std_c_index": 0.006390978622787223,
    "std_mean_brier": 0.004036482370209604,
    "std_hybrid": 0.004279831846248885
  }
}