{
  "trial_id": 224,
  "config": {
    "model_type": "coxnet",
    "model_params": {
      "l1_ratio": 0.9155707966099338,
      "alpha_min_ratio": 0.06468059878766541,
      "n_alphas": 243,
      "max_iter": 1597,
      "tol": 6.54258164771828e-06
    },
    "seed": 42,
    "cv_n_splits": 5,
    "cv_n_repeats": 10,
    "preprocessing_config": {
      "eps": 1e-06,
      "min_speed": 0.01,
      "max_hours": 9999.0
    }
  },
  "result": {
    "c_index": 0.9394087446174229,
    "mean_brier": 0.02529110358427965,
    "hybrid_score": 0.9641188508762311,
    "std_c_index": 0.002445891642979025,
    "std_mean_brier": 0.0009634475257190931,
    "std_hybrid": 0.0012136284268068546
  }
}