{
  "trial_id": 171,
  "config": {
    "model_type": "coxnet",
    "model_params": {
      "l1_ratio": 0.8574619014828239,
      "alpha_min_ratio": 0.09624615486530211,
      "n_alphas": 164,
      "max_iter": 17253,
      "tol": 2.3065893716076747e-07
    },
    "seed": 2023,
    "cv_n_splits": 5,
    "cv_n_repeats": 10,
    "preprocessing_config": {
      "eps": 1e-06,
      "min_speed": 0.01,
      "max_hours": 9999.0
    }
  },
  "result": {
    "c_index": 0.9371480622722755,
    "mean_brier": 0.026405588707464973,
    "hybrid_score": 0.9626605065864572,
    "std_c_index": 0.002614453429701389,
    "std_mean_brier": 0.0006559941112453913,
    "std_hybrid": 0.0010725199407226322
  }
}