{
  "trial_id": 205,
  "config": {
    "model_type": "coxnet",
    "model_params": {
      "l1_ratio": 0.8289930907859047,
      "alpha_min_ratio": 0.09091833746309001,
      "n_alphas": 254,
      "max_iter": 1612,
      "tol": 9.483656913880442e-05
    },
    "seed": 42,
    "cv_n_splits": 5,
    "cv_n_repeats": 10,
    "preprocessing_config": {
      "eps": 1e-06,
      "min_speed": 0.01,
      "max_hours": 9999.0
    }
  },
  "result": {
    "c_index": 0.9396985756873137,
    "mean_brier": 0.026350883742724995,
    "hybrid_score": 0.9634639540862864,
    "std_c_index": 0.0022822222681401507,
    "std_mean_brier": 0.0007996552228480801,
    "std_hybrid": 0.0010810824833235827
  }
}