{
  "trial_id": 255,
  "config": {
    "model_type": "coxnet",
    "model_params": {
      "l1_ratio": 0.9659355357386117,
      "alpha_min_ratio": 0.05134018120306711,
      "n_alphas": 271,
      "max_iter": 1970,
      "tol": 1.0878105112161259e-05
    },
    "seed": 42,
    "cv_n_splits": 5,
    "cv_n_repeats": 10,
    "preprocessing_config": {
      "eps": 1e-06,
      "min_speed": 0.01,
      "max_hours": 9999.0
    }
  },
  "result": {
    "c_index": 0.93767803908579,
    "mean_brier": 0.02561268919702759,
    "hybrid_score": 0.9633745292878176,
    "std_c_index": 0.004318179245213284,
    "std_mean_brier": 0.002220900820044112,
    "std_hybrid": 0.0027534472475214036
  }
}