{
  "trial_id": 85,
  "config": {
    "model_type": "gbsa",
    "model_params": {
      "loss": "coxph",
      "n_estimators": 101,
      "learning_rate": 0.16673434232835205,
      "subsample": 0.5534895396016464,
      "max_depth": 2,
      "max_features": 1.0,
      "max_leaf_nodes": 31,
      "min_samples_split": 6,
      "min_samples_leaf": 8,
      "min_weight_fraction_leaf": 0.0,
      "min_impurity_decrease": 0.006805708194824402,
      "criterion": "friedman_mse",
      "ccp_alpha": 3.591603749795852e-05,
      "dropout_rate": 0.12998665799929238,
      "validation_fraction": 0.1892429925617114,
      "n_iter_no_change": null,
      "tol": 0.0001596362654106638,
      "random_state": 2023,
      "warm_start": false,
      "verbose": 0
    },
    "seed": 2023,
    "cv_n_splits": 5,
    "cv_n_repeats": 10,
    "preprocessing_config": {
      "eps": 1e-06,
      "min_speed": 0.01,
      "max_hours": 9999.0
    }
  },
  "result": {
    "c_index": 0.938005134150381,
    "mean_brier": 0.1140586071139954,
    "hybrid_score": 0.9015605152653174,
    "std_c_index": 0.003497391039756142,
    "std_mean_brier": 0.005998168972096333,
    "std_hybrid": 0.00424613413540361
  }
}