{
  "trial_id": 18,
  "config": {
    "model_type": "gbsa",
    "model_params": {
      "loss": "coxph",
      "n_estimators": 395,
      "learning_rate": 0.17850074453656012,
      "subsample": 0.9371755034042564,
      "max_depth": 4,
      "max_features": 1.0,
      "max_leaf_nodes": 8,
      "min_samples_split": 3,
      "min_samples_leaf": 1,
      "min_weight_fraction_leaf": 0.0,
      "min_impurity_decrease": 0.025211995686084527,
      "criterion": "friedman_mse",
      "ccp_alpha": 6.638315046383753e-05,
      "dropout_rate": 0.07428417380591792,
      "validation_fraction": 0.26977704910170475,
      "n_iter_no_change": 20,
      "tol": 6.061881777333527e-05,
      "random_state": 42,
      "warm_start": false,
      "verbose": 0
    },
    "seed": 42,
    "cv_n_splits": 5,
    "cv_n_repeats": 10,
    "preprocessing_config": {
      "eps": 1e-06,
      "min_speed": 0.01,
      "max_hours": 9999.0
    }
  },
  "result": {
    "c_index": 0.9366967538920171,
    "mean_brier": 0.08068407256492105,
    "hybrid_score": 0.9245301753721604,
    "std_c_index": 0.00286232869626976,
    "std_mean_brier": 0.008783076711923526,
    "std_hybrid": 0.0063344374776074614
  }
}