{
  "trial_id": 25,
  "config": {
    "model_type": "coxnet",
    "model_params": {
      "l1_ratio": 0.7639579042141526,
      "alpha_min_ratio": 0.0557051423970944,
      "n_alphas": 284,
      "max_iter": 16416,
      "tol": 1.8706616803743436e-05
    },
    "seed": 42,
    "cv_n_splits": 5,
    "cv_n_repeats": 10,
    "preprocessing_config": {
      "eps": 1e-06,
      "min_speed": 0.01,
      "max_hours": 9999.0
    }
  },
  "result": {
    "c_index": 0.9386386220602848,
    "mean_brier": 0.026271175727281448,
    "hybrid_score": 0.9632017636089886,
    "std_c_index": 0.00201244313258419,
    "std_mean_brier": 0.0014680193427712752,
    "std_hybrid": 0.0013122764080350838
  }
}