{
  "trial_id": 222,
  "config": {
    "model_type": "gbsa",
    "model_params": {
      "loss": "coxph",
      "n_estimators": 293,
      "learning_rate": 0.1046835203126875,
      "subsample": 0.69360170625958,
      "max_depth": 2,
      "max_features": null,
      "max_leaf_nodes": 31,
      "min_samples_split": 20,
      "min_samples_leaf": 15,
      "min_weight_fraction_leaf": 0.0,
      "min_impurity_decrease": 0.008604136179251773,
      "criterion": "friedman_mse",
      "ccp_alpha": 5.008844803697678e-05,
      "dropout_rate": 0.030918684892449033,
      "validation_fraction": 0.25415137018067824,
      "n_iter_no_change": 5,
      "tol": 0.003450755975308595,
      "random_state": 2023,
      "warm_start": false,
      "verbose": 0
    },
    "seed": 2023,
    "cv_n_splits": 5,
    "cv_n_repeats": 10,
    "preprocessing_config": {
      "eps": 1e-06,
      "min_speed": 0.01,
      "max_hours": 9999.0
    }
  },
  "result": {
    "c_index": 0.924950314673733,
    "mean_brier": 0.06692279335403198,
    "hybrid_score": 0.9306391390542975,
    "std_c_index": 0.007593221836904598,
    "std_mean_brier": 0.00572466166362679,
    "std_hybrid": 0.005098959342457224
  }
}