{
  "trial_id": 86,
  "config": {
    "model_type": "gbsa",
    "model_params": {
      "loss": "coxph",
      "n_estimators": 256,
      "learning_rate": 0.14964093892736072,
      "subsample": 0.6923465662793725,
      "max_depth": 2,
      "max_features": "log2",
      "max_leaf_nodes": 16,
      "min_samples_split": 10,
      "min_samples_leaf": 15,
      "min_weight_fraction_leaf": 0.0,
      "min_impurity_decrease": 0.027702297319177772,
      "criterion": "friedman_mse",
      "ccp_alpha": 1.0000488608793402e-06,
      "dropout_rate": 0.04559804367718661,
      "validation_fraction": 0.2319426027157438,
      "n_iter_no_change": null,
      "tol": 0.0005448884077454056,
      "random_state": 2023,
      "warm_start": false,
      "verbose": 0
    },
    "seed": 2023,
    "cv_n_splits": 5,
    "cv_n_repeats": 10,
    "preprocessing_config": {
      "eps": 1e-06,
      "min_speed": 0.01,
      "max_hours": 9999.0
    }
  },
  "result": {
    "c_index": 0.941437562106658,
    "mean_brier": 0.06435099630923523,
    "hybrid_score": 0.9373855712155328,
    "std_c_index": 0.002717544611589074,
    "std_mean_brier": 0.003866258450671477,
    "std_hybrid": 0.0030119951496902116
  }
}