{
  "trial_id": 75,
  "config": {
    "model_type": "gbsa",
    "model_params": {
      "loss": "coxph",
      "n_estimators": 386,
      "learning_rate": 0.022752435560391016,
      "subsample": 0.6182621748025988,
      "max_depth": 6,
      "max_features": 0.3,
      "max_leaf_nodes": 31,
      "min_samples_split": 8,
      "min_samples_leaf": 4,
      "min_weight_fraction_leaf": 0.0,
      "min_impurity_decrease": 0.03104788862638064,
      "criterion": "friedman_mse",
      "ccp_alpha": 0.021176839978778478,
      "dropout_rate": 0.05055011861670593,
      "validation_fraction": 0.24702111549077288,
      "n_iter_no_change": 10,
      "tol": 1.1639034565144592e-05,
      "random_state": 42,
      "warm_start": false,
      "verbose": 0
    },
    "seed": 42,
    "cv_n_splits": 5,
    "cv_n_repeats": 10,
    "preprocessing_config": {
      "eps": 1e-06,
      "min_speed": 0.01,
      "max_hours": 9999.0
    }
  },
  "result": {
    "c_index": 0.9068358728055648,
    "mean_brier": 0.1739685093387598,
    "hybrid_score": 0.8502728053045375,
    "std_c_index": 0.007061185592004382,
    "std_mean_brier": 0.009292423935481648,
    "std_hybrid": 0.007910520667087912
  }
}