{
  "trial_id": 207,
  "config": {
    "model_type": "coxnet",
    "model_params": {
      "l1_ratio": 0.94088703365865,
      "alpha_min_ratio": 0.036827912789656,
      "n_alphas": 268,
      "max_iter": 16267,
      "tol": 5.2044018067218374e-05
    },
    "seed": 1024,
    "cv_n_splits": 5,
    "cv_n_repeats": 10,
    "preprocessing_config": {
      "eps": 1e-06,
      "min_speed": 0.01,
      "max_hours": 9999.0
    }
  },
  "result": {
    "c_index": 0.9344898973169922,
    "mean_brier": 0.026107172544976565,
    "hybrid_score": 0.962071948413614,
    "std_c_index": 0.003043595189816444,
    "std_mean_brier": 0.0012650940386391889,
    "std_hybrid": 0.0014190264456186528
  }
}