{
  "trial_id": 86,
  "config": {
    "model_type": "coxnet",
    "model_params": {
      "l1_ratio": 0.9191330303158699,
      "alpha_min_ratio": 0.07312583888286794,
      "n_alphas": 188,
      "max_iter": 18365,
      "tol": 2.38417918116229e-08
    },
    "seed": 2023,
    "cv_n_splits": 5,
    "cv_n_repeats": 10,
    "preprocessing_config": {
      "eps": 1e-06,
      "min_speed": 0.01,
      "max_hours": 9999.0
    }
  },
  "result": {
    "c_index": 0.9361709175223585,
    "mean_brier": 0.02580787330611104,
    "hybrid_score": 0.9627857639424298,
    "std_c_index": 0.002729127327399544,
    "std_mean_brier": 0.0008246223344316284,
    "std_hybrid": 0.0012409573817976128
  }
}