{
  "trial_id": 220,
  "config": {
    "model_type": "gbsa",
    "model_params": {
      "loss": "coxph",
      "n_estimators": 167,
      "learning_rate": 0.12844827670088957,
      "subsample": 0.7233005354562666,
      "max_depth": 3,
      "max_features": "sqrt",
      "max_leaf_nodes": 8,
      "min_samples_split": 2,
      "min_samples_leaf": 20,
      "min_weight_fraction_leaf": 0.0,
      "min_impurity_decrease": 0.036863985700641186,
      "criterion": "friedman_mse",
      "ccp_alpha": 0.00017390728317483672,
      "dropout_rate": 0.01570175066574072,
      "validation_fraction": 0.25470639366839537,
      "n_iter_no_change": null,
      "tol": 1.2639902790155647e-05,
      "random_state": 777,
      "warm_start": false,
      "verbose": 0
    },
    "seed": 777,
    "cv_n_splits": 5,
    "cv_n_repeats": 10,
    "preprocessing_config": {
      "eps": 1e-06,
      "min_speed": 0.01,
      "max_hours": 9999.0
    }
  },
  "result": {
    "c_index": 0.9393259357403114,
    "mean_brier": 0.03803818273252445,
    "hybrid_score": 0.9551710528093263,
    "std_c_index": 0.0030741059938087997,
    "std_mean_brier": 0.0015416237126359288,
    "std_hybrid": 0.0012037873708162974
  }
}