{
  "trial_id": 297,
  "config": {
    "model_type": "gbsa",
    "model_params": {
      "loss": "coxph",
      "n_estimators": 332,
      "learning_rate": 0.07041150917993043,
      "subsample": 0.8488927188884239,
      "max_depth": 6,
      "max_features": "sqrt",
      "max_leaf_nodes": 8,
      "min_samples_split": 2,
      "min_samples_leaf": 16,
      "min_weight_fraction_leaf": 0.0,
      "min_impurity_decrease": 0.0393855226173753,
      "criterion": "friedman_mse",
      "ccp_alpha": 0.001257400849748656,
      "dropout_rate": 0.1827864489979421,
      "validation_fraction": 0.2396856853467475,
      "n_iter_no_change": 10,
      "tol": 8.934636038745422e-05,
      "random_state": 777,
      "warm_start": false,
      "verbose": 0
    },
    "seed": 777,
    "cv_n_splits": 5,
    "cv_n_repeats": 10,
    "preprocessing_config": {
      "eps": 1e-06,
      "min_speed": 0.01,
      "max_hours": 9999.0
    }
  },
  "result": {
    "c_index": 0.9303370321298443,
    "mean_brier": 0.18215455992791563,
    "hybrid_score": 0.8515929176894124,
    "std_c_index": 0.006545889839070743,
    "std_mean_brier": 0.014828442498264224,
    "std_hybrid": 0.009587210140428924
  }
}