{
  "trial_id": 63,
  "config": {
    "model_type": "gbsa",
    "model_params": {
      "loss": "coxph",
      "n_estimators": 327,
      "learning_rate": 0.12397229252124793,
      "subsample": 0.6820064308546245,
      "max_depth": 5,
      "max_features": 0.7,
      "max_leaf_nodes": 31,
      "min_samples_split": 2,
      "min_samples_leaf": 6,
      "min_weight_fraction_leaf": 0.0,
      "min_impurity_decrease": 0.026622471512082614,
      "criterion": "friedman_mse",
      "ccp_alpha": 0.018667577586735,
      "dropout_rate": 0.005015696831591268,
      "validation_fraction": 0.18906936265632085,
      "n_iter_no_change": 20,
      "tol": 3.53838827748932e-05,
      "random_state": 42,
      "warm_start": false,
      "verbose": 0
    },
    "seed": 42,
    "cv_n_splits": 5,
    "cv_n_repeats": 10,
    "preprocessing_config": {
      "eps": 1e-06,
      "min_speed": 0.01,
      "max_hours": 9999.0
    }
  },
  "result": {
    "c_index": 0.9340096058297449,
    "mean_brier": 0.0425707746958221,
    "hybrid_score": 0.950403339461848,
    "std_c_index": 0.005583363592138704,
    "std_mean_brier": 0.005950504368200665,
    "std_hybrid": 0.005077766665849561
  }
}