{
  "trial_id": 287,
  "config": {
    "model_type": "gbsa",
    "model_params": {
      "loss": "coxph",
      "n_estimators": 431,
      "learning_rate": 0.12829126705587057,
      "subsample": 0.5393705345497608,
      "max_depth": 1,
      "max_features": "log2",
      "max_leaf_nodes": 63,
      "min_samples_split": 16,
      "min_samples_leaf": 19,
      "min_weight_fraction_leaf": 0.0,
      "min_impurity_decrease": 0.018869408723774184,
      "criterion": "friedman_mse",
      "ccp_alpha": 1.7891085250109284e-05,
      "dropout_rate": 0.0028195394786900817,
      "validation_fraction": 0.23682597122622195,
      "n_iter_no_change": null,
      "tol": 0.008991804193717172,
      "random_state": 2023,
      "warm_start": false,
      "verbose": 0
    },
    "seed": 2023,
    "cv_n_splits": 5,
    "cv_n_repeats": 10,
    "preprocessing_config": {
      "eps": 1e-06,
      "min_speed": 0.01,
      "max_hours": 9999.0
    }
  },
  "result": {
    "c_index": 0.9405018217952964,
    "mean_brier": 0.030105748405676702,
    "hybrid_score": 0.9610765226546152,
    "std_c_index": 0.0022566748474075787,
    "std_mean_brier": 0.0035361140611885524,
    "std_hybrid": 0.003038303345764325
  }
}