{
  "trial_id": 230,
  "config": {
    "model_type": "coxnet",
    "model_params": {
      "l1_ratio": 0.8207177618342779,
      "alpha_min_ratio": 0.08310252607149167,
      "n_alphas": 150,
      "max_iter": 14402,
      "tol": 4.04426260973159e-06
    },
    "seed": 777,
    "cv_n_splits": 5,
    "cv_n_repeats": 10,
    "preprocessing_config": {
      "eps": 1e-06,
      "min_speed": 0.01,
      "max_hours": 9999.0
    }
  },
  "result": {
    "c_index": 0.9367422987744286,
    "mean_brier": 0.026334908147064278,
    "hybrid_score": 0.9625882539293835,
    "std_c_index": 0.0026140468568748767,
    "std_mean_brier": 0.0005111542860163193,
    "std_hybrid": 0.0009990689599386014
  }
}