{
  "trial_id": 178,
  "config": {
    "model_type": "coxnet",
    "model_params": {
      "l1_ratio": 0.5410146396189376,
      "alpha_min_ratio": 0.00015604277678273184,
      "n_alphas": 276,
      "max_iter": 5461,
      "tol": 3.0720617808139957e-06
    },
    "seed": 2023,
    "cv_n_splits": 5,
    "cv_n_repeats": 10,
    "preprocessing_config": {
      "eps": 1e-06,
      "min_speed": 0.01,
      "max_hours": 9999.0
    }
  },
  "result": {
    "c_index": 0.9081152699569394,
    "mean_brier": 0.050207438201697784,
    "hybrid_score": 0.9372893742458933,
    "std_c_index": 0.02287738773582127,
    "std_mean_brier": 0.013052952179641244,
    "std_hybrid": 0.01515371710178194
  }
}