{
  "trial_id": 269,
  "config": {
    "model_type": "gbsa",
    "model_params": {
      "loss": "coxph",
      "n_estimators": 393,
      "learning_rate": 0.06302428097373838,
      "subsample": 0.523628633959702,
      "max_depth": 2,
      "max_features": "sqrt",
      "max_leaf_nodes": 31,
      "min_samples_split": 18,
      "min_samples_leaf": 14,
      "min_weight_fraction_leaf": 0.0,
      "min_impurity_decrease": 0.01081336605845467,
      "criterion": "friedman_mse",
      "ccp_alpha": 5.5245524564058024e-08,
      "dropout_rate": 0.009715562534268198,
      "validation_fraction": 0.26286720582765416,
      "n_iter_no_change": 10,
      "tol": 0.0021300157814591525,
      "random_state": 2023,
      "warm_start": false,
      "verbose": 0
    },
    "seed": 2023,
    "cv_n_splits": 5,
    "cv_n_repeats": 10,
    "preprocessing_config": {
      "eps": 1e-06,
      "min_speed": 0.01,
      "max_hours": 9999.0
    }
  },
  "result": {
    "c_index": 0.9184580987081816,
    "mean_brier": 0.05988828619080065,
    "hybrid_score": 0.9336156292788939,
    "std_c_index": 0.008681044604375862,
    "std_mean_brier": 0.00367358283333233,
    "std_hybrid": 0.0041242467940748925
  }
}