{
  "trial_id": 52,
  "config": {
    "model_type": "gbsa",
    "model_params": {
      "loss": "coxph",
      "n_estimators": 269,
      "learning_rate": 0.052752622680577725,
      "subsample": 0.6335991070100169,
      "max_depth": 4,
      "max_features": 0.7,
      "max_leaf_nodes": 16,
      "min_samples_split": 12,
      "min_samples_leaf": 12,
      "min_weight_fraction_leaf": 0.0,
      "min_impurity_decrease": 0.01710905797666138,
      "criterion": "friedman_mse",
      "ccp_alpha": 0.0015943282282658803,
      "dropout_rate": 0.027017820406897278,
      "validation_fraction": 0.18269875540722544,
      "n_iter_no_change": 20,
      "tol": 0.0007690970444299419,
      "random_state": 2023,
      "warm_start": false,
      "verbose": 0
    },
    "seed": 2023,
    "cv_n_splits": 5,
    "cv_n_repeats": 10,
    "preprocessing_config": {
      "eps": 1e-06,
      "min_speed": 0.01,
      "max_hours": 9999.0
    }
  },
  "result": {
    "c_index": 0.9374792977807219,
    "mean_brier": 0.08778940224739291,
    "hybrid_score": 0.9197912077610415,
    "std_c_index": 0.0037262614526720867,
    "std_mean_brier": 0.007132159895114273,
    "std_hybrid": 0.005053723937419497
  }
}