{
  "trial_id": 15,
  "config": {
    "model_type": "coxnet",
    "model_params": {
      "l1_ratio": 0.8532719970339157,
      "alpha_min_ratio": 0.04068995631956218,
      "n_alphas": 276,
      "max_iter": 15726,
      "tol": 2.0210006121983684e-07
    },
    "seed": 42,
    "cv_n_splits": 5,
    "cv_n_repeats": 10,
    "preprocessing_config": {
      "eps": 1e-06,
      "min_speed": 0.01,
      "max_hours": 9999.0
    }
  },
  "result": {
    "c_index": 0.9373882080158993,
    "mean_brier": 0.02592563515888574,
    "hybrid_score": 0.9630685177935497,
    "std_c_index": 0.004337074917540098,
    "std_mean_brier": 0.0025661752079830426,
    "std_hybrid": 0.002947414932237278
  }
}