{
  "trial_id": 96,
  "config": {
    "model_type": "gbsa",
    "model_params": {
      "loss": "coxph",
      "n_estimators": 488,
      "learning_rate": 0.1776596860235817,
      "subsample": 0.561380752336556,
      "max_depth": 1,
      "max_features": 0.3,
      "max_leaf_nodes": 16,
      "min_samples_split": 18,
      "min_samples_leaf": 17,
      "min_weight_fraction_leaf": 0.0,
      "min_impurity_decrease": 0.018685816703374807,
      "criterion": "friedman_mse",
      "ccp_alpha": 0.004277318419317453,
      "dropout_rate": 0.031772613503600236,
      "validation_fraction": 0.18923469066927534,
      "n_iter_no_change": null,
      "tol": 2.4887419223653958e-05,
      "random_state": 2023,
      "warm_start": false,
      "verbose": 0
    },
    "seed": 2023,
    "cv_n_splits": 5,
    "cv_n_repeats": 10,
    "preprocessing_config": {
      "eps": 1e-06,
      "min_speed": 0.01,
      "max_hours": 9999.0
    }
  },
  "result": {
    "c_index": 0.9356326598211329,
    "mean_brier": 0.043185608167428675,
    "hybrid_score": 0.9504598722291397,
    "std_c_index": 0.003630496435898099,
    "std_mean_brier": 0.0033601222476081676,
    "std_hybrid": 0.00312191695432066
  }
}