{
  "trial_id": 272,
  "config": {
    "model_type": "coxnet",
    "model_params": {
      "l1_ratio": 0.9624188678657568,
      "alpha_min_ratio": 0.05821650593850515,
      "n_alphas": 296,
      "max_iter": 13200,
      "tol": 4.9550744989587623e-05
    },
    "seed": 1024,
    "cv_n_splits": 5,
    "cv_n_repeats": 10,
    "preprocessing_config": {
      "eps": 1e-06,
      "min_speed": 0.01,
      "max_hours": 9999.0
    }
  },
  "result": {
    "c_index": 0.9360549850944022,
    "mean_brier": 0.025698413237359684,
    "hybrid_score": 0.9628276062621689,
    "std_c_index": 0.003274837209473289,
    "std_mean_brier": 0.0008357643804478617,
    "std_hybrid": 0.0014309310767492349
  }
}