{
  "trial_id": 15,
  "config": {
    "seed": 42,
    "cv_n_splits": 5,
    "cv_n_repeats": 10,
    "gbsa_config": {
      "loss": "coxph",
      "n_estimators": 188,
      "learning_rate": 0.11200452111741409,
      "subsample": 0.9653893093629062,
      "max_depth": 6,
      "max_features": 0.5,
      "max_leaf_nodes": null,
      "min_samples_split": 14,
      "min_samples_leaf": 10,
      "min_weight_fraction_leaf": 0.0,
      "min_impurity_decrease": 0.001577571204861879,
      "criterion": "friedman_mse",
      "ccp_alpha": 7.740498355033214e-06,
      "dropout_rate": 0.12149694011211531,
      "validation_fraction": 0.20612030875170445,
      "n_iter_no_change": null,
      "tol": 7.959081503315425e-05,
      "random_state": 42,
      "warm_start": false,
      "verbose": 0
    },
    "preprocessing_config": {
      "eps": 1e-06,
      "min_speed": 0.01,
      "max_hours": 9999.0
    }
  },
  "result": {
    "c_index": 0.9440460417356741,
    "mean_brier": 0.1328464785040953,
    "hybrid_score": 0.8902212775678355,
    "std_c_index": 0.0021200689839764608,
    "std_mean_brier": 0.006193080080337717,
    "std_hybrid": 0.004580846627775124
  }
}