{
  "trial_id": 104,
  "config": {
    "model_type": "gbsa",
    "model_params": {
      "loss": "coxph",
      "n_estimators": 385,
      "learning_rate": 0.08541794158004269,
      "subsample": 0.888747668891989,
      "max_depth": 1,
      "max_features": "log2",
      "max_leaf_nodes": 31,
      "min_samples_split": 14,
      "min_samples_leaf": 18,
      "min_weight_fraction_leaf": 0.0,
      "min_impurity_decrease": 0.03598587030637108,
      "criterion": "friedman_mse",
      "ccp_alpha": 1.3251339653996524e-07,
      "dropout_rate": 0.00776416867105641,
      "validation_fraction": 0.27308886745252814,
      "n_iter_no_change": null,
      "tol": 2.7068329658685677e-05,
      "random_state": 2023,
      "warm_start": false,
      "verbose": 0
    },
    "seed": 2023,
    "cv_n_splits": 5,
    "cv_n_repeats": 10,
    "preprocessing_config": {
      "eps": 1e-06,
      "min_speed": 0.01,
      "max_hours": 9999.0
    }
  },
  "result": {
    "c_index": 0.939222424643922,
    "mean_brier": 0.03625460683516038,
    "hybrid_score": 0.9563885026085643,
    "std_c_index": 0.0032682477585271653,
    "std_mean_brier": 0.0031645038363603884,
    "std_hybrid": 0.002909219498724711
  }
}