{
  "trial_id": 299,
  "config": {
    "model_type": "coxnet",
    "model_params": {
      "l1_ratio": 0.9886218388474616,
      "alpha_min_ratio": 0.06150528511425774,
      "n_alphas": 207,
      "max_iter": 18649,
      "tol": 1.6978139475388177e-06
    },
    "seed": 42,
    "cv_n_splits": 5,
    "cv_n_repeats": 10,
    "preprocessing_config": {
      "eps": 1e-06,
      "min_speed": 0.01,
      "max_hours": 9999.0
    }
  },
  "result": {
    "c_index": 0.9388456442530639,
    "mean_brier": 0.025309610699332397,
    "hybrid_score": 0.9639369657863863,
    "std_c_index": 0.0026364583083641397,
    "std_mean_brier": 0.001585903218169954,
    "std_hybrid": 0.0016769533555994747
  }
}