{
  "trial_id": 241,
  "config": {
    "model_type": "coxnet",
    "model_params": {
      "l1_ratio": 0.5506078452276355,
      "alpha_min_ratio": 0.0076275738509327205,
      "n_alphas": 131,
      "max_iter": 242,
      "tol": 2.1993298984845792e-07
    },
    "seed": 42,
    "cv_n_splits": 5,
    "cv_n_repeats": 10,
    "preprocessing_config": {
      "eps": 1e-06,
      "min_speed": 0.01,
      "max_hours": 9999.0
    }
  },
  "result": {
    "c_index": 0.9276333222921498,
    "mean_brier": 0.031172640531567253,
    "hybrid_score": 0.9564691483155479,
    "std_c_index": 0.00948481253022703,
    "std_mean_brier": 0.0028492983510331085,
    "std_hybrid": 0.004612433558542282
  }
}