{
  "trial_id": 111,
  "config": {
    "model_type": "coxnet",
    "model_params": {
      "l1_ratio": 0.8946760435828998,
      "alpha_min_ratio": 0.00015287533114298455,
      "n_alphas": 155,
      "max_iter": 7639,
      "tol": 1.1407526378332363e-08
    },
    "seed": 777,
    "cv_n_splits": 5,
    "cv_n_repeats": 10,
    "preprocessing_config": {
      "eps": 1e-06,
      "min_speed": 0.01,
      "max_hours": 9999.0
    }
  },
  "result": {
    "c_index": 0.9193441536932759,
    "mean_brier": 0.04309699774013589,
    "hybrid_score": 0.9456353476898876,
    "std_c_index": 0.013610363858066424,
    "std_mean_brier": 0.008959154411360512,
    "std_hybrid": 0.008739766338021133
  }
}