{
  "trial_id": 204,
  "config": {
    "model_type": "coxnet",
    "model_params": {
      "l1_ratio": 0.9243665372640515,
      "alpha_min_ratio": 0.09131049969108458,
      "n_alphas": 191,
      "max_iter": 14707,
      "tol": 3.095812861833512e-05
    },
    "seed": 42,
    "cv_n_splits": 5,
    "cv_n_repeats": 10,
    "preprocessing_config": {
      "eps": 1e-06,
      "min_speed": 0.01,
      "max_hours": 9999.0
    }
  },
  "result": {
    "c_index": 0.9396902947996024,
    "mean_brier": 0.025785748427095044,
    "hybrid_score": 0.9638570645409142,
    "std_c_index": 0.002336634095746226,
    "std_mean_brier": 0.0007674065051770314,
    "std_hybrid": 0.0010823947518293837
  }
}