{
  "trial_id": 54,
  "config": {
    "model_type": "gbsa",
    "model_params": {
      "loss": "coxph",
      "n_estimators": 292,
      "learning_rate": 0.051358541229757894,
      "subsample": 0.8952743490708772,
      "max_depth": 4,
      "max_features": 0.3,
      "max_leaf_nodes": null,
      "min_samples_split": 15,
      "min_samples_leaf": 2,
      "min_weight_fraction_leaf": 0.0,
      "min_impurity_decrease": 0.032313453352762894,
      "criterion": "friedman_mse",
      "ccp_alpha": 0.057562410632782224,
      "dropout_rate": 0.10295350601007561,
      "validation_fraction": 0.24243016935678297,
      "n_iter_no_change": null,
      "tol": 0.00031528282285821864,
      "random_state": 1024,
      "warm_start": false,
      "verbose": 0
    },
    "seed": 1024,
    "cv_n_splits": 5,
    "cv_n_repeats": 10,
    "preprocessing_config": {
      "eps": 1e-06,
      "min_speed": 0.01,
      "max_hours": 9999.0
    }
  },
  "result": {
    "c_index": 0.9070884398807552,
    "mean_brier": 0.1649084003591442,
    "hybrid_score": 0.8566906517128257,
    "std_c_index": 0.008287137423008292,
    "std_mean_brier": 0.010050465626793431,
    "std_hybrid": 0.006965453031362974
  }
}