{
  "trial_id": 45,
  "config": {
    "model_type": "gbsa",
    "model_params": {
      "loss": "coxph",
      "n_estimators": 298,
      "learning_rate": 0.19381708280498156,
      "subsample": 0.6094187226385327,
      "max_depth": 6,
      "max_features": 1.0,
      "max_leaf_nodes": 8,
      "min_samples_split": 9,
      "min_samples_leaf": 7,
      "min_weight_fraction_leaf": 0.0,
      "min_impurity_decrease": 0.04270161460729259,
      "criterion": "friedman_mse",
      "ccp_alpha": 2.5051793679178438e-08,
      "dropout_rate": 0.0932918684584802,
      "validation_fraction": 0.2515482610600892,
      "n_iter_no_change": 5,
      "tol": 0.000346288827413186,
      "random_state": 777,
      "warm_start": false,
      "verbose": 0
    },
    "seed": 777,
    "cv_n_splits": 5,
    "cv_n_repeats": 10,
    "preprocessing_config": {
      "eps": 1e-06,
      "min_speed": 0.01,
      "max_hours": 9999.0
    }
  },
  "result": {
    "c_index": 0.9352186154355747,
    "mean_brier": 0.08507616955948748,
    "hybrid_score": 0.9210122659390312,
    "std_c_index": 0.005110059250379126,
    "std_mean_brier": 0.007020519314177155,
    "std_hybrid": 0.00482093839863909
  }
}