{
  "trial_id": 198,
  "config": {
    "model_type": "coxnet",
    "model_params": {
      "l1_ratio": 0.9276684440246161,
      "alpha_min_ratio": 0.056602616508035906,
      "n_alphas": 129,
      "max_iter": 5411,
      "tol": 2.4046983567539622e-05
    },
    "seed": 777,
    "cv_n_splits": 5,
    "cv_n_repeats": 10,
    "preprocessing_config": {
      "eps": 1e-06,
      "min_speed": 0.01,
      "max_hours": 9999.0
    }
  },
  "result": {
    "c_index": 0.9361874792977808,
    "mean_brier": 0.025512936398121827,
    "hybrid_score": 0.9629971883106491,
    "std_c_index": 0.0032646448036657604,
    "std_mean_brier": 0.0005071344794261747,
    "std_hybrid": 0.001165489664791785
  }
}