{
  "trial_id": 30,
  "config": {
    "seed": 42,
    "cv_n_splits": 5,
    "cv_n_repeats": 10,
    "gbsa_config": {
      "loss": "coxph",
      "n_estimators": 367,
      "learning_rate": 0.09296048400180301,
      "subsample": 0.7717768846124315,
      "max_depth": 6,
      "max_features": "sqrt",
      "max_leaf_nodes": 63,
      "min_samples_split": 5,
      "min_samples_leaf": 9,
      "min_weight_fraction_leaf": 0.0,
      "min_impurity_decrease": 0.0022458367077894913,
      "criterion": "friedman_mse",
      "ccp_alpha": 0.00012673279414663276,
      "dropout_rate": 0.15011512710454972,
      "validation_fraction": 0.24560735604834946,
      "n_iter_no_change": 20,
      "tol": 0.00025066418333810804,
      "random_state": 42,
      "warm_start": false,
      "verbose": 0
    },
    "preprocessing_config": {
      "eps": 1e-06,
      "min_speed": 0.01,
      "max_hours": 9999.0
    }
  },
  "result": {
    "c_index": 0.9406094733355415,
    "mean_brier": 0.15642285763617061,
    "hybrid_score": 0.8726868416553432,
    "std_c_index": 0.003472161504019756,
    "std_mean_brier": 0.008718267213579205,
    "std_hybrid": 0.005881782573945636
  }
}