{
  "trial_id": 156,
  "config": {
    "model_type": "gbsa",
    "model_params": {
      "loss": "coxph",
      "n_estimators": 301,
      "learning_rate": 0.19998150342556723,
      "subsample": 0.86448004764919,
      "max_depth": 1,
      "max_features": 0.3,
      "max_leaf_nodes": 31,
      "min_samples_split": 7,
      "min_samples_leaf": 20,
      "min_weight_fraction_leaf": 0.0,
      "min_impurity_decrease": 0.03847825513889761,
      "criterion": "friedman_mse",
      "ccp_alpha": 7.702166230610529e-07,
      "dropout_rate": 0.05931655382419876,
      "validation_fraction": 0.2593629985824079,
      "n_iter_no_change": null,
      "tol": 1.5926451943146033e-05,
      "random_state": 2023,
      "warm_start": false,
      "verbose": 0
    },
    "seed": 2023,
    "cv_n_splits": 5,
    "cv_n_repeats": 10,
    "preprocessing_config": {
      "eps": 1e-06,
      "min_speed": 0.01,
      "max_hours": 9999.0
    }
  },
  "result": {
    "c_index": 0.9121273600529977,
    "mean_brier": 0.05767391111383883,
    "hybrid_score": 0.933266470236212,
    "std_c_index": 0.005330153725420665,
    "std_mean_brier": 0.003249465107789559,
    "std_hybrid": 0.002639163374599021
  }
}