{
  "trial_id": 71,
  "config": {
    "model_type": "gbsa",
    "model_params": {
      "loss": "coxph",
      "n_estimators": 239,
      "learning_rate": 0.10897896082314673,
      "subsample": 0.9323764016314796,
      "max_depth": 5,
      "max_features": 1.0,
      "max_leaf_nodes": 8,
      "min_samples_split": 8,
      "min_samples_leaf": 17,
      "min_weight_fraction_leaf": 0.0,
      "min_impurity_decrease": 0.011471476952810228,
      "criterion": "friedman_mse",
      "ccp_alpha": 0.0007283075758568661,
      "dropout_rate": 0.029922036307499122,
      "validation_fraction": 0.2580096981532342,
      "n_iter_no_change": 20,
      "tol": 1.9696179933447356e-05,
      "random_state": 42,
      "warm_start": false,
      "verbose": 0
    },
    "seed": 42,
    "cv_n_splits": 5,
    "cv_n_repeats": 10,
    "preprocessing_config": {
      "eps": 1e-06,
      "min_speed": 0.01,
      "max_hours": 9999.0
    }
  },
  "result": {
    "c_index": 0.9381252070221929,
    "mean_brier": 0.06632871545855666,
    "hybrid_score": 0.935007461285668,
    "std_c_index": 0.004767993915324616,
    "std_mean_brier": 0.005758824223005814,
    "std_hybrid": 0.005053230568043662
  }
}