{
  "trial_id": 38,
  "config": {
    "model_type": "gbsa",
    "model_params": {
      "loss": "coxph",
      "n_estimators": 408,
      "learning_rate": 0.04742702997876531,
      "subsample": 0.6435119153365385,
      "max_depth": 3,
      "max_features": 0.7,
      "max_leaf_nodes": 16,
      "min_samples_split": 19,
      "min_samples_leaf": 12,
      "min_weight_fraction_leaf": 0.0,
      "min_impurity_decrease": 0.018196681583989065,
      "criterion": "friedman_mse",
      "ccp_alpha": 3.40292304074347e-06,
      "dropout_rate": 0.01861180545180462,
      "validation_fraction": 0.25162325443403105,
      "n_iter_no_change": null,
      "tol": 0.0021349551662929594,
      "random_state": 1024,
      "warm_start": false,
      "verbose": 0
    },
    "seed": 1024,
    "cv_n_splits": 5,
    "cv_n_repeats": 10,
    "preprocessing_config": {
      "eps": 1e-06,
      "min_speed": 0.01,
      "max_hours": 9999.0
    }
  },
  "result": {
    "c_index": 0.9411601523683337,
    "mean_brier": 0.06463369531983151,
    "hybrid_score": 0.9371044589866179,
    "std_c_index": 0.00233239328038986,
    "std_mean_brier": 0.0042893221936182524,
    "std_hybrid": 0.003363661067256565
  }
}