{
  "trial_id": 114,
  "config": {
    "model_type": "gbsa",
    "model_params": {
      "loss": "coxph",
      "n_estimators": 296,
      "learning_rate": 0.15354034408303982,
      "subsample": 0.8025024265287236,
      "max_depth": 3,
      "max_features": 0.3,
      "max_leaf_nodes": 63,
      "min_samples_split": 17,
      "min_samples_leaf": 2,
      "min_weight_fraction_leaf": 0.0,
      "min_impurity_decrease": 0.011985729855794014,
      "criterion": "friedman_mse",
      "ccp_alpha": 8.686008084157318e-07,
      "dropout_rate": 3.876606581460981e-05,
      "validation_fraction": 0.27668837454588285,
      "n_iter_no_change": null,
      "tol": 0.004341445652879152,
      "random_state": 1024,
      "warm_start": false,
      "verbose": 0
    },
    "seed": 1024,
    "cv_n_splits": 5,
    "cv_n_repeats": 10,
    "preprocessing_config": {
      "eps": 1e-06,
      "min_speed": 0.01,
      "max_hours": 9999.0
    }
  },
  "result": {
    "c_index": 0.9358810864524676,
    "mean_brier": 0.02831347019100598,
    "hybrid_score": 0.960944896802036,
    "std_c_index": 0.0040529087400140865,
    "std_mean_brier": 0.002402183708287271,
    "std_hybrid": 0.002614493877254748
  }
}