{
  "trial_id": 273,
  "config": {
    "model_type": "coxnet",
    "model_params": {
      "l1_ratio": 0.8671736967047012,
      "alpha_min_ratio": 0.03078457560384305,
      "n_alphas": 56,
      "max_iter": 19151,
      "tol": 4.3580466625105934e-08
    },
    "seed": 777,
    "cv_n_splits": 5,
    "cv_n_repeats": 10,
    "preprocessing_config": {
      "eps": 1e-06,
      "min_speed": 0.01,
      "max_hours": 9999.0
    }
  },
  "result": {
    "c_index": 0.9308131831732362,
    "mean_brier": 0.027835416378981688,
    "hybrid_score": 0.9597591634866836,
    "std_c_index": 0.006461454159227268,
    "std_mean_brier": 0.002676911098181793,
    "std_hybrid": 0.003493709122997533
  }
}