{
  "trial_id": 134,
  "config": {
    "model_type": "coxnet",
    "model_params": {
      "l1_ratio": 0.7430982948392326,
      "alpha_min_ratio": 0.03356503568410025,
      "n_alphas": 239,
      "max_iter": 19860,
      "tol": 6.944696126750999e-06
    },
    "seed": 42,
    "cv_n_splits": 5,
    "cv_n_repeats": 10,
    "preprocessing_config": {
      "eps": 1e-06,
      "min_speed": 0.01,
      "max_hours": 9999.0
    }
  },
  "result": {
    "c_index": 0.9353676714143756,
    "mean_brier": 0.026621711118134234,
    "hybrid_score": 0.9619751036416186,
    "std_c_index": 0.005493325205823225,
    "std_mean_brier": 0.002894180754031891,
    "std_hybrid": 0.0036204063270684527
  }
}