{
  "trial_id": 0,
  "config": {
    "model_type": "coxnet",
    "model_params": {
      "l1_ratio": 0.3745401188473625,
      "alpha_min_ratio": 0.07114476009343425,
      "n_alphas": 233,
      "max_iter": 12375,
      "tol": 4.207988669606625e-08
    },
    "seed": 42,
    "cv_n_splits": 5,
    "cv_n_repeats": 10,
    "preprocessing_config": {
      "eps": 1e-06,
      "min_speed": 0.01,
      "max_hours": 9999.0
    }
  },
  "result": {
    "c_index": 0.9380589599205035,
    "mean_brier": 0.029165703081268236,
    "hybrid_score": 0.9610016958192633,
    "std_c_index": 0.002119001338398387,
    "std_mean_brier": 0.0007620357753166923,
    "std_hybrid": 0.0010459508298340007
  }
}