{
  "trial_id": 67,
  "config": {
    "model_type": "coxnet",
    "model_params": {
      "l1_ratio": 0.07625126620049555,
      "alpha_min_ratio": 0.023375598137809178,
      "n_alphas": 188,
      "max_iter": 6153,
      "tol": 3.508538586787257e-08
    },
    "seed": 2023,
    "cv_n_splits": 5,
    "cv_n_repeats": 10,
    "preprocessing_config": {
      "eps": 1e-06,
      "min_speed": 0.01,
      "max_hours": 9999.0
    }
  },
  "result": {
    "c_index": 0.9360632659821132,
    "mean_brier": 0.032054410782455675,
    "hybrid_score": 0.9583808922469149,
    "std_c_index": 0.0031243099069717915,
    "std_mean_brier": 0.001054701808659111,
    "std_hybrid": 0.001192509696646099
  }
}