{
  "trial_id": 81,
  "config": {
    "model_type": "gbsa",
    "model_params": {
      "loss": "coxph",
      "n_estimators": 234,
      "learning_rate": 0.05845794374263702,
      "subsample": 0.9435977166473606,
      "max_depth": 3,
      "max_features": "log2",
      "max_leaf_nodes": 16,
      "min_samples_split": 7,
      "min_samples_leaf": 14,
      "min_weight_fraction_leaf": 0.0,
      "min_impurity_decrease": 0.02197516570013851,
      "criterion": "friedman_mse",
      "ccp_alpha": 0.0021395405332077172,
      "dropout_rate": 0.0375645118101762,
      "validation_fraction": 0.2753910247586791,
      "n_iter_no_change": 20,
      "tol": 2.476199381648589e-05,
      "random_state": 42,
      "warm_start": false,
      "verbose": 0
    },
    "seed": 42,
    "cv_n_splits": 5,
    "cv_n_repeats": 10,
    "preprocessing_config": {
      "eps": 1e-06,
      "min_speed": 0.01,
      "max_hours": 9999.0
    }
  },
  "result": {
    "c_index": 0.9424354090758529,
    "mean_brier": 0.10267296686980174,
    "hybrid_score": 0.9108595459138946,
    "std_c_index": 0.002501667690169958,
    "std_mean_brier": 0.005114101370982835,
    "std_hybrid": 0.003969387978870353
  }
}