{
  "trial_id": 261,
  "config": {
    "model_type": "coxnet",
    "model_params": {
      "l1_ratio": 0.8151472767050788,
      "alpha_min_ratio": 0.09724019689619773,
      "n_alphas": 252,
      "max_iter": 19202,
      "tol": 1.1083921859773434e-05
    },
    "seed": 42,
    "cv_n_splits": 5,
    "cv_n_repeats": 10,
    "preprocessing_config": {
      "eps": 1e-06,
      "min_speed": 0.01,
      "max_hours": 9999.0
    }
  },
  "result": {
    "c_index": 0.9393176548526002,
    "mean_brier": 0.026674941818865143,
    "hybrid_score": 0.9631228371825745,
    "std_c_index": 0.002265636349854324,
    "std_mean_brier": 0.000803624622711894,
    "std_hybrid": 0.001078241214044594
  }
}