{
  "trial_id": 13,
  "config": {
    "model_type": "coxnet",
    "model_params": {
      "l1_ratio": 0.8522303410893131,
      "alpha_min_ratio": 0.08696491380524511,
      "n_alphas": 287,
      "max_iter": 18932,
      "tol": 1.2063769745875845e-06
    },
    "seed": 42,
    "cv_n_splits": 5,
    "cv_n_repeats": 10,
    "preprocessing_config": {
      "eps": 1e-06,
      "min_speed": 0.01,
      "max_hours": 9999.0
    }
  },
  "result": {
    "c_index": 0.9398807552169594,
    "mean_brier": 0.02593510807410826,
    "hybrid_score": 0.963809650913212,
    "std_c_index": 0.0021783614504746703,
    "std_mean_brier": 0.0007809620291892823,
    "std_hybrid": 0.0010620469550808983
  }
}