{
  "trial_id": 297,
  "config": {
    "model_type": "gbsa",
    "model_params": {
      "loss": "coxph",
      "n_estimators": 497,
      "learning_rate": 0.1470434605909156,
      "subsample": 0.7774429512793711,
      "max_depth": 4,
      "max_features": "log2",
      "max_leaf_nodes": null,
      "min_samples_split": 4,
      "min_samples_leaf": 3,
      "min_weight_fraction_leaf": 0.0,
      "min_impurity_decrease": 0.04894392420128501,
      "criterion": "friedman_mse",
      "ccp_alpha": 0.015310918474727552,
      "dropout_rate": 0.008871330260287058,
      "validation_fraction": 0.16937950433082327,
      "n_iter_no_change": null,
      "tol": 0.0023422041239861773,
      "random_state": 42,
      "warm_start": false,
      "verbose": 0
    },
    "seed": 42,
    "cv_n_splits": 5,
    "cv_n_repeats": 10,
    "preprocessing_config": {
      "eps": 1e-06,
      "min_speed": 0.01,
      "max_hours": 9999.0
    }
  },
  "result": {
    "c_index": 0.9406301755548195,
    "mean_brier": 0.0311528914884954,
    "hybrid_score": 0.9603820286244991,
    "std_c_index": 0.0013224100620618639,
    "std_mean_brier": 0.0009822408067677911,
    "std_hybrid": 0.0008788173469444964
  }
}