{
  "trial_id": 80,
  "config": {
    "model_type": "coxnet",
    "model_params": {
      "l1_ratio": 0.8506345166445043,
      "alpha_min_ratio": 0.00017128683608578832,
      "n_alphas": 228,
      "max_iter": 10740,
      "tol": 4.90294335741883e-06
    },
    "seed": 42,
    "cv_n_splits": 5,
    "cv_n_repeats": 10,
    "preprocessing_config": {
      "eps": 1e-06,
      "min_speed": 0.01,
      "max_hours": 9999.0
    }
  },
  "result": {
    "c_index": 0.9201888042398145,
    "mean_brier": 0.04111278952765181,
    "hybrid_score": 0.947277688602588,
    "std_c_index": 0.013135941663801692,
    "std_mean_brier": 0.006969655160339604,
    "std_hybrid": 0.007781697792250156
  }
}