{
  "trial_id": 2,
  "config": {
    "seed": 42,
    "cv_n_splits": 5,
    "cv_n_repeats": 10,
    "gbsa_config": {
      "loss": "coxph",
      "n_estimators": 319,
      "learning_rate": 0.1322087706740562,
      "subsample": 0.5442462510259598,
      "max_depth": 2,
      "max_features": 0.5,
      "max_leaf_nodes": 63,
      "min_samples_split": 16,
      "min_samples_leaf": 4,
      "min_weight_fraction_leaf": 0.0,
      "min_impurity_decrease": 0.00027610585618012,
      "criterion": "friedman_mse",
      "ccp_alpha": 0.005107754312955827,
      "dropout_rate": 0.35342867192380856,
      "validation_fraction": 0.24580143360819745,
      "n_iter_no_change": null,
      "tol": 0.0038842777547031426,
      "random_state": 42,
      "warm_start": false,
      "verbose": 0
    },
    "preprocessing_config": {
      "eps": 1e-06,
      "min_speed": 0.01,
      "max_hours": 9999.0
    }
  },
  "result": {
    "c_index": 0.913539251407751,
    "mean_brier": 0.18594984550278632,
    "hybrid_score": 0.8438968835703748,
    "std_c_index": 0.005751188297357578,
    "std_mean_brier": 0.00830313804947429,
    "std_hybrid": 0.005772672020558843
  }
}