{
  "trial_id": 158,
  "config": {
    "model_type": "coxnet",
    "model_params": {
      "l1_ratio": 0.25985672177704866,
      "alpha_min_ratio": 0.00231892021661006,
      "n_alphas": 219,
      "max_iter": 1073,
      "tol": 1.8703439775641782e-06
    },
    "seed": 1024,
    "cv_n_splits": 5,
    "cv_n_repeats": 10,
    "preprocessing_config": {
      "eps": 1e-06,
      "min_speed": 0.01,
      "max_hours": 9999.0
    }
  },
  "result": {
    "c_index": 0.926217290493541,
    "mean_brier": 0.03413034193486024,
    "hybrid_score": 0.9539739477936602,
    "std_c_index": 0.012003974369098712,
    "std_mean_brier": 0.003897300937944915,
    "std_hybrid": 0.006028145672128138
  }
}