{
  "trial_id": 240,
  "config": {
    "model_type": "coxnet",
    "model_params": {
      "l1_ratio": 0.801889874222971,
      "alpha_min_ratio": 0.09434508835010123,
      "n_alphas": 278,
      "max_iter": 16455,
      "tol": 9.279996224377927e-06
    },
    "seed": 1024,
    "cv_n_splits": 5,
    "cv_n_repeats": 10,
    "preprocessing_config": {
      "eps": 1e-06,
      "min_speed": 0.01,
      "max_hours": 9999.0
    }
  },
  "result": {
    "c_index": 0.9370818151705864,
    "mean_brier": 0.026908248290147395,
    "hybrid_score": 0.9622887707480725,
    "std_c_index": 0.003653889506780662,
    "std_mean_brier": 0.0007857516860217987,
    "std_hybrid": 0.0015679672063155534
  }
}