{
  "trial_id": 1,
  "config": {
    "model_type": "gbsa",
    "model_params": {
      "loss": "coxph",
      "n_estimators": 451,
      "learning_rate": 0.0025097274813926326,
      "subsample": 0.8865896781676524,
      "max_depth": 2,
      "max_features": "sqrt",
      "max_leaf_nodes": 63,
      "min_samples_split": 12,
      "min_samples_leaf": 6,
      "min_weight_fraction_leaf": 0.0,
      "min_impurity_decrease": 0.04360307730667733,
      "criterion": "friedman_mse",
      "ccp_alpha": 3.517621832062943e-08,
      "dropout_rate": 0.38391955254072735,
      "validation_fraction": 0.2283347103466858,
      "n_iter_no_change": 10,
      "tol": 0.0010234763864447201,
      "random_state": 1024,
      "warm_start": false,
      "verbose": 0
    },
    "seed": 1024,
    "cv_n_splits": 5,
    "cv_n_repeats": 10,
    "preprocessing_config": {
      "eps": 1e-06,
      "min_speed": 0.01,
      "max_hours": 9999.0
    }
  },
  "result": {
    "c_index": 0.9384440211990726,
    "mean_brier": 0.22287413053094712,
    "hybrid_score": 0.8255213149880586,
    "std_c_index": 0.0031106860120535132,
    "std_mean_brier": 0.013539090020841936,
    "std_hybrid": 0.009776803348816584
  }
}