{
  "trial_id": 135,
  "config": {
    "model_type": "coxnet",
    "model_params": {
      "l1_ratio": 0.984651360487593,
      "alpha_min_ratio": 0.08055941867131924,
      "n_alphas": 209,
      "max_iter": 584,
      "tol": 9.216977709880228e-05
    },
    "seed": 42,
    "cv_n_splits": 5,
    "cv_n_repeats": 10,
    "preprocessing_config": {
      "eps": 1e-06,
      "min_speed": 0.01,
      "max_hours": 9999.0
    }
  },
  "result": {
    "c_index": 0.9393424975157336,
    "mean_brier": 0.025340818512832663,
    "hybrid_score": 0.9640641762957373,
    "std_c_index": 0.0022880588754650775,
    "std_mean_brier": 0.0008314595319183983,
    "std_hybrid": 0.0011260402407547601
  }
}