{
  "trial_id": 198,
  "config": {
    "model_type": "coxnet",
    "model_params": {
      "l1_ratio": 0.9215516904864949,
      "alpha_min_ratio": 0.06086578744736425,
      "n_alphas": 241,
      "max_iter": 1509,
      "tol": 1.4739839882408274e-05
    },
    "seed": 42,
    "cv_n_splits": 5,
    "cv_n_repeats": 10,
    "preprocessing_config": {
      "eps": 1e-06,
      "min_speed": 0.01,
      "max_hours": 9999.0
    }
  },
  "result": {
    "c_index": 0.9393507784034449,
    "mean_brier": 0.025369069993213034,
    "hybrid_score": 0.9640468845257841,
    "std_c_index": 0.002167062589865358,
    "std_mean_brier": 0.0011746808166943532,
    "std_hybrid": 0.0012161967307173051
  }
}