{
  "trial_id": 184,
  "config": {
    "model_type": "coxnet",
    "model_params": {
      "l1_ratio": 0.9833515649793622,
      "alpha_min_ratio": 0.09162415628115857,
      "n_alphas": 172,
      "max_iter": 13535,
      "tol": 2.0504637764951075e-05
    },
    "seed": 777,
    "cv_n_splits": 5,
    "cv_n_repeats": 10,
    "preprocessing_config": {
      "eps": 1e-06,
      "min_speed": 0.01,
      "max_hours": 9999.0
    }
  },
  "result": {
    "c_index": 0.9360963895329577,
    "mean_brier": 0.025884838275717963,
    "hybrid_score": 0.9627095300668846,
    "std_c_index": 0.0028145396130683656,
    "std_mean_brier": 0.0005177081104330532,
    "std_hybrid": 0.0010837266412757546
  }
}