{
  "trial_id": 138,
  "config": {
    "model_type": "coxnet",
    "model_params": {
      "l1_ratio": 0.9332955535083598,
      "alpha_min_ratio": 0.07501977244104338,
      "n_alphas": 172,
      "max_iter": 11168,
      "tol": 1.34926515675054e-05
    },
    "seed": 777,
    "cv_n_splits": 5,
    "cv_n_repeats": 10,
    "preprocessing_config": {
      "eps": 1e-06,
      "min_speed": 0.01,
      "max_hours": 9999.0
    }
  },
  "result": {
    "c_index": 0.9366015236833387,
    "mean_brier": 0.025597743054324346,
    "hybrid_score": 0.9630620369669746,
    "std_c_index": 0.0035203416249860392,
    "std_mean_brier": 0.0005231952066168757,
    "std_hybrid": 0.0013076133816779065
  }
}