{
  "trial_id": 295,
  "config": {
    "model_type": "gbsa",
    "model_params": {
      "loss": "coxph",
      "n_estimators": 175,
      "learning_rate": 0.12406842846488668,
      "subsample": 0.8471814679537779,
      "max_depth": 5,
      "max_features": 0.3,
      "max_leaf_nodes": 31,
      "min_samples_split": 8,
      "min_samples_leaf": 3,
      "min_weight_fraction_leaf": 0.0,
      "min_impurity_decrease": 0.02669749051990654,
      "criterion": "friedman_mse",
      "ccp_alpha": 0.003905068017150744,
      "dropout_rate": 0.050784471242964896,
      "validation_fraction": 0.2637333973011218,
      "n_iter_no_change": 10,
      "tol": 0.0005255463205111282,
      "random_state": 42,
      "warm_start": false,
      "verbose": 0
    },
    "seed": 42,
    "cv_n_splits": 5,
    "cv_n_repeats": 10,
    "preprocessing_config": {
      "eps": 1e-06,
      "min_speed": 0.01,
      "max_hours": 9999.0
    }
  },
  "result": {
    "c_index": 0.9402533951639616,
    "mean_brier": 0.07439200313220984,
    "hybrid_score": 0.9300016163566415,
    "std_c_index": 0.002958491279014138,
    "std_mean_brier": 0.005709339017413175,
    "std_hybrid": 0.004578578539572648
  }
}