{
  "trial_id": 269,
  "config": {
    "model_type": "gbsa",
    "model_params": {
      "loss": "coxph",
      "n_estimators": 434,
      "learning_rate": 0.12761410988002728,
      "subsample": 0.9245856876462909,
      "max_depth": 4,
      "max_features": 0.3,
      "max_leaf_nodes": null,
      "min_samples_split": 13,
      "min_samples_leaf": 5,
      "min_weight_fraction_leaf": 0.0,
      "min_impurity_decrease": 0.03869157362917682,
      "criterion": "friedman_mse",
      "ccp_alpha": 6.901685025236918e-06,
      "dropout_rate": 0.017051415629128992,
      "validation_fraction": 0.2640115455573861,
      "n_iter_no_change": null,
      "tol": 0.00039995640489244675,
      "random_state": 1024,
      "warm_start": false,
      "verbose": 0
    },
    "seed": 1024,
    "cv_n_splits": 5,
    "cv_n_repeats": 10,
    "preprocessing_config": {
      "eps": 1e-06,
      "min_speed": 0.01,
      "max_hours": 9999.0
    }
  },
  "result": {
    "c_index": 0.9371811858231203,
    "mean_brier": 0.03619906346669174,
    "hybrid_score": 0.9558150113202517,
    "std_c_index": 0.003618321543162698,
    "std_mean_brier": 0.003547646595181514,
    "std_hybrid": 0.003042412728029397
  }
}