{
  "trial_id": 142,
  "config": {
    "model_type": "coxnet",
    "model_params": {
      "l1_ratio": 0.9309213584257354,
      "alpha_min_ratio": 0.08861092819332972,
      "n_alphas": 219,
      "max_iter": 511,
      "tol": 6.737806693105577e-05
    },
    "seed": 42,
    "cv_n_splits": 5,
    "cv_n_repeats": 10,
    "preprocessing_config": {
      "eps": 1e-06,
      "min_speed": 0.01,
      "max_hours": 9999.0
    }
  },
  "result": {
    "c_index": 0.9395660814839351,
    "mean_brier": 0.02567220273110175,
    "hybrid_score": 0.9638992825334094,
    "std_c_index": 0.002306431638977451,
    "std_mean_brier": 0.0007742703194207027,
    "std_hybrid": 0.0010869751703263928
  }
}