{
  "trial_id": 234,
  "config": {
    "model_type": "coxnet",
    "model_params": {
      "l1_ratio": 0.9651606242280238,
      "alpha_min_ratio": 0.06288871710162507,
      "n_alphas": 272,
      "max_iter": 1976,
      "tol": 1.3109737145150907e-05
    },
    "seed": 42,
    "cv_n_splits": 5,
    "cv_n_repeats": 10,
    "preprocessing_config": {
      "eps": 1e-06,
      "min_speed": 0.01,
      "max_hours": 9999.0
    }
  },
  "result": {
    "c_index": 0.9394087446174231,
    "mean_brier": 0.025191145142743527,
    "hybrid_score": 0.9641888217853063,
    "std_c_index": 0.0025169131232124177,
    "std_mean_brier": 0.001078515121624618,
    "std_hybrid": 0.0012757035803384951
  }
}