{
  "trial_id": 235,
  "config": {
    "model_type": "gbsa",
    "model_params": {
      "loss": "coxph",
      "n_estimators": 491,
      "learning_rate": 0.04831121159054566,
      "subsample": 0.8896135000990375,
      "max_depth": 6,
      "max_features": 1.0,
      "max_leaf_nodes": 8,
      "min_samples_split": 5,
      "min_samples_leaf": 6,
      "min_weight_fraction_leaf": 0.0,
      "min_impurity_decrease": 0.020262213538222742,
      "criterion": "friedman_mse",
      "ccp_alpha": 0.0008874799906442472,
      "dropout_rate": 0.0859204032151736,
      "validation_fraction": 0.29198079062633703,
      "n_iter_no_change": null,
      "tol": 0.0013144949213642024,
      "random_state": 777,
      "warm_start": false,
      "verbose": 0
    },
    "seed": 777,
    "cv_n_splits": 5,
    "cv_n_repeats": 10,
    "preprocessing_config": {
      "eps": 1e-06,
      "min_speed": 0.01,
      "max_hours": 9999.0
    }
  },
  "result": {
    "c_index": 0.9391603179860881,
    "mean_brier": 0.16281732488901454,
    "hybrid_score": 0.8677759679735161,
    "std_c_index": 0.00353760647296907,
    "std_mean_brier": 0.01158461366728685,
    "std_hybrid": 0.008523650362021235
  }
}