{
  "trial_id": 184,
  "config": {
    "model_type": "gbsa",
    "model_params": {
      "loss": "coxph",
      "n_estimators": 202,
      "learning_rate": 0.07604574739957057,
      "subsample": 0.6698018956193614,
      "max_depth": 6,
      "max_features": 0.3,
      "max_leaf_nodes": null,
      "min_samples_split": 4,
      "min_samples_leaf": 11,
      "min_weight_fraction_leaf": 0.0,
      "min_impurity_decrease": 0.03285947446219993,
      "criterion": "friedman_mse",
      "ccp_alpha": 0.0009284612696608107,
      "dropout_rate": 0.006080363935576316,
      "validation_fraction": 0.2885453379573644,
      "n_iter_no_change": 20,
      "tol": 0.0014247998219458183,
      "random_state": 42,
      "warm_start": false,
      "verbose": 0
    },
    "seed": 42,
    "cv_n_splits": 5,
    "cv_n_repeats": 10,
    "preprocessing_config": {
      "eps": 1e-06,
      "min_speed": 0.01,
      "max_hours": 9999.0
    }
  },
  "result": {
    "c_index": 0.937657336866512,
    "mean_brier": 0.04837437735955434,
    "hybrid_score": 0.9474351369082656,
    "std_c_index": 0.0036605387581404047,
    "std_mean_brier": 0.005291534656986697,
    "std_hybrid": 0.004217604724357645
  }
}