{
  "trial_id": 185,
  "config": {
    "model_type": "coxnet",
    "model_params": {
      "l1_ratio": 0.963545970106315,
      "alpha_min_ratio": 0.03799981833581363,
      "n_alphas": 232,
      "max_iter": 16793,
      "tol": 9.578676142620509e-06
    },
    "seed": 42,
    "cv_n_splits": 5,
    "cv_n_repeats": 10,
    "preprocessing_config": {
      "eps": 1e-06,
      "min_speed": 0.01,
      "max_hours": 9999.0
    }
  },
  "result": {
    "c_index": 0.9366180854587614,
    "mean_brier": 0.025871716281331558,
    "hybrid_score": 0.9628752242406963,
    "std_c_index": 0.004964418082131357,
    "std_mean_brier": 0.002875223788448039,
    "std_hybrid": 0.003355524553486652
  }
}