{
  "trial_id": 69,
  "config": {
    "model_type": "gbsa",
    "model_params": {
      "loss": "coxph",
      "n_estimators": 424,
      "learning_rate": 0.05456861413729845,
      "subsample": 0.9393583832662331,
      "max_depth": 2,
      "max_features": 0.5,
      "max_leaf_nodes": 63,
      "min_samples_split": 4,
      "min_samples_leaf": 5,
      "min_weight_fraction_leaf": 0.0,
      "min_impurity_decrease": 0.02310052660575666,
      "criterion": "friedman_mse",
      "ccp_alpha": 0.010245434520851058,
      "dropout_rate": 0.07440019762978783,
      "validation_fraction": 0.24669429183255143,
      "n_iter_no_change": null,
      "tol": 0.00030965252704454586,
      "random_state": 1024,
      "warm_start": false,
      "verbose": 0
    },
    "seed": 1024,
    "cv_n_splits": 5,
    "cv_n_repeats": 10,
    "preprocessing_config": {
      "eps": 1e-06,
      "min_speed": 0.01,
      "max_hours": 9999.0
    }
  },
  "result": {
    "c_index": 0.9017969526333223,
    "mean_brier": 0.14219515796979526,
    "hybrid_score": 0.8710024752111399,
    "std_c_index": 0.006687241112658001,
    "std_mean_brier": 0.008591516235870894,
    "std_hybrid": 0.005603347698912444
  }
}