{
  "trial_id": 211,
  "config": {
    "model_type": "gbsa",
    "model_params": {
      "loss": "coxph",
      "n_estimators": 472,
      "learning_rate": 0.18508288772005124,
      "subsample": 0.5676276008752228,
      "max_depth": 4,
      "max_features": "sqrt",
      "max_leaf_nodes": null,
      "min_samples_split": 2,
      "min_samples_leaf": 16,
      "min_weight_fraction_leaf": 0.0,
      "min_impurity_decrease": 0.046335522143025984,
      "criterion": "friedman_mse",
      "ccp_alpha": 0.03742126070370746,
      "dropout_rate": 0.07268245244895208,
      "validation_fraction": 0.18863274940047003,
      "n_iter_no_change": 5,
      "tol": 1.7120944513845335e-05,
      "random_state": 42,
      "warm_start": false,
      "verbose": 0
    },
    "seed": 42,
    "cv_n_splits": 5,
    "cv_n_repeats": 10,
    "preprocessing_config": {
      "eps": 1e-06,
      "min_speed": 0.01,
      "max_hours": 9999.0
    }
  },
  "result": {
    "c_index": 0.9158371977475983,
    "mean_brier": 0.08624945785271004,
    "hybrid_score": 0.9143765388273823,
    "std_c_index": 0.005097491776663956,
    "std_mean_brier": 0.004795257975698265,
    "std_hybrid": 0.003906639730701911
  }
}