{
  "trial_id": 82,
  "config": {
    "model_type": "coxnet",
    "model_params": {
      "l1_ratio": 0.831952767208052,
      "alpha_min_ratio": 0.0723894527024934,
      "n_alphas": 187,
      "max_iter": 19455,
      "tol": 9.12699419921051e-05
    },
    "seed": 1024,
    "cv_n_splits": 5,
    "cv_n_repeats": 10,
    "preprocessing_config": {
      "eps": 1e-06,
      "min_speed": 0.01,
      "max_hours": 9999.0
    }
  },
  "result": {
    "c_index": 0.9364773103676713,
    "mean_brier": 0.026311680398238856,
    "hybrid_score": 0.9625250168315341,
    "std_c_index": 0.0034073513475194146,
    "std_mean_brier": 0.0008387129676638403,
    "std_hybrid": 0.0015172710580906705
  }
}