{
  "trial_id": 64,
  "config": {
    "model_type": "coxnet",
    "model_params": {
      "l1_ratio": 0.7099925299195613,
      "alpha_min_ratio": 0.09956972611931107,
      "n_alphas": 178,
      "max_iter": 12517,
      "tol": 2.301491628283261e-07
    },
    "seed": 2023,
    "cv_n_splits": 5,
    "cv_n_repeats": 10,
    "preprocessing_config": {
      "eps": 1e-06,
      "min_speed": 0.01,
      "max_hours": 9999.0
    }
  },
  "result": {
    "c_index": 0.9371149387214309,
    "mean_brier": 0.027555881868090736,
    "hybrid_score": 0.9618453643087659,
    "std_c_index": 0.0024901112646997046,
    "std_mean_brier": 0.0006374663015752436,
    "std_hybrid": 0.0009026310852157825
  }
}