{
  "trial_id": 283,
  "config": {
    "model_type": "coxnet",
    "model_params": {
      "l1_ratio": 0.9632820817147566,
      "alpha_min_ratio": 0.04872070088547181,
      "n_alphas": 225,
      "max_iter": 7931,
      "tol": 1.0328529857412626e-06
    },
    "seed": 2023,
    "cv_n_splits": 5,
    "cv_n_repeats": 10,
    "preprocessing_config": {
      "eps": 1e-06,
      "min_speed": 0.01,
      "max_hours": 9999.0
    }
  },
  "result": {
    "c_index": 0.9350115932427958,
    "mean_brier": 0.025718390420501225,
    "hybrid_score": 0.9625006046784877,
    "std_c_index": 0.0032510895926822557,
    "std_mean_brier": 0.0009936830042708623,
    "std_hybrid": 0.001403242079419802
  }
}