{
  "trial_id": 278,
  "config": {
    "model_type": "gbsa",
    "model_params": {
      "loss": "coxph",
      "n_estimators": 385,
      "learning_rate": 0.10994943160157135,
      "subsample": 0.7147555111074069,
      "max_depth": 6,
      "max_features": 1.0,
      "max_leaf_nodes": 63,
      "min_samples_split": 10,
      "min_samples_leaf": 19,
      "min_weight_fraction_leaf": 0.0,
      "min_impurity_decrease": 0.006005208480813753,
      "criterion": "friedman_mse",
      "ccp_alpha": 4.999072372611373e-05,
      "dropout_rate": 0.1040459972528981,
      "validation_fraction": 0.26848960786123865,
      "n_iter_no_change": null,
      "tol": 0.00030769524695520084,
      "random_state": 2023,
      "warm_start": false,
      "verbose": 0
    },
    "seed": 2023,
    "cv_n_splits": 5,
    "cv_n_repeats": 10,
    "preprocessing_config": {
      "eps": 1e-06,
      "min_speed": 0.01,
      "max_hours": 9999.0
    }
  },
  "result": {
    "c_index": 0.9368292480953958,
    "mean_brier": 0.12476819023057106,
    "hybrid_score": 0.8937110412672189,
    "std_c_index": 0.0051781063601164,
    "std_mean_brier": 0.006321081219687191,
    "std_hybrid": 0.004656574827388114
  }
}