{
  "trial_id": 250,
  "config": {
    "model_type": "coxnet",
    "model_params": {
      "l1_ratio": 0.8728157439707953,
      "alpha_min_ratio": 0.06266658039474063,
      "n_alphas": 223,
      "max_iter": 1990,
      "tol": 1.3564425287887865e-06
    },
    "seed": 42,
    "cv_n_splits": 5,
    "cv_n_repeats": 10,
    "preprocessing_config": {
      "eps": 1e-06,
      "min_speed": 0.01,
      "max_hours": 9999.0
    }
  },
  "result": {
    "c_index": 0.9393756210665783,
    "mean_brier": 0.025563735659592746,
    "hybrid_score": 0.9639180713582587,
    "std_c_index": 0.0021368701976159335,
    "std_mean_brier": 0.001328277254147185,
    "std_hybrid": 0.0013007197616465018
  }
}