{
  "trial_id": 36,
  "config": {
    "model_type": "coxnet",
    "model_params": {
      "l1_ratio": 0.93907901890884,
      "alpha_min_ratio": 0.051437962554173065,
      "n_alphas": 262,
      "max_iter": 19223,
      "tol": 7.549913357066918e-06
    },
    "seed": 1024,
    "cv_n_splits": 5,
    "cv_n_repeats": 10,
    "preprocessing_config": {
      "eps": 1e-06,
      "min_speed": 0.01,
      "max_hours": 9999.0
    }
  },
  "result": {
    "c_index": 0.9362123219609144,
    "mean_brier": 0.025790373928461348,
    "hybrid_score": 0.9628104348383513,
    "std_c_index": 0.003167599209670576,
    "std_mean_brier": 0.0009015314865121038,
    "std_hybrid": 0.001400242706949778
  }
}