{
  "trial_id": 165,
  "config": {
    "model_type": "gbsa",
    "model_params": {
      "loss": "coxph",
      "n_estimators": 420,
      "learning_rate": 0.19407356523992836,
      "subsample": 0.7189193811849743,
      "max_depth": 5,
      "max_features": "sqrt",
      "max_leaf_nodes": 8,
      "min_samples_split": 5,
      "min_samples_leaf": 20,
      "min_weight_fraction_leaf": 0.0,
      "min_impurity_decrease": 0.04321024695686419,
      "criterion": "friedman_mse",
      "ccp_alpha": 0.00488470621722549,
      "dropout_rate": 0.012033876440532991,
      "validation_fraction": 0.2781811627167906,
      "n_iter_no_change": null,
      "tol": 0.00010366036955739007,
      "random_state": 777,
      "warm_start": false,
      "verbose": 0
    },
    "seed": 777,
    "cv_n_splits": 5,
    "cv_n_repeats": 10,
    "preprocessing_config": {
      "eps": 1e-06,
      "min_speed": 0.01,
      "max_hours": 9999.0
    }
  },
  "result": {
    "c_index": 0.9419385558131832,
    "mean_brier": 0.029259344798856758,
    "hybrid_score": 0.9621000253847551,
    "std_c_index": 0.0025968241996005004,
    "std_mean_brier": 0.001070728837897341,
    "std_hybrid": 0.0011436197130574202
  }
}