{
  "trial_id": 111,
  "config": {
    "model_type": "coxnet",
    "model_params": {
      "l1_ratio": 0.999839265777876,
      "alpha_min_ratio": 0.05989108181363449,
      "n_alphas": 257,
      "max_iter": 16292,
      "tol": 5.686487348819317e-05
    },
    "seed": 1024,
    "cv_n_splits": 5,
    "cv_n_repeats": 10,
    "preprocessing_config": {
      "eps": 1e-06,
      "min_speed": 0.01,
      "max_hours": 9999.0
    }
  },
  "result": {
    "c_index": 0.93589764822789,
    "mean_brier": 0.025653068185636823,
    "hybrid_score": 0.9628121467384212,
    "std_c_index": 0.0032895976259516,
    "std_mean_brier": 0.0008049815093041662,
    "std_hybrid": 0.0014228510439247804
  }
}