{
  "trial_id": 16,
  "config": {
    "model_type": "gbsa",
    "model_params": {
      "loss": "coxph",
      "n_estimators": 498,
      "learning_rate": 0.039216810859499934,
      "subsample": 0.624840621453493,
      "max_depth": 4,
      "max_features": "sqrt",
      "max_leaf_nodes": 8,
      "min_samples_split": 9,
      "min_samples_leaf": 15,
      "min_weight_fraction_leaf": 0.0,
      "min_impurity_decrease": 0.004926181545812218,
      "criterion": "friedman_mse",
      "ccp_alpha": 4.483981983461455e-05,
      "dropout_rate": 0.0843017888465798,
      "validation_fraction": 0.2923647436414431,
      "n_iter_no_change": 10,
      "tol": 0.00022321340507746874,
      "random_state": 2023,
      "warm_start": false,
      "verbose": 0
    },
    "seed": 2023,
    "cv_n_splits": 5,
    "cv_n_repeats": 10,
    "preprocessing_config": {
      "eps": 1e-06,
      "min_speed": 0.01,
      "max_hours": 9999.0
    }
  },
  "result": {
    "c_index": 0.9203005962239151,
    "mean_brier": 0.17871573975599148,
    "hybrid_score": 0.8509891610379805,
    "std_c_index": 0.006989614970396234,
    "std_mean_brier": 0.012126425133490876,
    "std_hybrid": 0.009034240692830837
  }
}