{
  "trial_id": 267,
  "config": {
    "seed": 42,
    "cv_n_splits": 5,
    "cv_n_repeats": 10,
    "gbsa_config": {
      "loss": "coxph",
      "n_estimators": 366,
      "learning_rate": 0.14707869597276174,
      "subsample": 0.8878416532679794,
      "max_depth": 6,
      "max_features": 0.7,
      "max_leaf_nodes": null,
      "min_samples_split": 13,
      "min_samples_leaf": 19,
      "min_weight_fraction_leaf": 0.0,
      "min_impurity_decrease": 0.016165573842908454,
      "criterion": "friedman_mse",
      "ccp_alpha": 0.08547316088679503,
      "dropout_rate": 0.06491567613936466,
      "validation_fraction": 0.21592046801181147,
      "n_iter_no_change": null,
      "tol": 0.00016938000499315686,
      "random_state": 42,
      "warm_start": false,
      "verbose": 0
    },
    "preprocessing_config": {
      "eps": 1e-06,
      "min_speed": 0.01,
      "max_hours": 9999.0
    }
  },
  "result": {
    "c_index": 0.9008860549850943,
    "mean_brier": 0.07143251918633389,
    "hybrid_score": 0.9202630530650946,
    "std_c_index": 0.009131622907065887,
    "std_mean_brier": 0.0022047636352050502,
    "std_hybrid": 0.002240798862933356
  }
}