{
  "trial_id": 42,
  "config": {
    "model_type": "coxnet",
    "model_params": {
      "l1_ratio": 0.19072250326559548,
      "alpha_min_ratio": 0.021310965124976815,
      "n_alphas": 231,
      "max_iter": 3625,
      "tol": 6.9368013729958055e-06
    },
    "seed": 2023,
    "cv_n_splits": 5,
    "cv_n_repeats": 10,
    "preprocessing_config": {
      "eps": 1e-06,
      "min_speed": 0.01,
      "max_hours": 9999.0
    }
  },
  "result": {
    "c_index": 0.9337280556475654,
    "mean_brier": 0.02963149891356835,
    "hybrid_score": 0.9593763674547718,
    "std_c_index": 0.004184110578262988,
    "std_mean_brier": 0.0018486988086055265,
    "std_hybrid": 0.0023120236421790823
  }
}