{
  "trial_id": 285,
  "config": {
    "model_type": "gbsa",
    "model_params": {
      "loss": "coxph",
      "n_estimators": 129,
      "learning_rate": 0.08638687637296519,
      "subsample": 0.9122280138223157,
      "max_depth": 2,
      "max_features": "log2",
      "max_leaf_nodes": 8,
      "min_samples_split": 12,
      "min_samples_leaf": 3,
      "min_weight_fraction_leaf": 0.0,
      "min_impurity_decrease": 0.004919265607815699,
      "criterion": "friedman_mse",
      "ccp_alpha": 0.00019677191737860108,
      "dropout_rate": 0.018894190714679432,
      "validation_fraction": 0.29116669326093136,
      "n_iter_no_change": null,
      "tol": 0.003478459438133232,
      "random_state": 1024,
      "warm_start": false,
      "verbose": 0
    },
    "seed": 1024,
    "cv_n_splits": 5,
    "cv_n_repeats": 10,
    "preprocessing_config": {
      "eps": 1e-06,
      "min_speed": 0.01,
      "max_hours": 9999.0
    }
  },
  "result": {
    "c_index": 0.9421083140112619,
    "mean_brier": 0.05239514469364861,
    "hybrid_score": 0.9459558929178244,
    "std_c_index": 0.0020246558773552234,
    "std_mean_brier": 0.003166200654420297,
    "std_hybrid": 0.0025114258522897265
  }
}