{
  "trial_id": 236,
  "config": {
    "model_type": "coxnet",
    "model_params": {
      "l1_ratio": 0.1498727216556613,
      "alpha_min_ratio": 0.02422265220522688,
      "n_alphas": 219,
      "max_iter": 15407,
      "tol": 1.1255913314011431e-08
    },
    "seed": 777,
    "cv_n_splits": 5,
    "cv_n_repeats": 10,
    "preprocessing_config": {
      "eps": 1e-06,
      "min_speed": 0.01,
      "max_hours": 9999.0
    }
  },
  "result": {
    "c_index": 0.9329744948658497,
    "mean_brier": 0.030433664038662454,
    "hybrid_score": 0.9585887836326912,
    "std_c_index": 0.00251313686868483,
    "std_mean_brier": 0.0017469814740777578,
    "std_hybrid": 0.0015983533211689398
  }
}