{
  "trial_id": 282,
  "config": {
    "model_type": "gbsa",
    "model_params": {
      "loss": "coxph",
      "n_estimators": 341,
      "learning_rate": 0.1959396287517614,
      "subsample": 0.8341243172974299,
      "max_depth": 4,
      "max_features": 0.3,
      "max_leaf_nodes": null,
      "min_samples_split": 5,
      "min_samples_leaf": 1,
      "min_weight_fraction_leaf": 0.0,
      "min_impurity_decrease": 0.046369101271083006,
      "criterion": "friedman_mse",
      "ccp_alpha": 3.157496993723861e-05,
      "dropout_rate": 0.029376887269262502,
      "validation_fraction": 0.17382519878750585,
      "n_iter_no_change": 5,
      "tol": 0.0028126354874804887,
      "random_state": 1024,
      "warm_start": false,
      "verbose": 0
    },
    "seed": 1024,
    "cv_n_splits": 5,
    "cv_n_repeats": 10,
    "preprocessing_config": {
      "eps": 1e-06,
      "min_speed": 0.01,
      "max_hours": 9999.0
    }
  },
  "result": {
    "c_index": 0.9341545213646902,
    "mean_brier": 0.06090168125192983,
    "hybrid_score": 0.9376151795330563,
    "std_c_index": 0.006352149352882617,
    "std_mean_brier": 0.007831532210533192,
    "std_hybrid": 0.005761636534651159
  }
}