{
  "trial_id": 273,
  "config": {
    "model_type": "gbsa",
    "model_params": {
      "loss": "coxph",
      "n_estimators": 443,
      "learning_rate": 0.17055404225009024,
      "subsample": 0.5159478818636034,
      "max_depth": 3,
      "max_features": "log2",
      "max_leaf_nodes": 8,
      "min_samples_split": 8,
      "min_samples_leaf": 20,
      "min_weight_fraction_leaf": 0.0,
      "min_impurity_decrease": 0.027637824743713617,
      "criterion": "friedman_mse",
      "ccp_alpha": 0.07259902461875331,
      "dropout_rate": 0.0004653826518744961,
      "validation_fraction": 0.16264845783933946,
      "n_iter_no_change": null,
      "tol": 0.00032743938798318644,
      "random_state": 42,
      "warm_start": false,
      "verbose": 0
    },
    "seed": 42,
    "cv_n_splits": 5,
    "cv_n_repeats": 10,
    "preprocessing_config": {
      "eps": 1e-06,
      "min_speed": 0.01,
      "max_hours": 9999.0
    }
  },
  "result": {
    "c_index": 0.9133777740973834,
    "mean_brier": 0.047665368244962945,
    "hybrid_score": 0.9406475744577409,
    "std_c_index": 0.005163000673247205,
    "std_mean_brier": 0.0011577375121762884,
    "std_hybrid": 0.0015861750737885035
  }
}