{
  "trial_id": 278,
  "config": {
    "model_type": "coxnet",
    "model_params": {
      "l1_ratio": 0.98305987792383,
      "alpha_min_ratio": 0.04263793767852157,
      "n_alphas": 294,
      "max_iter": 1527,
      "tol": 2.825171468784597e-05
    },
    "seed": 42,
    "cv_n_splits": 5,
    "cv_n_repeats": 10,
    "preprocessing_config": {
      "eps": 1e-06,
      "min_speed": 0.01,
      "max_hours": 9999.0
    }
  },
  "result": {
    "c_index": 0.937272275587943,
    "mean_brier": 0.025773460867825383,
    "hybrid_score": 0.963140260068905,
    "std_c_index": 0.004773017763885925,
    "std_mean_brier": 0.0027516977857549104,
    "std_hybrid": 0.0032150395067562193
  }
}