{
  "trial_id": 265,
  "config": {
    "model_type": "gbsa",
    "model_params": {
      "loss": "coxph",
      "n_estimators": 453,
      "learning_rate": 0.10233740861660066,
      "subsample": 0.7226740949949051,
      "max_depth": 1,
      "max_features": 0.7,
      "max_leaf_nodes": 8,
      "min_samples_split": 19,
      "min_samples_leaf": 14,
      "min_weight_fraction_leaf": 0.0,
      "min_impurity_decrease": 0.023639132343500572,
      "criterion": "friedman_mse",
      "ccp_alpha": 4.856739736139422e-08,
      "dropout_rate": 0.037654823045844964,
      "validation_fraction": 0.27618209392581605,
      "n_iter_no_change": null,
      "tol": 1.0837330654338504e-05,
      "random_state": 2023,
      "warm_start": false,
      "verbose": 0
    },
    "seed": 2023,
    "cv_n_splits": 5,
    "cv_n_repeats": 10,
    "preprocessing_config": {
      "eps": 1e-06,
      "min_speed": 0.01,
      "max_hours": 9999.0
    }
  },
  "result": {
    "c_index": 0.9024966876449156,
    "mean_brier": 0.0652764018777807,
    "hybrid_score": 0.925055524979028,
    "std_c_index": 0.007090912348993802,
    "std_mean_brier": 0.003665050258267039,
    "std_hybrid": 0.0029553370018627055
  }
}