{
  "trial_id": 117,
  "config": {
    "model_type": "coxnet",
    "model_params": {
      "l1_ratio": 0.928397281304811,
      "alpha_min_ratio": 0.002466418322412599,
      "n_alphas": 136,
      "max_iter": 19785,
      "tol": 6.223112869966932e-05
    },
    "seed": 2023,
    "cv_n_splits": 5,
    "cv_n_repeats": 10,
    "preprocessing_config": {
      "eps": 1e-06,
      "min_speed": 0.01,
      "max_hours": 9999.0
    }
  },
  "result": {
    "c_index": 0.9179032792315336,
    "mean_brier": 0.0385567840666344,
    "hybrid_score": 0.948381234922816,
    "std_c_index": 0.01772567294789379,
    "std_mean_brier": 0.00661805029822911,
    "std_hybrid": 0.009576321094351881
  }
}