{
  "trial_id": 288,
  "config": {
    "model_type": "coxnet",
    "model_params": {
      "l1_ratio": 0.9392328955441713,
      "alpha_min_ratio": 0.08576033085777998,
      "n_alphas": 233,
      "max_iter": 1773,
      "tol": 8.208866519918948e-05
    },
    "seed": 42,
    "cv_n_splits": 5,
    "cv_n_repeats": 10,
    "preprocessing_config": {
      "eps": 1e-06,
      "min_speed": 0.01,
      "max_hours": 9999.0
    }
  },
  "result": {
    "c_index": 0.9394915534945346,
    "mean_brier": 0.025563951437019637,
    "hybrid_score": 0.9639527000424465,
    "std_c_index": 0.00227989246467799,
    "std_mean_brier": 0.0007889270924650777,
    "std_hybrid": 0.0010886232190224008
  }
}