{
  "trial_id": 49,
  "config": {
    "model_type": "gbsa",
    "model_params": {
      "loss": "coxph",
      "n_estimators": 354,
      "learning_rate": 0.12165255238600028,
      "subsample": 0.9740785851421113,
      "max_depth": 3,
      "max_features": 0.3,
      "max_leaf_nodes": 63,
      "min_samples_split": 12,
      "min_samples_leaf": 1,
      "min_weight_fraction_leaf": 0.0,
      "min_impurity_decrease": 0.03348599333030976,
      "criterion": "friedman_mse",
      "ccp_alpha": 0.03395356248641081,
      "dropout_rate": 0.022456334577624533,
      "validation_fraction": 0.2726602979151338,
      "n_iter_no_change": null,
      "tol": 0.000314475945119224,
      "random_state": 1024,
      "warm_start": false,
      "verbose": 0
    },
    "seed": 1024,
    "cv_n_splits": 5,
    "cv_n_repeats": 10,
    "preprocessing_config": {
      "eps": 1e-06,
      "min_speed": 0.01,
      "max_hours": 9999.0
    }
  },
  "result": {
    "c_index": 0.9286767141437562,
    "mean_brier": 0.04151116702835148,
    "hybrid_score": 0.9495451973232807,
    "std_c_index": 0.004046813143938999,
    "std_mean_brier": 0.0015185102905371638,
    "std_hybrid": 0.0012841984235567243
  }
}