{
  "trial_id": 105,
  "config": {
    "model_type": "coxnet",
    "model_params": {
      "l1_ratio": 0.8583280962239961,
      "alpha_min_ratio": 0.00015306519351715632,
      "n_alphas": 285,
      "max_iter": 11058,
      "tol": 8.926638324650836e-05
    },
    "seed": 2023,
    "cv_n_splits": 5,
    "cv_n_repeats": 10,
    "preprocessing_config": {
      "eps": 1e-06,
      "min_speed": 0.01,
      "max_hours": 9999.0
    }
  },
  "result": {
    "c_index": 0.9155018217952964,
    "mean_brier": 0.043386894150980786,
    "hybrid_score": 0.9442797206329023,
    "std_c_index": 0.018211372234314138,
    "std_mean_brier": 0.008624748617271742,
    "std_hybrid": 0.010817227847797563
  }
}