{
  "trial_id": 143,
  "config": {
    "model_type": "gbsa",
    "model_params": {
      "loss": "coxph",
      "n_estimators": 340,
      "learning_rate": 0.17920025890426583,
      "subsample": 0.5203066034884661,
      "max_depth": 4,
      "max_features": "log2",
      "max_leaf_nodes": 31,
      "min_samples_split": 7,
      "min_samples_leaf": 10,
      "min_weight_fraction_leaf": 0.0,
      "min_impurity_decrease": 0.028570020203385067,
      "criterion": "friedman_mse",
      "ccp_alpha": 0.0006116416005164146,
      "dropout_rate": 0.03568498532731427,
      "validation_fraction": 0.2583347874734839,
      "n_iter_no_change": null,
      "tol": 0.0003419539452945643,
      "random_state": 2023,
      "warm_start": false,
      "verbose": 0
    },
    "seed": 2023,
    "cv_n_splits": 5,
    "cv_n_repeats": 10,
    "preprocessing_config": {
      "eps": 1e-06,
      "min_speed": 0.01,
      "max_hours": 9999.0
    }
  },
  "result": {
    "c_index": 0.9413133487909905,
    "mean_brier": 0.04619847976444057,
    "hybrid_score": 0.9500550688021885,
    "std_c_index": 0.0025604017372155216,
    "std_mean_brier": 0.0030007809676153873,
    "std_hybrid": 0.0026114692625643235
  }
}