{
  "trial_id": 294,
  "config": {
    "model_type": "coxnet",
    "model_params": {
      "l1_ratio": 0.8900318901335275,
      "alpha_min_ratio": 0.026683100200062756,
      "n_alphas": 289,
      "max_iter": 17315,
      "tol": 9.462898986050518e-05
    },
    "seed": 1024,
    "cv_n_splits": 5,
    "cv_n_repeats": 10,
    "preprocessing_config": {
      "eps": 1e-06,
      "min_speed": 0.01,
      "max_hours": 9999.0
    }
  },
  "result": {
    "c_index": 0.9320553163299106,
    "mean_brier": 0.026990863549448334,
    "hybrid_score": 0.9607229904143593,
    "std_c_index": 0.0039355131205105285,
    "std_mean_brier": 0.0017231116995752437,
    "std_hybrid": 0.0021697974293131213
  }
}