{
  "trial_id": 69,
  "config": {
    "model_type": "coxnet",
    "model_params": {
      "l1_ratio": 0.6581946213212584,
      "alpha_min_ratio": 0.00047522958047636264,
      "n_alphas": 273,
      "max_iter": 15707,
      "tol": 1.826026639653486e-06
    },
    "seed": 2023,
    "cv_n_splits": 5,
    "cv_n_repeats": 10,
    "preprocessing_config": {
      "eps": 1e-06,
      "min_speed": 0.01,
      "max_hours": 9999.0
    }
  },
  "result": {
    "c_index": 0.9066909572706194,
    "mean_brier": 0.05065697846861213,
    "hybrid_score": 0.9365474022531572,
    "std_c_index": 0.02282401939949675,
    "std_mean_brier": 0.013005086018406496,
    "std_hybrid": 0.014957940224705217
  }
}