{
  "trial_id": 138,
  "config": {
    "model_type": "gbsa",
    "model_params": {
      "loss": "coxph",
      "n_estimators": 299,
      "learning_rate": 0.15365220889493977,
      "subsample": 0.941128959287903,
      "max_depth": 4,
      "max_features": 0.3,
      "max_leaf_nodes": null,
      "min_samples_split": 2,
      "min_samples_leaf": 18,
      "min_weight_fraction_leaf": 0.0,
      "min_impurity_decrease": 0.029073899420137814,
      "criterion": "friedman_mse",
      "ccp_alpha": 8.282135069584687e-05,
      "dropout_rate": 0.09972178421692411,
      "validation_fraction": 0.20187331029107786,
      "n_iter_no_change": 20,
      "tol": 0.00020007545911070163,
      "random_state": 42,
      "warm_start": false,
      "verbose": 0
    },
    "seed": 42,
    "cv_n_splits": 5,
    "cv_n_repeats": 10,
    "preprocessing_config": {
      "eps": 1e-06,
      "min_speed": 0.01,
      "max_hours": 9999.0
    }
  },
  "result": {
    "c_index": 0.9397979463398476,
    "mean_brier": 0.09265921924408647,
    "hybrid_score": 0.9170779304310936,
    "std_c_index": 0.002036660722045448,
    "std_mean_brier": 0.006172365264457886,
    "std_hybrid": 0.004542521189192553
  }
}