{
  "trial_id": 130,
  "config": {
    "model_type": "gbsa",
    "model_params": {
      "loss": "coxph",
      "n_estimators": 208,
      "learning_rate": 0.02318193588150866,
      "subsample": 0.5916527264170337,
      "max_depth": 3,
      "max_features": "sqrt",
      "max_leaf_nodes": 8,
      "min_samples_split": 11,
      "min_samples_leaf": 10,
      "min_weight_fraction_leaf": 0.0,
      "min_impurity_decrease": 0.017644609088863204,
      "criterion": "friedman_mse",
      "ccp_alpha": 0.0001446436794999908,
      "dropout_rate": 0.10165943584484227,
      "validation_fraction": 0.25580294662551145,
      "n_iter_no_change": null,
      "tol": 1.8004251434234638e-05,
      "random_state": 777,
      "warm_start": false,
      "verbose": 0
    },
    "seed": 777,
    "cv_n_splits": 5,
    "cv_n_repeats": 10,
    "preprocessing_config": {
      "eps": 1e-06,
      "min_speed": 0.01,
      "max_hours": 9999.0
    }
  },
  "result": {
    "c_index": 0.9392348459754885,
    "mean_brier": 0.20158503545830322,
    "hybrid_score": 0.8406609289718343,
    "std_c_index": 0.0029688570438392344,
    "std_mean_brier": 0.013685670401511689,
    "std_hybrid": 0.00925604159420499
  }
}