{
  "trial_id": 139,
  "config": {
    "model_type": "coxnet",
    "model_params": {
      "l1_ratio": 0.9699602697006505,
      "alpha_min_ratio": 0.06733395239913466,
      "n_alphas": 278,
      "max_iter": 18132,
      "tol": 9.077844842724968e-05
    },
    "seed": 1024,
    "cv_n_splits": 5,
    "cv_n_repeats": 10,
    "preprocessing_config": {
      "eps": 1e-06,
      "min_speed": 0.01,
      "max_hours": 9999.0
    }
  },
  "result": {
    "c_index": 0.9362371646240477,
    "mean_brier": 0.02568392017101172,
    "hybrid_score": 0.9628924052675062,
    "std_c_index": 0.003469682069235506,
    "std_mean_brier": 0.000801336349408373,
    "std_hybrid": 0.0015046764461169233
  }
}