{
  "trial_id": 182,
  "config": {
    "model_type": "gbsa",
    "model_params": {
      "loss": "coxph",
      "n_estimators": 401,
      "learning_rate": 0.04271103401374789,
      "subsample": 0.5266694182964071,
      "max_depth": 4,
      "max_features": null,
      "max_leaf_nodes": 16,
      "min_samples_split": 8,
      "min_samples_leaf": 13,
      "min_weight_fraction_leaf": 0.0,
      "min_impurity_decrease": 0.0381607379767908,
      "criterion": "friedman_mse",
      "ccp_alpha": 0.016923482628941885,
      "dropout_rate": 0.005503472174036441,
      "validation_fraction": 0.2573650349078725,
      "n_iter_no_change": null,
      "tol": 9.945635821411007e-05,
      "random_state": 777,
      "warm_start": false,
      "verbose": 0
    },
    "seed": 777,
    "cv_n_splits": 5,
    "cv_n_repeats": 10,
    "preprocessing_config": {
      "eps": 1e-06,
      "min_speed": 0.01,
      "max_hours": 9999.0
    }
  },
  "result": {
    "c_index": 0.9387297118251077,
    "mean_brier": 0.04098340992126319,
    "hybrid_score": 0.952930526602648,
    "std_c_index": 0.0022491262989624817,
    "std_mean_brier": 0.0017946596787819793,
    "std_hybrid": 0.0012018849080784762
  }
}