{
  "trial_id": 194,
  "config": {
    "model_type": "coxnet",
    "model_params": {
      "l1_ratio": 0.8005697079423413,
      "alpha_min_ratio": 0.015078015572850807,
      "n_alphas": 191,
      "max_iter": 3140,
      "tol": 1.0584061353477364e-08
    },
    "seed": 42,
    "cv_n_splits": 5,
    "cv_n_repeats": 10,
    "preprocessing_config": {
      "eps": 1e-06,
      "min_speed": 0.01,
      "max_hours": 9999.0
    }
  },
  "result": {
    "c_index": 0.9287098376946009,
    "mean_brier": 0.028979440462202726,
    "hybrid_score": 0.9583273429848382,
    "std_c_index": 0.009053964540238074,
    "std_mean_brier": 0.0028480641206081194,
    "std_hybrid": 0.0046191034999866366
  }
}