{
  "trial_id": 288,
  "config": {
    "model_type": "gbsa",
    "model_params": {
      "loss": "coxph",
      "n_estimators": 458,
      "learning_rate": 0.1831260644953669,
      "subsample": 0.7417148767505213,
      "max_depth": 5,
      "max_features": 0.5,
      "max_leaf_nodes": 63,
      "min_samples_split": 10,
      "min_samples_leaf": 13,
      "min_weight_fraction_leaf": 0.0,
      "min_impurity_decrease": 0.009044187483439384,
      "criterion": "friedman_mse",
      "ccp_alpha": 4.032789244335431e-05,
      "dropout_rate": 0.11587594132232505,
      "validation_fraction": 0.2091725771509905,
      "n_iter_no_change": null,
      "tol": 0.0004246295665690404,
      "random_state": 2023,
      "warm_start": false,
      "verbose": 0
    },
    "seed": 2023,
    "cv_n_splits": 5,
    "cv_n_repeats": 10,
    "preprocessing_config": {
      "eps": 1e-06,
      "min_speed": 0.01,
      "max_hours": 9999.0
    }
  },
  "result": {
    "c_index": 0.9395122557138125,
    "mean_brier": 0.0956121748922262,
    "hybrid_score": 0.9149251542895852,
    "std_c_index": 0.003074956318412368,
    "std_mean_brier": 0.005149771839481818,
    "std_hybrid": 0.003939372860248933
  }
}