{
  "trial_id": 1,
  "config": {
    "model_type": "coxnet",
    "model_params": {
      "l1_ratio": 0.9269970477498947,
      "alpha_min_ratio": 0.015169349339848067,
      "n_alphas": 242,
      "max_iter": 6115,
      "tol": 3.7680544359147612e-06
    },
    "seed": 777,
    "cv_n_splits": 5,
    "cv_n_repeats": 10,
    "preprocessing_config": {
      "eps": 1e-06,
      "min_speed": 0.01,
      "max_hours": 9999.0
    }
  },
  "result": {
    "c_index": 0.9240559788009275,
    "mean_brier": 0.03269329347061743,
    "hybrid_score": 0.954331488210846,
    "std_c_index": 0.012705129913562633,
    "std_mean_brier": 0.005435261724226151,
    "std_hybrid": 0.007083444507860091
  }
}