{
  "trial_id": 175,
  "config": {
    "model_type": "gbsa",
    "model_params": {
      "loss": "coxph",
      "n_estimators": 493,
      "learning_rate": 0.04976235062581148,
      "subsample": 0.6799929641429264,
      "max_depth": 3,
      "max_features": "sqrt",
      "max_leaf_nodes": 31,
      "min_samples_split": 4,
      "min_samples_leaf": 18,
      "min_weight_fraction_leaf": 0.0,
      "min_impurity_decrease": 0.029251889768804634,
      "criterion": "friedman_mse",
      "ccp_alpha": 0.006583890674740506,
      "dropout_rate": 0.04128715025507414,
      "validation_fraction": 0.1195342402770449,
      "n_iter_no_change": 20,
      "tol": 1.0686290683895463e-05,
      "random_state": 42,
      "warm_start": false,
      "verbose": 0
    },
    "seed": 42,
    "cv_n_splits": 5,
    "cv_n_repeats": 10,
    "preprocessing_config": {
      "eps": 1e-06,
      "min_speed": 0.01,
      "max_hours": 9999.0
    }
  },
  "result": {
    "c_index": 0.9178784365684003,
    "mean_brier": 0.1206618801487785,
    "hybrid_score": 0.890900214866375,
    "std_c_index": 0.005702736599472586,
    "std_mean_brier": 0.00640491218882638,
    "std_hybrid": 0.003991453551929197
  }
}