{
  "trial_id": 155,
  "config": {
    "model_type": "gbsa",
    "model_params": {
      "loss": "coxph",
      "n_estimators": 295,
      "learning_rate": 0.18620605108758476,
      "subsample": 0.8923254058860037,
      "max_depth": 4,
      "max_features": 0.3,
      "max_leaf_nodes": 63,
      "min_samples_split": 18,
      "min_samples_leaf": 2,
      "min_weight_fraction_leaf": 0.0,
      "min_impurity_decrease": 0.03314564380111811,
      "criterion": "friedman_mse",
      "ccp_alpha": 9.222470658814395e-06,
      "dropout_rate": 0.038661101964223045,
      "validation_fraction": 0.279347471395199,
      "n_iter_no_change": null,
      "tol": 0.0009494873616112431,
      "random_state": 1024,
      "warm_start": false,
      "verbose": 0
    },
    "seed": 1024,
    "cv_n_splits": 5,
    "cv_n_repeats": 10,
    "preprocessing_config": {
      "eps": 1e-06,
      "min_speed": 0.01,
      "max_hours": 9999.0
    }
  },
  "result": {
    "c_index": 0.9378270950645909,
    "mean_brier": 0.04190899389765185,
    "hybrid_score": 0.952011832791021,
    "std_c_index": 0.0032679199044197624,
    "std_mean_brier": 0.004196973065413878,
    "std_hybrid": 0.003173281657814447
  }
}