{
  "trial_id": 106,
  "config": {
    "model_type": "gbsa",
    "model_params": {
      "loss": "coxph",
      "n_estimators": 304,
      "learning_rate": 0.11021460738980826,
      "subsample": 0.746376736926206,
      "max_depth": 2,
      "max_features": 0.5,
      "max_leaf_nodes": 16,
      "min_samples_split": 3,
      "min_samples_leaf": 3,
      "min_weight_fraction_leaf": 0.0,
      "min_impurity_decrease": 0.037319795043837145,
      "criterion": "friedman_mse",
      "ccp_alpha": 0.029454153344445445,
      "dropout_rate": 0.04521128502976997,
      "validation_fraction": 0.2849547145036655,
      "n_iter_no_change": null,
      "tol": 0.0009522290502615872,
      "random_state": 777,
      "warm_start": false,
      "verbose": 0
    },
    "seed": 777,
    "cv_n_splits": 5,
    "cv_n_repeats": 10,
    "preprocessing_config": {
      "eps": 1e-06,
      "min_speed": 0.01,
      "max_hours": 9999.0
    }
  },
  "result": {
    "c_index": 0.9044385558131832,
    "mean_brier": 0.06747070955659622,
    "hybrid_score": 0.9241020700543375,
    "std_c_index": 0.011491324354193852,
    "std_mean_brier": 0.0029626217379757243,
    "std_hybrid": 0.003940579127470226
  }
}