{
  "trial_id": 38,
  "config": {
    "model_type": "coxnet",
    "model_params": {
      "l1_ratio": 0.3523013510750852,
      "alpha_min_ratio": 0.00014133479723568867,
      "n_alphas": 120,
      "max_iter": 8684,
      "tol": 4.985115673765105e-07
    },
    "seed": 1024,
    "cv_n_splits": 5,
    "cv_n_repeats": 10,
    "preprocessing_config": {
      "eps": 1e-06,
      "min_speed": 0.01,
      "max_hours": 9999.0
    }
  },
  "result": {
    "c_index": 0.9048111957601854,
    "mean_brier": 0.05784308854076964,
    "hybrid_score": 0.9309531967495168,
    "std_c_index": 0.012902422948065559,
    "std_mean_brier": 0.009216370395533637,
    "std_hybrid": 0.007418754844747479
  }
}