{
  "trial_id": 129,
  "config": {
    "model_type": "gbsa",
    "model_params": {
      "loss": "coxph",
      "n_estimators": 274,
      "learning_rate": 0.046478170639405215,
      "subsample": 0.7775451347876171,
      "max_depth": 3,
      "max_features": 0.5,
      "max_leaf_nodes": 8,
      "min_samples_split": 11,
      "min_samples_leaf": 14,
      "min_weight_fraction_leaf": 0.0,
      "min_impurity_decrease": 0.03681433980884403,
      "criterion": "friedman_mse",
      "ccp_alpha": 0.00036050327053884277,
      "dropout_rate": 0.025679005056560567,
      "validation_fraction": 0.15532459367992085,
      "n_iter_no_change": null,
      "tol": 0.00020456479519027811,
      "random_state": 777,
      "warm_start": false,
      "verbose": 0
    },
    "seed": 777,
    "cv_n_splits": 5,
    "cv_n_repeats": 10,
    "preprocessing_config": {
      "eps": 1e-06,
      "min_speed": 0.01,
      "max_hours": 9999.0
    }
  },
  "result": {
    "c_index": 0.9400505134150381,
    "mean_brier": 0.08556560684546174,
    "hybrid_score": 0.9221192292326881,
    "std_c_index": 0.0027126986173105962,
    "std_mean_brier": 0.005417677766655951,
    "std_hybrid": 0.0036484811997140034
  }
}