{
  "trial_id": 70,
  "config": {
    "model_type": "gbsa",
    "model_params": {
      "loss": "coxph",
      "n_estimators": 316,
      "learning_rate": 0.16350061827227802,
      "subsample": 0.8699963580338044,
      "max_depth": 5,
      "max_features": "sqrt",
      "max_leaf_nodes": 63,
      "min_samples_split": 18,
      "min_samples_leaf": 2,
      "min_weight_fraction_leaf": 0.0,
      "min_impurity_decrease": 0.03910928876976852,
      "criterion": "friedman_mse",
      "ccp_alpha": 3.086666903873484e-05,
      "dropout_rate": 0.15539078688577032,
      "validation_fraction": 0.21825544190328072,
      "n_iter_no_change": null,
      "tol": 1.610005184848793e-05,
      "random_state": 777,
      "warm_start": false,
      "verbose": 0
    },
    "seed": 777,
    "cv_n_splits": 5,
    "cv_n_repeats": 10,
    "preprocessing_config": {
      "eps": 1e-06,
      "min_speed": 0.01,
      "max_hours": 9999.0
    }
  },
  "result": {
    "c_index": 0.9393590592911562,
    "mean_brier": 0.12105648215289874,
    "hybrid_score": 0.8970681802803175,
    "std_c_index": 0.003074663610256495,
    "std_mean_brier": 0.009055447477302884,
    "std_hybrid": 0.006411464357351656
  }
}