{
  "trial_id": 248,
  "config": {
    "model_type": "coxnet",
    "model_params": {
      "l1_ratio": 0.9703414635473864,
      "alpha_min_ratio": 0.010727023640962926,
      "n_alphas": 159,
      "max_iter": 17703,
      "tol": 5.658710690247282e-07
    },
    "seed": 42,
    "cv_n_splits": 5,
    "cv_n_repeats": 10,
    "preprocessing_config": {
      "eps": 1e-06,
      "min_speed": 0.01,
      "max_hours": 9999.0
    }
  },
  "result": {
    "c_index": 0.927550513415038,
    "mean_brier": 0.0317018882688528,
    "hybrid_score": 0.9560738322363143,
    "std_c_index": 0.009046993942162438,
    "std_mean_brier": 0.0032990951271310407,
    "std_hybrid": 0.004715418387417823
  }
}