{
  "trial_id": 123,
  "config": {
    "model_type": "gbsa",
    "model_params": {
      "loss": "coxph",
      "n_estimators": 342,
      "learning_rate": 0.012863031598777726,
      "subsample": 0.6289381889832593,
      "max_depth": 6,
      "max_features": null,
      "max_leaf_nodes": 16,
      "min_samples_split": 12,
      "min_samples_leaf": 20,
      "min_weight_fraction_leaf": 0.0,
      "min_impurity_decrease": 0.040499385969021334,
      "criterion": "friedman_mse",
      "ccp_alpha": 3.847742816508395e-06,
      "dropout_rate": 0.13628988684705984,
      "validation_fraction": 0.15164664431434124,
      "n_iter_no_change": null,
      "tol": 0.0005408958205115957,
      "random_state": 2023,
      "warm_start": false,
      "verbose": 0
    },
    "seed": 2023,
    "cv_n_splits": 5,
    "cv_n_repeats": 10,
    "preprocessing_config": {
      "eps": 1e-06,
      "min_speed": 0.01,
      "max_hours": 9999.0
    }
  },
  "result": {
    "c_index": 0.9147813845644255,
    "mean_brier": 0.22409841794655624,
    "hybrid_score": 0.8175655228067382,
    "std_c_index": 0.006549988502301378,
    "std_mean_brier": 0.011220650152565702,
    "std_hybrid": 0.008329953576421176
  }
}