{
  "trial_id": 270,
  "config": {
    "model_type": "coxnet",
    "model_params": {
      "l1_ratio": 0.9649734106370366,
      "alpha_min_ratio": 0.03016573131407954,
      "n_alphas": 187,
      "max_iter": 19389,
      "tol": 2.7266577398844535e-07
    },
    "seed": 777,
    "cv_n_splits": 5,
    "cv_n_repeats": 10,
    "preprocessing_config": {
      "eps": 1e-06,
      "min_speed": 0.01,
      "max_hours": 9999.0
    }
  },
  "result": {
    "c_index": 0.9304157005631003,
    "mean_brier": 0.02796030834937131,
    "hybrid_score": 0.9595524943243703,
    "std_c_index": 0.006315342883994163,
    "std_mean_brier": 0.0028991185327104114,
    "std_hybrid": 0.00355521262384741
  }
}