{
  "trial_id": 276,
  "config": {
    "model_type": "gbsa",
    "model_params": {
      "loss": "coxph",
      "n_estimators": 351,
      "learning_rate": 0.07372553649836441,
      "subsample": 0.6490942552973671,
      "max_depth": 4,
      "max_features": 1.0,
      "max_leaf_nodes": 63,
      "min_samples_split": 7,
      "min_samples_leaf": 18,
      "min_weight_fraction_leaf": 0.0,
      "min_impurity_decrease": 0.01662857180256465,
      "criterion": "friedman_mse",
      "ccp_alpha": 0.002111818583195997,
      "dropout_rate": 0.08267366035063861,
      "validation_fraction": 0.24138947978522446,
      "n_iter_no_change": null,
      "tol": 0.0001250755189753152,
      "random_state": 2023,
      "warm_start": false,
      "verbose": 0
    },
    "seed": 2023,
    "cv_n_splits": 5,
    "cv_n_repeats": 10,
    "preprocessing_config": {
      "eps": 1e-06,
      "min_speed": 0.01,
      "max_hours": 9999.0
    }
  },
  "result": {
    "c_index": 0.9356243789334217,
    "mean_brier": 0.1352162467099618,
    "hybrid_score": 0.8860359409830533,
    "std_c_index": 0.005526082755632271,
    "std_mean_brier": 0.0065188473148543105,
    "std_hybrid": 0.005126648507044006
  }
}