{
  "trial_id": 130,
  "config": {
    "model_type": "coxnet",
    "model_params": {
      "l1_ratio": 0.8604802103429949,
      "alpha_min_ratio": 0.08366176257559975,
      "n_alphas": 189,
      "max_iter": 13688,
      "tol": 2.7504744949844054e-06
    },
    "seed": 777,
    "cv_n_splits": 5,
    "cv_n_repeats": 10,
    "preprocessing_config": {
      "eps": 1e-06,
      "min_speed": 0.01,
      "max_hours": 9999.0
    }
  },
  "result": {
    "c_index": 0.936808545876118,
    "mean_brier": 0.026062656267281735,
    "hybrid_score": 0.9627987043757379,
    "std_c_index": 0.0028739452807357096,
    "std_mean_brier": 0.0005091431580758403,
    "std_hybrid": 0.0010984698063443682
  }
}