{
  "trial_id": 13,
  "config": {
    "model_type": "coxnet",
    "model_params": {
      "l1_ratio": 0.9398133144721743,
      "alpha_min_ratio": 0.06431042044592993,
      "n_alphas": 57,
      "max_iter": 19595,
      "tol": 3.5667518179080192e-06
    },
    "seed": 2023,
    "cv_n_splits": 5,
    "cv_n_repeats": 10,
    "preprocessing_config": {
      "eps": 1e-06,
      "min_speed": 0.01,
      "max_hours": 9999.0
    }
  },
  "result": {
    "c_index": 0.9358810864524678,
    "mean_brier": 0.025730752562219284,
    "hybrid_score": 0.9627527991421868,
    "std_c_index": 0.0024911712585415223,
    "std_mean_brier": 0.0008777955608646559,
    "std_hybrid": 0.0012095013639730082
  }
}