{
  "trial_id": 141,
  "config": {
    "model_type": "gbsa",
    "model_params": {
      "loss": "coxph",
      "n_estimators": 223,
      "learning_rate": 0.19874251612263155,
      "subsample": 0.5618688917464789,
      "max_depth": 3,
      "max_features": "log2",
      "max_leaf_nodes": 63,
      "min_samples_split": 3,
      "min_samples_leaf": 8,
      "min_weight_fraction_leaf": 0.0,
      "min_impurity_decrease": 0.020375770976605565,
      "criterion": "friedman_mse",
      "ccp_alpha": 2.643111822587142e-06,
      "dropout_rate": 0.06953627737326694,
      "validation_fraction": 0.25989311992590464,
      "n_iter_no_change": 20,
      "tol": 0.0015501845646837878,
      "random_state": 2023,
      "warm_start": false,
      "verbose": 0
    },
    "seed": 2023,
    "cv_n_splits": 5,
    "cv_n_repeats": 10,
    "preprocessing_config": {
      "eps": 1e-06,
      "min_speed": 0.01,
      "max_hours": 9999.0
    }
  },
  "result": {
    "c_index": 0.9370114276250414,
    "mean_brier": 0.06986541702289104,
    "hybrid_score": 0.9321976363714887,
    "std_c_index": 0.0034066594788339415,
    "std_mean_brier": 0.005791416628171895,
    "std_hybrid": 0.0043772802758944886
  }
}