{
  "trial_id": 35,
  "config": {
    "model_type": "coxnet",
    "model_params": {
      "l1_ratio": 0.9132116183601032,
      "alpha_min_ratio": 0.08184765365207924,
      "n_alphas": 135,
      "max_iter": 17602,
      "tol": 5.475881170080925e-07
    },
    "seed": 777,
    "cv_n_splits": 5,
    "cv_n_repeats": 10,
    "preprocessing_config": {
      "eps": 1e-06,
      "min_speed": 0.01,
      "max_hours": 9999.0
    }
  },
  "result": {
    "c_index": 0.9366346472341835,
    "mean_brier": 0.02571408983758733,
    "hybrid_score": 0.9629905312839439,
    "std_c_index": 0.0033247119626695796,
    "std_mean_brier": 0.000523949485419631,
    "std_hybrid": 0.0012557009060469074
  }
}