{
  "trial_id": 100,
  "config": {
    "model_type": "gbsa",
    "model_params": {
      "loss": "coxph",
      "n_estimators": 389,
      "learning_rate": 0.16589269167987203,
      "subsample": 0.5116829985755491,
      "max_depth": 2,
      "max_features": 0.3,
      "max_leaf_nodes": 8,
      "min_samples_split": 13,
      "min_samples_leaf": 14,
      "min_weight_fraction_leaf": 0.0,
      "min_impurity_decrease": 0.007213204568150545,
      "criterion": "friedman_mse",
      "ccp_alpha": 0.004509287739576182,
      "dropout_rate": 0.04466178272143631,
      "validation_fraction": 0.22207486522669248,
      "n_iter_no_change": null,
      "tol": 3.2980181582295206e-05,
      "random_state": 2023,
      "warm_start": false,
      "verbose": 0
    },
    "seed": 2023,
    "cv_n_splits": 5,
    "cv_n_repeats": 10,
    "preprocessing_config": {
      "eps": 1e-06,
      "min_speed": 0.01,
      "max_hours": 9999.0
    }
  },
  "result": {
    "c_index": 0.938597217621729,
    "mean_brier": 0.052332233998360934,
    "hybrid_score": 0.944946601487666,
    "std_c_index": 0.004168380413190536,
    "std_mean_brier": 0.0035801071287793946,
    "std_hybrid": 0.0032955538043268773
  }
}