{
  "trial_id": 221,
  "config": {
    "model_type": "coxnet",
    "model_params": {
      "l1_ratio": 0.9048115451123923,
      "alpha_min_ratio": 0.033926180820593566,
      "n_alphas": 261,
      "max_iter": 15731,
      "tol": 1.0918610363088653e-05
    },
    "seed": 777,
    "cv_n_splits": 5,
    "cv_n_repeats": 10,
    "preprocessing_config": {
      "eps": 1e-06,
      "min_speed": 0.01,
      "max_hours": 9999.0
    }
  },
  "result": {
    "c_index": 0.9329248095395826,
    "mean_brier": 0.027520076278785867,
    "hybrid_score": 0.9606133894667245,
    "std_c_index": 0.0036345456705783852,
    "std_mean_brier": 0.002677044825920082,
    "std_hybrid": 0.0024595950648471435
  }
}