{
  "trial_id": 50,
  "config": {
    "model_type": "coxnet",
    "model_params": {
      "l1_ratio": 0.8761919017799267,
      "alpha_min_ratio": 0.006464508980357017,
      "n_alphas": 289,
      "max_iter": 18634,
      "tol": 7.858398105622326e-05
    },
    "seed": 2023,
    "cv_n_splits": 5,
    "cv_n_repeats": 10,
    "preprocessing_config": {
      "eps": 1e-06,
      "min_speed": 0.01,
      "max_hours": 9999.0
    }
  },
  "result": {
    "c_index": 0.9199900629347466,
    "mean_brier": 0.035199306974020114,
    "hybrid_score": 0.95135750399861,
    "std_c_index": 0.016065041677177903,
    "std_mean_brier": 0.006191283249790897,
    "std_hybrid": 0.008813425042950008
  }
}