{
  "trial_id": 17,
  "config": {
    "model_type": "coxnet",
    "model_params": {
      "l1_ratio": 0.6415143142258527,
      "alpha_min_ratio": 0.019280328060269226,
      "n_alphas": 57,
      "max_iter": 19143,
      "tol": 2.184834286820719e-06
    },
    "seed": 1024,
    "cv_n_splits": 5,
    "cv_n_repeats": 10,
    "preprocessing_config": {
      "eps": 1e-06,
      "min_speed": 0.01,
      "max_hours": 9999.0
    }
  },
  "result": {
    "c_index": 0.9311526995693938,
    "mean_brier": 0.02865553318212228,
    "hybrid_score": 0.9592869366433325,
    "std_c_index": 0.004236092944758607,
    "std_mean_brier": 0.002776800759455512,
    "std_hybrid": 0.0029041674229133346
  }
}